generation,median_fitness,fitness_25perc,fitness_75perc
0,-268.9104278785069,-269.0861144193788,-268.74128439855355
1,-269.26180096025075,-305.52310097452886,-268.9104278785069
2,-266.3998417273362,-305.7185560757679,-212.54313432049494
3,-266.3998417273362,-305.7185560757679,-183.99609304266409
4,-239.0833763276789,-266.52451404009463,-164.96550225748578
5,-159.64674228191421,-201.40614045504913,-156.75610511409454
6,-156.944507110112,-196.8847894392541,-156.69373488348455
7,-156.8177676972458,-195.5353789766348,-150.7254996518102
8,-156.8177676972458,-195.5353789766348,-148.14873603685817
9,-148.3445462030435,-166.75054927520716,-146.545573097416
10,-145.42295630575092,-166.2314983166417,-141.52558183861038
11,-144.97174739546494,-162.872993900027,-133.88777061357342
12,-141.90563401037355,-162.3174547867618,-133.88777061357342
13,-141.38027485703736,-156.29586665494122,-130.26629758968662
14,-141.01687938941456,-150.78401288476886,-130.26629758968662
15,-137.22961144050396,-149.62158679306373,-130.26629758968662
16,-135.2192182313389,-148.83166460550774,-129.52796409516867
17,-131.12577370046148,-147.87676204921829,-128.89436412900886
18,-131.0821896769164,-137.55186945542937,-128.8564517357839
19,-129.04590544290562,-134.5434473393385,-126.35557311065274
20,-127.65146968360068,-130.77826139318285,-126.41243019859462
21,-124.41215840462075,-127.42372888635005,-119.55375984413998
22,-121.77961145076128,-126.2107315524476,-119.45784862983913
23,-121.0336221149919,-124.23618946409422,-116.80540413763177
24,-120.84179968639022,-122.52560078653066,-115.7304762110149
25,-122.52560078653066,-122.52560078653066,-118.30258154625916
26,-120.18652909332238,-120.93771090069106,-115.08371260417626
27,-120.18652909332238,-120.93771090069106,-115.08371260417626
28,-118.4590711620675,-120.93771090069106,-112.33920912620692
29,-118.4590711620675,-120.93771090069106,-108.83892083657761
30,-117.48534892047685,-120.93771090069106,-108.41058610658132
31,-114.92143109398779,-120.84179968639022,-107.51977753589574
32,-114.92143109398779,-120.32692921418749,-107.51977753589574
33,-116.29928726601528,-120.488453235988,-106.83497793523989
34,-113.97158703581088,-119.57030645205501,-106.78190595563458
35,-112.3567242035665,-119.57030645205501,-106.78190595563458
36,-112.3567242035665,-119.57030645205501,-106.78190595563458
37,-110.40957552761293,-117.64183894310528,-106.5814408903759
38,-108.95483952409421,-112.25763734367054,-104.55851508270324
39,-110.19474557412813,-116.76659605826322,-105.6597529976691
40,-110.19474557412813,-116.76659605826322,-105.1815849504199
41,-110.19474557412813,-116.21027007187132,-105.06697103422943
42,-108.52517961712462,-114.89272582913773,-105.63258290608111
43,-106.76380664978447,-113.57518158640413,-104.99945028729246
44,-106.76380664978447,-111.86431153113165,-105.16548066226403
45,-108.61784126612446,-116.11193861873659,-104.05826335613001
46,-105.77875812653997,-114.69606292286828,-103.97686105302046
47,-106.54051202755701,-115.38328602864532,-102.08766114758748
48,-106.54051202755701,-115.38328602864532,-102.08766114758748
49,-106.54051202755701,-115.30665743108645,-101.74822390687706
50,-107.50490021517223,-113.84289881884474,-102.88730949200604
51,-106.54051202755701,-112.37914020660304,-103.98639749831166
52,-107.50490021517223,-113.84289881884474,-102.37223017817615
53,-105.16548066226403,-113.00439134937602,-102.37223017817615
54,-105.16548066226403,-109.2383666554239,-104.52654560162905
55,-105.16548066226403,-109.2383666554239,-104.52654560162905
56,-105.16548066226403,-109.2383666554239,-102.37223017817615
57,-105.16548066226403,-109.2383666554239,-102.37223017817615
58,-105.16548066226403,-109.2383666554239,-100.21791475472327
59,-104.79315808282357,-109.2383666554239,-101.1984616502186
60,-104.4208355033831,-109.2383666554239,-102.17900854571394
61,-104.14010233670462,-108.91244579737034,-104.14010233670462
62,-104.43165197420386,-110.84726991238671,-101.02085558662722
63,-104.43165197420386,-110.84726991238671,-101.02085558662722
64,-104.43165197420386,-110.84726991238671,-101.02085558662722
65,-104.00805558041735,-109.17573743614523,-100.79827804195415
66,-103.57364271581008,-109.0879735565536,-99.90753745865216
67,-103.57364271581008,-108.16271662548365,-99.90753745865216
68,-103.57364271581008,-107.52866807912774,-99.90753745865216
69,-103.57364271581008,-107.96237638828002,-101.13058569999271
70,-103.57364271581008,-107.42317892512942,-101.54730668592315
71,-103.57364271581008,-106.67301649645562,-102.05389069339488
72,-103.57364271581008,-103.57364271581008,-103.43481908419699
73,-103.57364271581008,-103.57364271581008,-103.57364271581008
74,-103.49399957483232,-108.77731609406769,-100.22573140787978
75,-103.31018532681657,-108.77731609406769,-100.22573140787978
76,-103.18555156943614,-108.29113087239853,-100.6662565005609
77,-103.13102040544344,-108.29113087239853,-98.52393090971522
78,-102.3258697867648,-107.80494565072935,-97.26265550423177
79,-102.3258697867648,-107.80494565072935,-97.26265550423177
80,-103.13102040544344,-107.31876042906018,-97.26265550423177
81,-103.13102040544344,-105.25446281774634,-98.5180486968484
82,-101.52071916808616,-107.31876042906018,-97.26265550423177
83,-101.52071916808616,-107.31876042906018,-97.26265550423177
84,-102.19153591420158,-106.28661162340326,-97.26265550423177
85,-102.19153591420158,-106.05395914217135,-97.26265550423177
86,-103.06344119903484,-108.15201869964696,-99.85619243865125
87,-103.04576033886325,-108.70776000769192,-99.12447334329272
88,-103.04576033886325,-108.70776000769192,-99.10706106477666
89,-103.03353956939006,-107.59627739160202,-100.5356746984616
90,-103.03353956939006,-107.04053608355707,-101.24998151530409
91,-103.03353956939006,-107.04053608355707,-101.24998151530409
92,-103.03353956939006,-107.04053608355707,-101.24998151530409
93,-102.13952221291694,-107.07950821034825,-100.5356746984616
94,-101.24998151530409,-107.00816457457015,-98.26097316116363
95,-101.24998151530409,-106.02061870801171,-98.26097316116363
96,-101.24998151530409,-106.01289204343689,-98.26097316116363
97,-101.24998151530409,-105.71182270665852,-98.26097316116363
98,-100.66750913354926,-106.74643357725486,-97.7919764157409
99,-100.66750913354926,-106.74643357725486,-97.7919764157409
100,-100.66750913354926,-106.74643357725486,-97.7919764157409
101,-102.49586554471662,-105.62193446429616,-97.72163687994208
102,-102.49586554471662,-105.30276470419668,-96.38498617947272
103,-102.49586554471662,-104.36582945033302,-96.83053641296252
104,-102.49586554471662,-103.92988000300083,-97.27025501665128
105,-100.66125809807531,-105.24269639630401,-95.66213269339337
106,-102.48336347376869,-104.80177889766523,-96.38498617947272
107,-102.48336347376869,-104.7689634395895,-98.83915272238191
108,-102.14447737990442,-105.68858194624939,-98.31811103800025
109,-101.80503937596266,-105.68858194624939,-98.26249704432955
110,-101.7802335871499,-104.52679784407454,-98.43956245747083
111,-101.7802335871499,-104.49534066075276,-98.43956245747083
112,-101.7802335871499,-103.74520370122282,-98.53186106672962
113,-101.4978611348331,-104.94535599435427,-97.917277755425
114,-101.4978611348331,-104.94535599435427,-97.917277755425
115,-101.4978611348331,-104.94535599435427,-97.917277755425
116,-101.4978611348331,-104.94535599435427,-97.917277755425
117,-101.4978611348331,-104.94535599435427,-97.90298675808458
118,-101.49721103069699,-103.34646966668082,-97.90298675808458
119,-101.16457689661854,-103.2293353583515,-98.19598741639646
120,-101.16457689661854,-103.1122010500222,-97.60998609977271
121,-101.16457689661854,-103.1122010500222,-97.60998609977271
122,-101.16457689661854,-103.2293353583515,-97.8481020639548
123,-101.03576981836542,-103.34646966668082,-97.38007767584091
124,-100.94706105479469,-103.34646966668082,-97.38007767584091
125,-100.9354658475811,-103.1122010500222,-96.30456755551467
126,-100.9354658475811,-102.99506674169288,-96.49904358266308
127,-100.9354658475811,-102.99506674169288,-96.49904358266308
128,-100.9354658475811,-103.10901920518256,-96.12963291230295
129,-98.56761375503794,-103.10901920518256,-96.12963291230295
130,-98.56761375503794,-102.73340297638153,-96.12963291230295
131,-100.10074543562928,-102.25201514297136,-94.6137189386632
132,-100.10074543562928,-101.34495178715989,-94.88346558403346
133,-99.56530694384577,-101.79581078514977,-94.74553026684438
134,-99.56530694384577,-101.79581078514977,-94.74553026684438
135,-99.56530694384577,-101.79581078514977,-94.74553026684438
136,-95.02140090122255,-100.88607474942243,-94.4696596324662
137,-99.56530694384577,-101.79581078514977,-94.73555139030346
138,-99.56530694384577,-101.79581078514977,-94.73555139030346
139,-99.56530694384577,-101.79581078514977,-94.73555139030346
140,-99.56530694384577,-101.79581078514977,-94.73555139030346
141,-99.56530694384577,-101.79581078514977,-94.73555139030346
142,-97.29335392253415,-101.3337953747903,-94.878476145763
143,-100.09681189517548,-100.87654489276137,-95.02140090122255
144,-100.09681189517548,-100.87654489276137,-95.02140090122255
145,-100.75636441008709,-101.3337953747903,-94.83196405978813
146,-100.87654489276137,-100.87654489276137,-96.10096969602037
147,-100.87654489276137,-100.87654489276137,-99.52572442431332
148,-100.87654489276137,-100.87654489276137,-100.58102818200751
149,-100.87654489276137,-100.87654489276137,-100.87654489276137
150,-99.52572442431332,-101.74699655692902,-94.62723785422891
151,-99.52572442431332,-101.74699655692902,-94.62723785422891
152,-97.1652491266934,-101.22721526967419,-94.36299940071251
153,-97.1652491266934,-101.22721526967419,-94.36299940071251
154,-97.16393557925511,-100.73443808593989,-94.18959444336882
155,-99.89968194253424,-100.73443808593989,-94.18959444336882
156,-100.27626655563175,-101.22721526967419,-94.62030798630937
157,-100.27626655563175,-101.22721526967419,-94.62030798630937
158,-100.23899692721602,-101.71999245340848,-94.56343928400103
159,-100.48671750657795,-101.22721526967419,-94.62030798630937
160,-100.23899692721602,-100.73443808593989,-94.20406184724393
161,-94.6771766886177,-100.72407679885863,-93.9584218151035
162,-94.6771766886177,-100.72407679885863,-93.9584218151035
163,-94.56343928400103,-100.72407679885863,-93.9584218151035
164,-100.06403282680122,-101.21944430436325,-94.62030798630937
165,-100.72407679885863,-100.72407679885863,-96.94792501430443
166,-99.31133109736749,-102.19146374717863,-94.5065705816927
167,-99.31133109736749,-102.19146374717863,-94.5065705816927
168,-99.2950435327742,-102.19146374717863,-94.5065705816927
169,-99.2950435327742,-102.1904774940708,-94.5065705816927
170,-99.37141372555723,-101.67540816726452,-94.56343928400103
171,-99.2950435327742,-102.18307443991016,-94.5065705816927
172,-99.2950435327742,-102.18307443991016,-94.5065705816927
173,-97.71060181187737,-100.06357433975785,-94.0214114868088
174,-97.71060181187737,-100.06357433975785,-94.0214114868088
175,-97.71060181187737,-100.06357433975785,-94.0214114868088
176,-97.71060181187737,-100.06357433975785,-94.0214114868088
177,-97.71060181187737,-100.06357433975785,-94.0214114868088
178,-99.21867333999116,-100.44667661803885,-94.23999988741177
179,-97.71060181187737,-100.2942945444914,-93.80282308620583
180,-97.71060181187737,-100.2942945444914,-93.80282308620583
181,-96.20221484000719,-100.2942945444914,-93.80282308620583
182,-96.20221484000719,-100.2942945444914,-93.80282308620583
183,-96.20221484000719,-100.2942945444914,-93.80282308620583
184,-97.71044408999917,-100.2942945444914,-94.0214114868088
185,-99.27715649025563,-100.40426537531171,-94.6771766886177
186,-99.27715649025563,-100.40426537531171,-94.6771766886177
187,-98.74144897141937,-100.40426537531171,-94.6771766886177
188,-99.54732217684383,-100.40426537531171,-94.6771766886177
189,-99.87597101369653,-100.40426537531171,-94.6771766886177
190,-94.6771766886177,-98.98006115570527,-93.28094415190391
191,-94.67202332025327,-99.21867333999116,-93.11317266802723
192,-95.40732375359556,-99.3829977584175,-92.60420866688372
193,-95.40732375359556,-99.71164659527018,-91.79822200561345
194,-96.14262418693784,-99.87597101369653,-92.56057781098976
195,-95.40732375359556,-99.71164659527018,-91.78367838698213
196,-95.40732375359556,-99.87597101369653,-91.78367838698213
197,-96.14262418693784,-100.38567359801283,-92.56057781098976
198,-96.14262418693784,-100.38567359801283,-91.39522867497831
199,-97.17624424083381,-100.38567359801283,-92.17212809898595
200,-100.38567359801283,-100.38567359801283,-96.65943421388582
201,-100.38567359801283,-100.38567359801283,-96.65943421388582
202,-100.38567359801283,-100.38567359801283,-97.17624424083381
203,-100.38567359801283,-100.38567359801283,-97.17624424083381
204,-100.38567359801283,-100.38567359801283,-97.7202344218407
205,-100.38567359801283,-100.38567359801283,-98.62172608511136
206,-100.38567359801283,-100.38567359801283,-98.62172608511136
207,-100.38567359801283,-100.38567359801283,-98.88809422465005
208,-96.14262418693784,-97.17624424083381,-96.14262418693784
209,-96.14262418693784,-97.46845639865697,-96.14262418693784
210,-96.14262418693784,-97.46845639865697,-96.14262418693784
211,-96.14262418693784,-98.1955081594224,-96.14262418693784
212,-96.14262418693784,-98.63034776236468,-96.14262418693784
213,-96.14262418693784,-96.14262418693784,-96.14262418693784
214,-96.14262418693784,-96.65943421388582,-96.14262418693784
215,-96.14262418693784,-96.40102920041183,-96.14262418693784
216,-96.14262418693784,-96.14262418693784,-96.14262418693784
217,-96.14262418693784,-96.14262418693784,-96.14262418693784
218,-96.14262418693784,-96.14262418693784,-96.14262418693784
219,-96.14262418693784,-96.14262418693784,-96.14262418693784
220,-96.14262418693784,-96.14262418693784,-96.14262418693784
221,-96.14262418693784,-96.14262418693784,-96.14262418693784
222,-96.14262418693784,-96.14262418693784,-96.14262418693784
223,-96.14262418693784,-96.14262418693784,-96.14262418693784
224,-96.14262418693784,-96.14262418693784,-96.14262418693784
225,-96.14262418693784,-96.14262418693784,-96.14262418693784
226,-96.14262418693784,-96.14262418693784,-96.14262418693784
227,-96.14262418693784,-96.14262418693784,-96.14262418693784
228,-96.14262418693784,-96.14262418693784,-96.14262418693784
229,-96.14262418693784,-96.14262418693784,-96.14262418693784
230,-96.14262418693784,-96.14262418693784,-96.14262418693784
231,-96.14262418693784,-96.14262418693784,-96.14262418693784
232,-96.14262418693784,-96.14262418693784,-96.14262418693784
233,-96.14262418693784,-96.14262418693784,-96.14262418693784
234,-96.14262418693784,-96.14262418693784,-96.14262418693784
235,-96.14262418693784,-96.14262418693784,-96.14262418693784
236,-96.14262418693784,-96.14262418693784,-96.14262418693784
237,-96.14262418693784,-96.14262418693784,-96.14262418693784
238,-96.14262418693784,-96.14262418693784,-96.14262418693784
239,-96.14262418693784,-96.14262418693784,-96.14262418693784
240,-96.14262418693784,-96.14262418693784,-96.14262418693784
241,-96.14262418693784,-96.14262418693784,-96.14262418693784
242,-96.14262418693784,-96.14262418693784,-96.14262418693784
243,-96.14262418693784,-96.14262418693784,-96.14262418693784
244,-96.14262418693784,-96.14262418693784,-96.14262418693784
245,-96.14262418693784,-96.14262418693784,-96.14262418693784
246,-96.14262418693784,-96.14262418693784,-96.14262418693784
247,-96.14262418693784,-96.14262418693784,-96.14262418693784
248,-96.14262418693784,-96.14262418693784,-96.14262418693784
249,-96.14262418693784,-96.14262418693784,-96.14262418693784
250,-96.14262418693784,-96.14262418693784,-96.14262418693784
251,-96.14262418693784,-96.14262418693784,-96.14262418693784
252,-96.14262418693784,-96.14262418693784,-96.14262418693784
253,-96.14262418693784,-96.14262418693784,-96.14262418693784
254,-96.14262418693784,-96.14262418693784,-96.14262418693784
255,-96.14262418693784,-96.14262418693784,-96.14262418693784
256,-96.14262418693784,-96.14262418693784,-96.14262418693784
257,-96.14262418693784,-96.14262418693784,-96.14262418693784
258,-96.14262418693784,-96.14262418693784,-96.14262418693784
259,-96.14262418693784,-96.14262418693784,-96.14262418693784
260,-96.14262418693784,-96.14262418693784,-96.14262418693784
261,-96.14262418693784,-96.14262418693784,-96.14262418693784
262,-96.14262418693784,-96.14262418693784,-96.14262418693784
263,-96.25852213210247,-96.82343333035733,-95.15628867241749
264,-96.25852213210247,-96.25852213210247,-96.1033706962365
265,-96.25852213210247,-96.25852213210247,-96.1033706962365
266,-96.25852213210247,-96.25852213210247,-96.11944055495641
267,-96.25852213210247,-96.25852213210247,-96.13551041367634
268,-96.25852213210247,-96.25852213210247,-96.13551041367634
269,-96.25852213210247,-96.25852213210247,-96.13551041367634
270,-96.25852213210247,-96.25852213210247,-96.13551041367634
271,-96.25852213210247,-96.25852213210247,-96.13551041367634
272,-96.25852213210247,-96.25852213210247,-96.13551041367634
273,-96.25852213210247,-96.25852213210247,-96.13551041367634
274,-96.25852213210247,-96.25852213210247,-96.13551041367634
275,-96.25852213210247,-96.25852213210247,-96.25852213210247
276,-96.25852213210247,-96.25852213210247,-96.25852213210247
277,-96.25852213210247,-96.25852213210247,-96.25852213210247
278,-96.25852213210247,-96.25852213210247,-96.25852213210247
279,-96.25852213210247,-96.25852213210247,-96.25852213210247
280,-96.25852213210247,-96.25852213210247,-96.25852213210247
281,-96.25852213210247,-96.25852213210247,-96.25852213210247
282,-96.25852213210247,-96.25852213210247,-96.25852213210247
283,-96.25852213210247,-96.25852213210247,-96.25852213210247
284,-96.25852213210247,-96.25852213210247,-96.25852213210247
285,-96.13526395861018,-97.35831601166322,-92.17839750507
286,-96.13526395861018,-97.35831601166322,-92.17839750507
287,-96.13526395861018,-97.35831601166322,-92.17839750507
288,-95.14961427902756,-97.32916548507401,-90.51463009913974
289,-95.14961427902756,-97.32916548507401,-90.51463009913974
290,-94.16396459944494,-97.30001495848482,-90.57932314568768
291,-95.14961427902756,-97.03409306640356,-90.57932314568768
292,-94.16396459944494,-96.76817117432229,-90.44939415170724
293,-93.97071823194861,-96.23632739015976,-90.38442965471702
294,-93.97071823194861,-96.23632739015976,-90.38442965471702
295,-94.16396459944494,-96.23632739015976,-90.44939415170724
296,-95.14961427902756,-96.23632739015976,-90.57932314568768
297,-96.13526395861018,-96.23632739015976,-90.57932314568768
298,-96.13526395861018,-96.23632739015976,-90.57932314568768
299,-96.23632739015976,-96.23632739015976,-90.57932314568768
300,-96.23632739015976,-96.23632739015976,-90.57932314568768
