ave_fitness	ave_genome_length	ave_tree_depth	ave_tree_nodes	ave_used_codons	best_fitness	gen	invalids	max_genome_length	max_tree_depth	max_tree_nodes	max_used_codons	min_genome_length	min_tree_depth	min_tree_nodes	min_used_codons	runtime_error	time_adjust	time_taken	total_inds	total_time	unique_inds	unused_search	
-5468234.455364902	100.0	12.297872340425531	290.7659574468085	176.29787234042553	-244.81875042095774	0	33	100	18.0	542.0	334.0	100	9.0	131.0	79.0	0	0	24.042659759521484	80	24.042659759521484	47	41.25	
-3233572.704273263	100.0	11.95	322.95	195.28333333333333	-244.81875042095774	1	53	154	16.0	848.0	507.0	46	9.0	116.0	72.0	0	0	22.978010892868042	160	47.020670652389526	103	35.625	
-1703862.5291809854	101.3125	12.37037037037037	314.8333333333333	191.85185185185185	-214.80598289805513	2	79	231	19.0	521.0	321.0	12	9.0	122.0	75.0	0	0	16.837077856063843	240	63.85774850845337	153	36.25000000000001	
-2400178.77806996	102.75	11.727272727272727	303.4727272727273	182.8181818181818	-184.89466905176099	3	104	188	21.0	521.0	321.0	29	9.0	119.0	73.0	0	0	39.1580126285553	320	103.01576113700867	204	36.25000000000001	
-2000138.6198705833	103.1	11.981132075471699	333.75471698113205	200.1320754716981	-170.2328824458817	4	131	171	24.0	536.0	328.0	51	9.0	164.0	101.0	0	0	50.61369347572327	400	153.62945461273193	253	36.75000000000001	
-1519426.3237269355	101.4875	12.0	364.3076923076923	218.48076923076923	-141.44921660054993	5	159	175	20.0	890.0	545.0	25	10.0	173.0	105.0	0	0	61.344550132751465	480	214.9740047454834	301	37.291666666666664	
-2021971.9712558025	104.5875	12.043478260869565	379.4782608695652	226.17391304347825	-131.43398922595134	6	193	208	17.0	584.0	356.0	39	7.0	98.0	60.0	0	0	63.39712142944336	560	278.37112617492676	342	38.92857142857142	
-1980931.5324997301	118.8	12.326923076923077	366.7307692307692	220.42307692307693	-131.43398922595134	7	221	283	20.0	872.0	531.0	29	10.0	176.0	108.0	0	0	43.59651517868042	640	321.9676413536072	390	39.0625	
-1285821.3904147062	119.975	12.571428571428571	398.1607142857143	237.30357142857142	-123.11198698322659	8	245	222	18.0	629.0	387.0	63	9.0	167.0	103.0	0	0	65.08528900146484	720	387.052930355072	442	38.61111111111111	
-1879469.4891724468	133.3875	12.844827586206897	401.7758620689655	241.0	-123.11198698322659	9	267	234	24.0	842.0	518.0	41	10.0	203.0	124.0	0	0	73.0272421836853	800	460.0801725387573	496	38.0	
-2615499.0326856244	132.9875	12.288461538461538	357.61538461538464	214.25	-121.87633680268773	10	295	234	18.0	623.0	382.0	69	10.0	164.0	101.0	0	0	54.231541872024536	880	514.3117144107819	544	38.18181818181819	
-2559446.0547781372	134.9875	12.169491525423728	354.3728813559322	213.4406779661017	-121.87633680268773	11	316	289	18.0	950.0	574.0	30	8.0	149.0	90.0	0	0	42.30188059806824	960	556.6135950088501	598	37.708333333333336	
-2672378.179748061	157.25	12.852459016393443	367.7049180327869	221.72131147540983	-121.87633680268773	12	335	389	21.0	1130.0	703.0	20	8.0	137.0	83.0	0	0	63.019692182540894	1040	619.633287191391	655	37.019230769230774	
-1850155.4905394604	163.1	13.15	363.65	219.5	-118.73801001370312	13	355	343	22.0	992.0	596.0	7	9.0	179.0	109.0	0	0	50.91314148902893	1120	670.5464286804199	711	36.517857142857146	
-2227541.183243574	159.2875	12.666666666666666	367.8636363636364	221.5909090909091	-118.73801001370312	14	369	270	20.0	1331.0	818.0	42	9.0	170.0	104.0	0	0	68.71286273002625	1200	739.2592914104462	773	35.58333333333333	
-3150270.5145211937	157.35	11.883333333333333	331.45	200.16666666666666	-118.73801001370312	15	389	273	21.0	1052.0	643.0	47	9.0	179.0	109.0	0	0	56.30336618423462	1280	795.5626575946808	829	35.234375	
-2175680.3575809672	158.2375	12.403508771929825	328.6842105263158	197.64912280701753	-118.73801001370312	16	412	319	23.0	776.0	479.0	31	9.0	182.0	112.0	0	0	58.272480726242065	1360	853.8351383209229	882	35.147058823529406	
-2569126.376107853	155.5	12.879310344827585	362.0	219.8793103448276	-118.73801001370312	17	434	274	23.0	1304.0	815.0	5	10.0	182.0	112.0	0	0	60.87080669403076	1440	914.7059450149536	936	35.0	
-2446575.414455577	144.85	13.017857142857142	367.19642857142856	224.35714285714286	-118.73801001370312	18	458	259	28.0	2399.0	1494.0	31	10.0	182.0	112.0	0	0	40.11395525932312	1520	954.8199002742767	988	35.0	
-2609503.625481547	147.875	12.8125	331.90625	201.71875	-118.73801001370312	19	474	272	21.0	932.0	543.0	47	10.0	167.0	102.0	0	0	50.90550875663757	1600	1005.7254090309143	1048	34.5	
-3191363.5419209925	152.7375	12.955882352941176	349.4264705882353	212.41176470588235	-118.73801001370312	20	486	272	20.0	908.0	558.0	97	9.0	149.0	92.0	0	0	52.11326837539673	1680	1057.838677406311	1112	33.80952380952381	
-3465651.3230128135	144.8375	12.448275862068966	340.2758620689655	205.72413793103448	-118.73801001370312	21	508	260	20.0	953.0	578.0	30	8.0	107.0	65.0	0	0	55.191771268844604	1760	1113.0304486751556	1166	33.75	
-2903373.860807508	146.8125	11.629032258064516	310.03225806451616	187.98387096774192	-116.9129375270346	22	526	273	19.0	953.0	578.0	17	8.0	107.0	65.0	0	0	49.11110067367554	1840	1162.1415493488312	1224	33.47826086956522	
-3156369.3248286177	158.9625	12.375	327.171875	198.96875	-79.4760579074949	23	542	323	21.0	1070.0	659.0	56	8.0	113.0	70.0	0	0	52.20532703399658	1920	1214.3468763828278	1284	33.125	
-1968917.3880643887	159.2625	11.328125	301.53125	182.046875	-70.72032913604751	24	558	234	20.0	1172.0	724.0	85	8.0	122.0	75.0	0	0	46.695685386657715	2000	1261.0425617694855	1343	32.849999999999994	
-2454698.551308652	163.9	10.893939393939394	295.6363636363636	178.15151515151516	-69.37839300163398	25	572	327	18.0	890.0	551.0	32	9.0	122.0	75.0	0	0	54.23502278327942	2080	1315.277584552765	1405	32.451923076923066	
-2616766.939131677	155.1125	11.55	323.6	195.85	-69.37839300163398	26	592	257	19.0	1349.0	837.0	33	8.0	122.0	75.0	0	0	38.89004302024841	2160	1354.1676275730133	1461	32.361111111111114	
-2545570.7391937114	157.3875	10.727272727272727	288.22727272727275	173.53030303030303	-69.37839300163398	27	606	278	21.0	845.0	521.0	41	7.0	110.0	67.0	0	0	47.5175895690918	2240	1401.685217142105	1523	32.00892857142857	
-3586466.126358494	151.6625	11.068965517241379	271.7931034482759	164.24137931034483	-69.37839300163398	28	628	229	16.0	554.0	337.0	86	8.0	113.0	69.0	0	0	38.984071016311646	2320	1440.6692881584167	1577	32.02586206896552	
-3677132.379964097	162.575	11.923076923076923	312.66153846153844	189.64615384615385	-69.37839300163398	29	643	264	23.0	914.0	562.0	55	8.0	113.0	69.0	0	0	38.63563418388367	2400	1479.3049223423004	1638	31.75	
-1531498.6566625896	155.9625	11.703125	297.78125	180.296875	-69.37839300163398	30	659	260	18.0	497.0	307.0	30	8.0	113.0	69.0	0	0	37.69794321060181	2480	1517.0028655529022	1698	31.532258064516128	
-2209973.4528596974	163.4875	10.919354838709678	281.7741935483871	169.59677419354838	-69.37839300163398	31	677	260	17.0	620.0	372.0	96	8.0	113.0	69.0	0	0	47.96574139595032	2560	1564.9686069488525	1756	31.40625	
-3015807.367432913	163.9125	11.046875	281.609375	170.140625	-69.37343684671119	32	693	260	19.0	791.0	488.0	104	8.0	113.0	69.0	0	0	45.531691789627075	2640	1610.5002987384796	1816	31.212121212121218	
-2333441.903682645	158.225	11.466666666666667	301.25	182.9	-69.37343684671119	33	713	259	20.0	761.0	471.0	48	8.0	116.0	71.0	0	0	35.28697109222412	2720	1645.7872698307037	1871	31.213235294117652	
-2469037.2549140677	168.1375	10.90625	294.078125	176.859375	-69.37343684671119	34	729	302	22.0	971.0	600.0	61	7.0	110.0	67.0	0	0	50.26479697227478	2800	1696.0520668029785	1931	31.035714285714292	
-3017102.1746579376	166.125	11.033898305084746	282.9830508474576	170.54237288135593	-68.44835329964191	35	750	259	18.0	857.0	526.0	39	8.0	113.0	69.0	0	0	43.03138709068298	2880	1739.0834538936615	1986	31.04166666666667	
-1926198.1891613624	163.45	11.351851851851851	308.0	185.6851851851852	-68.44835329964191	36	776	287	21.0	854.0	526.0	17	8.0	113.0	69.0	0	0	30.81972885131836	2960	1769.9031827449799	2036	31.216216216216225	
-2734577.7435132954	169.5	11.8125	343.71875	208.71875	-68.44835329964191	37	792	290	23.0	1184.0	736.0	51	8.0	113.0	69.0	0	0	41.04031181335449	3040	1810.9434945583344	2096	31.05263157894737	
-2177511.3571878728	162.25	11.838709677419354	342.11290322580646	206.8548387096774	-68.44835329964191	38	810	287	22.0	959.0	593.0	36	9.0	137.0	83.0	0	0	46.07401251792908	3120	1857.0175070762634	2154	30.961538461538467	
-2333580.5869513676	147.5625	11.619047619047619	316.23809523809524	190.73015873015873	-68.44835329964191	39	827	252	19.0	776.0	480.0	95	9.0	161.0	98.0	0	0	45.54296016693115	3200	1902.5604672431946	2213	30.84375	
-2573702.8009774634	145.525	12.25	356.44117647058823	215.0735294117647	-68.44835329964191	40	839	195	21.0	965.0	596.0	100	8.0	125.0	76.0	0	0	58.08957052230835	3280	1960.650037765503	2276	30.609756097560975	
-2770730.9071840975	146.6875	11.885245901639344	339.327868852459	205.11475409836066	-68.44835329964191	41	858	242	20.0	998.0	618.0	48	9.0	188.0	114.0	0	0	57.587653160095215	3360	2018.2376909255981	2333	30.56547619047619	
-2164183.2777027455	148.1125	12.295081967213115	341.9836065573771	206.31147540983608	-68.44835329964191	42	877	344	21.0	722.0	433.0	43	9.0	161.0	101.0	0	0	44.82020354270935	3440	2063.0578944683075	2390	30.523255813953483	
-2881471.92842738	148.8375	12.169491525423728	388.8474576271187	233.96610169491527	-68.44835329964191	43	898	298	24.0	1586.0	980.0	37	8.0	113.0	69.0	0	0	42.56218409538269	3520	2105.62007856369	2445	30.539772727272734	
-2701984.3586079986	161.1	11.701754385964913	351.57894736842104	210.7017543859649	-68.44835329964191	44	921	298	19.0	926.0	567.0	63	8.0	113.0	69.0	0	0	48.260846853256226	3600	2153.8809254169464	2497	30.6388888888889	
-2931234.440554783	157.55	12.431034482758621	364.5344827586207	219.41379310344828	-68.44835329964191	45	943	298	19.0	836.0	507.0	81	8.0	113.0	69.0	0	0	34.06094813346863	3680	2187.941873550415	2551	30.679347826086953	
-2865813.171904235	162.1625	12.402985074626866	347.7164179104478	208.73134328358208	-68.44835329964191	46	956	298	24.0	983.0	607.0	44	8.0	113.0	69.0	0	0	50.34707736968994	3760	2238.288950920105	2614	30.47872340425532	
-3500163.989990641	153.675	11.982142857142858	332.10714285714283	200.125	-68.44835329964191	47	980	251	21.0	1271.0	787.0	57	8.0	113.0	69.0	0	0	40.08459973335266	3840	2278.3735506534576	2666	30.57291666666667	
-2306583.9481410296	155.7125	11.451612903225806	302.7258064516129	181.98387096774192	-68.44835329964191	48	998	280	19.0	683.0	410.0	32	8.0	113.0	69.0	0	0	39.56269311904907	3920	2317.9362437725067	2724	30.51020408163265	
-3171999.294036599	148.0625	11.421875	301.25	181.515625	-68.44835329964191	49	1014	242	19.0	704.0	434.0	48	8.0	113.0	69.0	0	0	51.737552881240845	4000	2369.6737966537476	2784	30.400000000000006	
-3553930.5314178383	148.75	11.261538461538462	295.12307692307695	179.04615384615386	-66.38604372944037	50	1029	242	25.0	923.0	575.0	75	8.0	113.0	69.0	0	0	49.30348300933838	4080	2418.977279663086	2845	30.269607843137265	
-3491967.1517989323	147.925	11.311475409836065	303.1311475409836	182.672131147541	-65.01459795283823	51	1048	240	19.0	986.0	609.0	60	8.0	113.0	69.0	0	0	47.870776414871216	4160	2466.848056077957	2902	30.240384615384613	
-4166770.0364744575	150.35	11.606060606060606	314.8636363636364	190.54545454545453	-65.01459795283823	52	1062	283	21.0	971.0	604.0	25	8.0	113.0	69.0	0	0	52.26024580001831	4240	2519.1083018779755	2964	30.094339622641513	
-2074292.7158363434	148.275	12.055555555555555	345.6111111111111	208.22222222222223	-65.01459795283823	53	1088	255	21.0	848.0	523.0	35	8.0	113.0	69.0	0	0	52.62591910362244	4320	2571.734220981598	3014	30.23148148148148	
-2403416.163534072	147.85	12.112903225806452	336.5967741935484	203.09677419354838	-64.9732597562464	54	1106	320	19.0	803.0	493.0	27	8.0	107.0	65.0	0	0	52.184635400772095	4400	2623.91885638237	3072	30.181818181818173	
-2419477.138832354	146.05	11.870967741935484	326.9193548387097	197.1451612903226	-64.9732597562464	55	1124	240	18.0	581.0	360.0	65	10.0	164.0	99.0	0	0	46.961132764816284	4480	2670.8799891471863	3130	30.13392857142857	
-2171612.2246300997	145.875	12.071428571428571	345.0285714285714	207.85714285714286	-64.9732597562464	56	1134	224	19.0	755.0	469.0	66	9.0	182.0	109.0	0	0	53.72066378593445	4560	2724.6006529331207	3196	29.912280701754383	
-2603373.5864652055	145.4	12.158730158730158	336.85714285714283	203.25396825396825	-64.9732597562464	57	1151	221	21.0	704.0	432.0	66	8.0	110.0	68.0	0	0	41.500428915023804	4640	2766.1010818481445	3255	29.84913793103449	
-3207142.619730816	144.9375	11.344827586206897	310.7931034482759	187.56896551724137	-64.9732597562464	58	1173	223	18.0	905.0	560.0	54	8.0	116.0	71.0	0	0	43.047242164611816	4720	2809.1483240127563	3309	29.894067796610173	
-1861897.2334951232	146.4375	11.061538461538461	276.5692307692308	167.0	-64.9732597562464	59	1188	291	19.0	803.0	492.0	54	8.0	104.0	64.0	0	0	39.70419502258301	4800	2848.8525190353394	3369	29.8125	
-2653533.125385586	149.5	11.0	284.76	172.86666666666667	-64.9732597562464	60	1193	291	20.0	1196.0	746.0	73	8.0	116.0	71.0	0	0	42.29966616630554	4880	2891.152185201645	3440	29.508196721311478	
-2863797.63508911	140.3625	10.909090909090908	282.09090909090907	170.42424242424244	-64.7921764956482	61	1207	232	21.0	794.0	492.0	47	8.0	116.0	71.0	0	0	39.10436248779297	4960	2930.256547689438	3502	29.395161290322577	
-3015536.8431992442	131.25	11.430769230769231	305.04615384615386	185.06153846153848	-64.7921764956482	62	1222	236	23.0	1277.0	786.0	54	8.0	116.0	71.0	0	0	41.32840013504028	5040	2971.584947824478	3562	29.325396825396822	
-2477771.513573488	136.15	10.686567164179104	274.1940298507463	165.26865671641792	-64.75143547939602	63	1235	245	19.0	887.0	549.0	45	8.0	116.0	71.0	0	0	50.539092779159546	5120	3022.1240406036377	3624	29.21875	
-3229603.8151925625	156.7	10.80327868852459	265.0163934426229	160.1639344262295	-64.75143547939602	64	1254	250	19.0	584.0	364.0	52	8.0	107.0	65.0	0	0	47.17168474197388	5200	3069.2957253456116	3681	29.211538461538467	
-2603417.1867707483	153.05	11.174603174603174	306.0952380952381	184.42857142857142	-64.75143547939602	65	1271	238	19.0	800.0	493.0	50	8.0	119.0	72.0	0	0	42.569637060165405	5280	3111.865362405777	3740	29.166666666666657	
-3047087.9182745605	148.6625	11.203125	307.671875	185.5	-64.75143547939602	66	1287	281	22.0	1043.0	649.0	55	8.0	116.0	70.0	0	0	59.74051880836487	5360	3171.605881214142	3800	29.104477611940297	
-2345035.0741428896	144.2875	11.310344827586206	334.4310344827586	200.98275862068965	-64.75143547939602	67	1309	226	23.0	2078.0	1290.0	44	8.0	116.0	71.0	0	0	45.42624092102051	5440	3217.0321221351624	3854	29.154411764705884	
-2825615.829388071	147.7875	10.841269841269842	290.95238095238096	174.82539682539684	-64.75143547939602	68	1326	223	17.0	818.0	507.0	80	8.0	107.0	65.0	0	0	50.98603796958923	5520	3268.0181601047516	3912	29.13043478260869	
-2106214.4303023904	156.2625	10.969696969696969	309.8636363636364	186.66666666666666	-64.75143547939602	69	1340	223	19.0	836.0	514.0	98	8.0	107.0	65.0	0	0	49.22792863845825	5600	3317.24608874321	3973	29.053571428571416	
-1922002.192929429	160.025	10.8125	285.5	171.125	-64.75143547939602	70	1356	251	16.0	806.0	501.0	82	8.0	116.0	70.0	0	0	46.109010457992554	5680	3363.3550992012024	4033	28.99647887323944	
-1677515.3079256383	149.1125	11.693548387096774	334.85483870967744	201.8709677419355	-64.75143547939602	71	1374	223	17.0	677.0	412.0	94	8.0	107.0	65.0	0	0	37.69611430168152	5760	3401.051213502884	4091	28.975694444444443	
-3203504.104308773	147.45	11.254237288135593	331.1864406779661	199.28813559322035	-64.74208314213432	72	1395	260	17.0	839.0	516.0	49	8.0	116.0	71.0	0	0	40.94503092765808	5840	3441.996244430542	4146	29.006849315068493	
-3193050.626944283	150.2625	11.736842105263158	328.36842105263156	198.2280701754386	-64.70475874821241	73	1418	274	20.0	842.0	522.0	52	8.0	116.0	71.0	0	0	42.44761109352112	5920	3484.443855524063	4199	29.07094594594595	
-2571584.0611433913	159.8875	12.34920634920635	352.6666666666667	213.36507936507937	-64.70475874821241	74	1435	301	20.0	701.0	432.0	64	8.0	104.0	64.0	0	0	39.328877449035645	6000	3523.7727329730988	4258	29.03333333333333	
-2933517.393267543	160.425	11.55	300.5	181.76666666666668	-64.70475874821241	75	1455	351	19.0	569.0	345.0	44	8.0	104.0	64.0	0	0	36.84164094924927	6080	3560.614373922348	4314	29.046052631578945	
-2338826.2270948025	164.775	11.338709677419354	306.93548387096774	186.51612903225808	-64.70475874821241	76	1473	301	17.0	932.0	571.0	81	7.0	104.0	64.0	0	0	37.56524467468262	6160	3598.1796185970306	4372	29.025974025974023	
-3075973.9502909337	150.2125	10.530303030303031	261.3181818181818	158.12121212121212	-64.59731030338992	77	1487	262	16.0	653.0	402.0	73	8.0	104.0	64.0	0	0	46.2495059967041	6240	3644.4291245937347	4433	28.95833333333333	
-3176609.709432442	151.25	11.308823529411764	292.95588235294116	177.25	-64.59731030338992	78	1499	316	22.0	917.0	551.0	65	7.0	104.0	64.0	0	0	43.4994158744812	6320	3687.928540468216	4496	28.860759493670884	
-2718487.5812796303	143.55	10.690140845070422	264.5211267605634	160.40845070422534	-64.59614599005448	79	1508	231	20.0	1079.0	665.0	59	8.0	104.0	64.0	0	0	39.59617495536804	6400	3727.524715423584	4561	28.734375	
-2355058.2259645504	143.15	11.483870967741936	320.48387096774195	193.29032258064515	-64.59614599005448	80	1526	231	18.0	1022.0	631.0	51	8.0	104.0	64.0	0	0	41.05022931098938	6480	3768.5749447345734	4619	28.719135802469125	
-3722371.8539927546	144.4625	11.23611111111111	278.5833333333333	167.81944444444446	-64.59614599005448	81	1534	256	16.0	644.0	398.0	17	7.0	116.0	71.0	0	0	50.96742057800293	6560	3819.5423653125763	4687	28.55182926829268	
-2238895.7301862193	145.775	10.955223880597014	271.1044776119403	163.40298507462686	-64.59614599005448	82	1547	248	16.0	566.0	347.0	42	7.0	104.0	64.0	0	0	37.30639934539795	6640	3856.8487646579742	4750	28.463855421686745	
-2685894.779498286	143.1625	10.971428571428572	275.3	165.88571428571427	-64.59614599005448	83	1557	196	18.0	701.0	432.0	52	8.0	104.0	64.0	0	0	50.64206337928772	6720	3907.490828037262	4816	28.33333333333333	
-2681287.4812390343	151.1875	11.115942028985508	275.30434782608694	166.2753623188406	-64.59614599005448	84	1568	255	18.0	695.0	434.0	79	8.0	104.0	64.0	0	0	43.25310492515564	6800	3950.7439329624176	4880	28.235294117647058	
-2716578.707146577	151.4625	11.35820895522388	311.85074626865674	187.6865671641791	-64.59614599005448	85	1581	221	18.0	875.0	539.0	69	8.0	104.0	64.0	0	0	51.25733208656311	6880	4002.0012650489807	4943	28.154069767441854	
-2774398.6167150657	150.1375	10.629032258064516	273.5483870967742	164.59677419354838	-64.59614599005448	86	1599	239	19.0	815.0	506.0	51	8.0	104.0	64.0	0	0	50.72710108757019	6960	4052.728366136551	5001	28.146551724137936	
-3253666.873907262	156.8625	11.0	275.71830985915494	166.61971830985917	-64.59614599005448	87	1608	272	17.0	695.0	430.0	79	8.0	104.0	64.0	0	0	35.89537739753723	7040	4088.623743534088	5066	28.039772727272734	
-3424337.3649502965	150.7625	11.303030303030303	305.8636363636364	185.74242424242425	-64.59614599005448	88	1622	210	21.0	1361.0	842.0	69	8.0	104.0	64.0	0	0	45.48906445503235	7120	4134.1128079891205	5128	27.97752808988764	
-2880716.69735424	149.275	11.880597014925373	335.67164179104475	203.17910447761193	-64.59614599005448	89	1635	248	19.0	944.0	581.0	50	8.0	116.0	71.0	0	0	36.38378667831421	7200	4170.496594667435	5191	27.90277777777777	
-3197128.578214009	150.825	10.878787878787879	293.27272727272725	177.33333333333334	-64.59614599005448	90	1649	280	18.0	1196.0	740.0	53	8.0	104.0	64.0	0	0	38.28105926513672	7280	4208.777653932571	5252	27.85714285714286	
-3292578.781256607	141.0375	10.692307692307692	241.12307692307692	145.90769230769232	-64.59614599005448	91	1664	237	19.0	989.0	603.0	67	8.0	116.0	71.0	0	0	41.88994765281677	7360	4250.667601585388	5313	27.8125	
-2524706.271483553	148.075	11.508196721311476	310.55737704918033	188.63934426229508	-64.59614599005448	92	1683	246	18.0	728.0	448.0	44	8.0	113.0	69.0	0	0	34.24588108062744	7440	4284.913482666016	5370	27.82258064516128	
-2373215.0420692367	153.5125	11.104477611940299	279.7014925373134	169.22388059701493	-64.5437246151108	93	1696	257	20.0	719.0	441.0	33	8.0	104.0	64.0	0	0	36.213348388671875	7520	4321.1268310546875	5433	27.752659574468083	
-3769325.664725352	159.225	11.615384615384615	295.7230769230769	178.84615384615384	-64.5437246151108	94	1711	275	20.0	881.0	543.0	59	8.0	116.0	71.0	0	0	45.32410502433777	7600	4366.450936079025	5494	27.71052631578948	
-2924365.203139672	155.4125	12.075757575757576	346.77272727272725	210.4090909090909	-64.5437246151108	95	1725	257	24.0	1481.0	919.0	50	8.0	116.0	71.0	0	0	42.51724410057068	7680	4408.968180179596	5556	27.65625	
-2733461.4295016313	154.175	11.8	355.15	215.46666666666667	-64.5437246151108	96	1745	285	25.0	1577.0	986.0	20	8.0	116.0	71.0	0	0	37.90307116508484	7760	4446.871251344681	5612	27.680412371134025	
-2288012.385196984	159.7625	11.227272727272727	305.3636363636364	184.4090909090909	-64.5437246151108	97	1759	249	17.0	605.0	367.0	66	8.0	107.0	65.0	0	0	48.793856382369995	7840	4495.665107727051	5674	27.627551020408163	
-3015130.9215429015	148.4375	11.447761194029852	316.6865671641791	190.86567164179104	-64.5437246151108	98	1772	249	18.0	752.0	462.0	65	8.0	119.0	72.0	0	0	57.04104804992676	7920	4552.7061557769775	5737	27.563131313131322	
-2571506.9300933047	147.6	12.25	356.42857142857144	215.875	-64.5437246151108	99	1796	295	21.0	1031.0	635.0	67	8.0	119.0	72.0	0	0	36.55888104438782	8000	4589.265036821365	5789	27.637500000000003	
-2824661.0516764144	153.725	12.157894736842104	358.0	216.87719298245614	-64.5437246151108	100	1819	305	21.0	893.0	553.0	37	8.0	107.0	65.0	0	0	37.99517750740051	8080	4627.260214328766	5842	27.698019801980195	
-2949293.159860363	154.225	12.067796610169491	353.7118644067797	214.59322033898306	-64.5437246151108	101	1840	372	20.0	1160.0	719.0	55	9.0	134.0	82.0	0	0	38.36370134353638	8160	4665.623915672302	5897	27.732843137254903	
-3225897.3219608753	145.5125	11.82258064516129	341.8709677419355	206.9516129032258	-64.5437246151108	102	1858	295	23.0	839.0	526.0	32	8.0	131.0	79.0	0	0	40.65889596939087	8240	4706.282811641693	5955	27.73058252427184	
-3689785.574822305	145.1125	11.89655172413793	353.41379310344826	213.41379310344828	-64.5437246151108	103	1880	255	19.0	929.0	568.0	35	8.0	119.0	72.0	0	0	27.78634023666382	8320	4734.069151878357	6009	27.776442307692307	
-2482841.5355497114	151.2	12.310344827586206	389.62068965517244	236.43103448275863	-64.5437246151108	104	1902	357	22.0	1529.0	933.0	29	9.0	191.0	114.0	0	0	22.8705952167511	8400	4756.939747095108	6063	27.82142857142857	
-1800082.8225966883	149.9375	12.615384615384615	409.0769230769231	248.03076923076924	-64.5437246151108	105	1917	266	19.0	923.0	567.0	62	9.0	149.0	92.0	0	0	36.712000131607056	8480	4793.651747226715	6124	27.783018867924525	
-2981914.9714591005	145.7375	11.872727272727273	356.05454545454546	214.83636363636364	-64.5437246151108	106	1942	233	18.0	947.0	577.0	62	10.0	158.0	98.0	0	0	31.782619953155518	8560	4825.434367179871	6175	27.862149532710276	
-2403330.274698342	144.975	12.5	391.46774193548384	235.9516129032258	-64.5437246151108	107	1960	265	20.0	779.0	448.0	25	9.0	149.0	92.0	0	0	37.61609673500061	8640	4863.050463914871	6233	27.85879629629629	
-2534562.6089565144	148.35	12.672413793103448	415.8448275862069	251.51724137931035	-64.5437246151108	108	1982	233	21.0	977.0	605.0	45	9.0	161.0	99.0	0	0	41.44767189025879	8720	4904.49813580513	6287	27.90137614678899	
-2810440.8446639837	146.2875	12.03448275862069	357.8103448275862	216.41379310344828	-64.5437246151108	109	2004	251	18.0	851.0	525.0	46	8.0	116.0	70.0	0	0	33.233717918395996	8800	4937.731853723526	6341	27.943181818181813	
-2705043.852626308	149.65	11.901639344262295	329.59016393442624	199.45901639344262	-64.5437246151108	110	2023	273	18.0	860.0	517.0	17	8.0	116.0	70.0	0	0	40.551276445388794	8880	4978.283130168915	6398	27.950450450450447	
-3621333.59170145	152.175	12.272727272727273	336.09090909090907	204.22727272727272	-64.5437246151108	111	2037	273	19.0	890.0	541.0	36	8.0	116.0	70.0	0	0	38.73618149757385	8960	5017.019311666489	6460	27.901785714285708	
-2409921.149522498	147.425	12.311475409836065	361.55737704918033	218.55737704918033	-64.53186123221599	112	2056	273	20.0	800.0	499.0	55	8.0	116.0	70.0	0	0	29.006680965423584	9040	5046.025992631912	6517	27.909292035398224	
-2737859.2388403406	149.775	12.295081967213115	363.72131147540983	220.04918032786884	-64.53186123221599	113	2075	281	21.0	1010.0	630.0	79	8.0	107.0	65.0	0	0	39.02151679992676	9120	5085.047509431839	6574	27.91666666666667	
-3283452.19923613	149.3	12.633333333333333	361.1	218.66666666666666	-64.53186123221599	114	2095	258	19.0	851.0	526.0	32	9.0	146.0	89.0	0	0	38.49805307388306	9200	5123.545562505722	6630	27.934782608695656	
-2526546.5505164233	154.4	12.68421052631579	366.94736842105266	221.82456140350877	-63.519403654156086	115	2118	258	19.0	887.0	541.0	49	9.0	125.0	76.0	0	0	40.960537910461426	9280	5164.5061004161835	6683	27.984913793103445	
-3216792.249628877	149.2	12.216666666666667	380.0	228.86666666666667	-63.519403654156086	116	2138	224	19.0	1151.0	696.0	66	9.0	179.0	107.0	0	0	47.183512687683105	9360	5211.689613103867	6739	28.00213675213675	
-3787049.649077611	150.175	12.557377049180328	367.9016393442623	222.49180327868854	-63.519403654156086	117	2157	280	19.0	863.0	523.0	37	9.0	140.0	85.0	0	0	49.78756594657898	9440	5261.477179050446	6796	28.008474576271198	
-2716830.3499315837	148.6625	12.316666666666666	366.2	221.66666666666666	-63.519403654156086	118	2177	267	19.0	1061.0	653.0	53	9.0	137.0	83.0	0	0	36.10968589782715	9520	5297.586864948273	6852	28.025210084033617	
-2779915.6682042917	148.1875	12.186440677966102	364.49152542372883	220.05084745762713	-63.519403654156086	119	2198	282	18.0	1079.0	666.0	63	10.0	200.0	123.0	0	0	42.43451762199402	9600	5340.021382570267	6907	28.05208333333333	
-2644227.857315918	144.4625	12.135593220338983	341.5593220338983	206.08474576271186	-63.519403654156086	120	2219	282	20.0	779.0	477.0	62	9.0	173.0	107.0	0	0	30.430965185165405	9680	5370.452347755432	6962	28.078512396694208	
-3533465.6530118953	145.8875	12.1	364.6	220.36666666666667	-63.519403654156086	121	2239	283	19.0	968.0	583.0	37	9.0	131.0	82.0	0	0	43.80188822746277	9760	5414.254235982895	7018	28.09426229508196	
-3050947.9378357828	145.95	12.11864406779661	344.864406779661	208.45762711864407	-63.519403654156086	122	2260	260	20.0	797.0	492.0	61	8.0	131.0	79.0	0	0	35.39724087715149	9840	5449.651476860046	7073	28.119918699186996	
-2359655.523490933	147.6125	12.875	389.65625	236.21875	-63.519403654156086	123	2276	247	19.0	926.0	558.0	43	9.0	110.0	68.0	0	0	30.91197681427002	9920	5480.563453674316	7133	28.094758064516128	
-2818246.7305063573	146.7375	12.981818181818182	415.7818181818182	251.01818181818183	-63.519403654156086	124	2301	263	20.0	1019.0	611.0	27	8.0	128.0	78.0	0	0	30.906060457229614	10000	5511.469514131546	7184	28.159999999999997	
-2574156.8143135333	149.2625	12.722222222222221	403.94444444444446	244.61111111111111	-63.519403654156086	125	2327	243	18.0	1127.0	682.0	47	10.0	173.0	106.0	0	0	26.088317155838013	10080	5537.557831287384	7234	28.234126984126988	
-3671765.155561771	145.9875	12.955223880597014	394.55223880597015	240.37313432835822	-63.519403654156086	126	2340	257	21.0	1160.0	721.0	33	9.0	152.0	92.0	0	0	36.990323543548584	10160	5574.548154830933	7297	28.17913385826772	
-2158789.2425782075	147.5875	12.88888888888889	387.4761904761905	234.93650793650792	-59.739326381527626	127	2357	249	19.0	1115.0	686.0	60	8.0	131.0	80.0	0	0	36.49281024932861	10240	5611.040965080261	7356	28.1640625	
-3093849.870807299	144.675	12.140625	382.4375	230.15625	-59.739326381527626	128	2373	249	22.0	1070.0	666.0	42	9.0	140.0	86.0	0	0	50.23359441757202	10320	5661.274559497833	7416	28.139534883720927	
-3333411.1719101877	150.475	11.771929824561404	343.0	206.10526315789474	-58.748102115062096	129	2396	274	19.0	1097.0	669.0	50	7.0	98.0	60.0	0	0	43.34431457519531	10400	5704.618874073029	7469	28.182692307692307	
-3841402.1248372365	157.0	11.952380952380953	335.4761904761905	201.71428571428572	-58.748102115062096	130	2413	274	22.0	734.0	449.0	81	8.0	131.0	79.0	0	0	45.18175435066223	10480	5749.800628423691	7528	28.167938931297712	
-3017354.827378577	152.75	12.068965517241379	338.98275862068965	203.86206896551724	-58.748102115062096	131	2435	276	20.0	719.0	434.0	37	9.0	143.0	86.0	0	0	36.31181025505066	10560	5786.1124386787415	7582	28.200757575757578	
-2825527.5884433747	145.875	12.666666666666666	392.3809523809524	237.04761904761904	-58.748102115062096	132	2452	193	20.0	863.0	526.0	97	10.0	158.0	98.0	0	0	39.43593740463257	10640	5825.548376083374	7641	28.186090225563902	
-2650892.920133497	145.6375	11.904761904761905	363.42857142857144	219.6031746031746	-58.748102115062096	133	2469	243	18.0	1052.0	643.0	47	8.0	119.0	73.0	0	0	30.46160864830017	10720	5856.009984731674	7700	28.171641791044777	
-2428661.784981077	143.775	12.571428571428571	381.23214285714283	230.30357142857142	-58.748102115062096	134	2493	260	21.0	1052.0	643.0	30	9.0	149.0	91.0	0	0	29.7698757648468	10800	5885.779860496521	7752	28.22222222222223	
-3677510.627266683	143.9125	11.887096774193548	338.9193548387097	204.1451612903226	-58.748102115062096	135	2511	237	22.0	956.0	577.0	53	9.0	134.0	81.0	0	0	36.264609575271606	10880	5922.044470071793	7810	28.216911764705884	
-2460440.6116900253	145.15	12.031746031746032	366.6190476190476	221.34920634920636	-58.748102115062096	136	2528	208	21.0	971.0	590.0	82	9.0	143.0	86.0	0	0	38.796040534973145	10960	5960.840510606766	7869	28.202554744525543	
-3048504.7709352034	144.575	11.806451612903226	330.4516129032258	198.6290322580645	-58.748102115062096	137	2546	252	19.0	905.0	551.0	38	9.0	143.0	87.0	0	0	52.45677733421326	11040	6013.297287940979	7927	28.197463768115938	
-3132168.198793988	145.6875	11.547169811320755	317.5660377358491	191.64150943396226	-58.748102115062096	138	2573	219	20.0	887.0	547.0	71	8.0	119.0	73.0	0	0	34.21981382369995	11120	6047.517101764679	7976	28.273381294964025	
-3000073.855447769	147.85	11.892857142857142	344.75	209.125	-58.748102115062096	139	2597	305	17.0	1112.0	676.0	38	9.0	143.0	86.0	0	0	27.823676586151123	11200	6075.34077835083	8028	28.32142857142857	
-2338776.394680587	144.0125	11.96774193548387	345.4032258064516	208.51612903225808	-58.748102115062096	140	2615	278	24.0	1151.0	715.0	38	9.0	161.0	99.0	0	0	34.2646598815918	11280	6109.605438232422	8086	28.31560283687942	
-2638005.7763704658	144.0	11.913793103448276	328.63793103448273	198.93103448275863	-58.748102115062096	141	2637	237	18.0	845.0	518.0	29	8.0	119.0	72.0	0	0	26.452730417251587	11360	6136.0581686496735	8140	28.345070422535215	
-2338849.481034269	143.675	12.14516129032258	320.2903225806452	193.8709677419355	-58.74750831472213	142	2655	249	18.0	662.0	404.0	41	8.0	131.0	79.0	0	0	35.66515874862671	11440	6171.7233273983	8198	28.33916083916084	
-2321667.8017246546	145.5375	11.803571428571429	338.80357142857144	203.92857142857142	-58.74750831472213	143	2679	249	20.0	905.0	553.0	67	7.0	122.0	74.0	0	0	28.989737033843994	11520	6200.713064432144	8250	28.385416666666657	
-3403595.244850898	145.475	11.964912280701755	323.63157894736844	196.03508771929825	-58.74750831472213	144	2702	325	20.0	680.0	417.0	48	7.0	119.0	73.0	0	0	37.84988808631897	11600	6238.562952518463	8303	28.422413793103445	
-2467788.267893474	145.75	12.306451612903226	364.85483870967744	220.82258064516128	-58.74750831472213	145	2720	288	21.0	1238.0	767.0	41	9.0	149.0	91.0	0	0	23.913307189941406	11680	6262.4762597084045	8361	28.416095890410958	
-2206467.0477437805	147.4375	12.063492063492063	332.8095238095238	201.14285714285714	-58.74750831472213	146	2737	257	18.0	1088.0	670.0	21	7.0	98.0	60.0	0	0	37.49302339553833	11760	6299.969283103943	8420	28.401360544217695	
-3063542.3159774076	151.425	11.88888888888889	327.6190476190476	199.17460317460316	-58.74750831472213	147	2754	265	19.0	1064.0	663.0	71	8.0	119.0	73.0	0	0	31.69997811317444	11840	6331.669261217117	8479	28.386824324324323	
-2548448.4604515675	151.7875	12.080645161290322	345.16129032258067	208.29032258064515	-58.74750831472213	148	2772	229	23.0	917.0	558.0	64	8.0	119.0	72.0	0	0	34.63191485404968	11920	6366.301176071167	8537	28.38087248322148	
-3303641.5731330514	142.3125	12.017857142857142	317.0	192.21428571428572	-58.747092090252025	149	2796	228	19.0	833.0	517.0	64	8.0	113.0	69.0	0	0	25.872164726257324	12000	6392.173340797424	8589	28.424999999999997	
-1943760.3451269635	147.0875	12.352112676056338	360.22535211267603	218.74647887323943	-58.747092090252025	150	2805	228	22.0	1166.0	722.0	47	9.0	131.0	81.0	0	0	34.44798398017883	12080	6426.621324777603	8656	28.344370860927143	
-3000099.03675875	142.2375	11.709677419354838	301.2741935483871	181.96774193548387	-58.747092090252025	151	2823	282	17.0	647.0	391.0	47	8.0	134.0	82.0	0	0	34.64371681213379	12160	6461.265041589737	8714	28.338815789473685	
-2228220.4088042914	144.6875	12.491228070175438	334.57894736842104	203.19298245614036	-58.747092090252025	152	2846	386	21.0	704.0	428.0	41	9.0	182.0	111.0	0	0	29.48483371734619	12240	6490.749875307083	8767	28.374183006535944	
-3000153.962984275	169.0	11.813559322033898	335.96610169491527	203.42372881355934	-58.74703261289217	153	2867	517	19.0	845.0	518.0	72	9.0	140.0	85.0	0	0	37.47437834739685	12320	6528.22425365448	8822	28.39285714285714	
-2357248.9466312104	174.8	12.089285714285714	325.67857142857144	196.875	-58.74703261289217	154	2891	473	22.0	851.0	517.0	58	8.0	134.0	81.0	0	0	31.033278942108154	12400	6559.257532596588	8874	28.435483870967744	
-2754263.660631114	166.675	12.39344262295082	361.21311475409834	219.0655737704918	-58.74703261289217	155	2910	473	19.0	812.0	503.0	99	8.0	119.0	72.0	0	0	31.38049292564392	12480	6590.638025522232	8931	28.4375	
-3603061.8947917926	162.8375	12.264705882352942	354.1470588235294	215.16176470588235	-58.74703261289217	156	2922	473	26.0	2165.0	1347.0	43	7.0	98.0	60.0	0	0	31.344325065612793	12560	6621.982350587845	8995	28.383757961783445	
-2953242.9423691663	167.5375	11.96875	322.671875	195.296875	-58.74703261289217	157	2938	471	19.0	740.0	457.0	24	7.0	98.0	60.0	0	0	33.54425525665283	12640	6655.526605844498	9054	28.370253164556956	
-1941221.6579404676	152.675	12.191176470588236	349.5147058823529	211.35294117647058	-58.74703261289217	158	2950	256	20.0	1103.0	652.0	86	7.0	98.0	60.0	0	0	29.763381242752075	12720	6685.28998708725	9118	28.31761006289308	
-2029947.2635573305	148.7875	12.567164179104477	365.67164179104475	221.65671641791045	-58.74703261289217	159	2963	256	19.0	785.0	480.0	75	7.0	98.0	60.0	0	0	25.723997831344604	12800	6711.013984918594	9181	28.2734375	
-2300116.566554876	148.15	11.616666666666667	324.45	195.4	-58.74703261289217	160	2983	256	19.0	617.0	378.0	55	7.0	98.0	60.0	0	0	32.40925884246826	12880	6743.423243761063	9237	28.284161490683232	
-3359461.333691592	147.075	12.359375	340.859375	205.65625	-58.74703261289217	161	2999	234	21.0	896.0	548.0	56	9.0	170.0	101.0	0	0	40.75602650642395	12960	6784.179270267487	9297	28.263888888888886	
-2916734.547923117	150.4375	12.533333333333333	384.85	232.98333333333332	-58.74608764526673	162	3019	283	21.0	1142.0	705.0	7	8.0	128.0	78.0	0	0	33.602325201034546	13040	6817.781595468521	9353	28.27453987730061	
-3400110.683058297	146.95	12.23076923076923	380.0923076923077	230.16923076923078	-58.74608764526673	163	3034	270	19.0	1145.0	701.0	68	9.0	167.0	101.0	0	0	44.81380343437195	13120	6862.595398902893	9414	28.246951219512198	
-2783406.507755531	142.925	12.033333333333333	357.45	216.18333333333334	-58.74608764526673	164	3054	228	18.0	851.0	517.0	62	8.0	119.0	72.0	0	0	29.157775402069092	13200	6891.753174304962	9470	28.257575757575765	
-3063575.054888588	145.15	12.11111111111111	343.0	206.77777777777777	-58.74608764526673	165	3071	244	17.0	743.0	440.0	48	9.0	152.0	93.0	0	0	38.51825714111328	13280	6930.271431446075	9529	28.24548192771084	
-3077040.0473588468	153.675	12.646153846153846	371.55384615384617	224.76923076923077	-58.74608764526673	166	3086	316	20.0	905.0	551.0	62	8.0	119.0	73.0	0	0	44.379258155822754	13360	6974.650689601898	9590	28.21856287425149	
-1714475.246428361	160.6625	11.857142857142858	345.55357142857144	208.51785714285714	-58.74608764526673	167	3110	247	17.0	782.0	485.0	43	8.0	119.0	73.0	0	0	40.47187566757202	13440	7015.12256526947	9642	28.258928571428584	
-2563925.2634908585	169.875	12.381818181818181	357.03636363636366	215.52727272727273	-58.74608764526673	168	3135	352	23.0	953.0	571.0	53	8.0	119.0	72.0	0	0	40.40006375312805	13520	7055.522629022598	9692	28.31360946745562	
-2632503.8577821255	148.95	11.632352941176471	319.9117647058824	194.0735294117647	-58.74608764526673	169	3147	305	20.0	893.0	549.0	7	7.0	110.0	67.0	0	0	30.803766012191772	13600	7086.32639503479	9756	28.264705882352942	
-2246057.8175682034	146.9875	11.62295081967213	330.0327868852459	198.70491803278688	-58.74608764526673	170	3166	305	18.0	875.0	528.0	59	8.0	119.0	73.0	0	0	36.01620030403137	13680	7122.342595338821	9813	28.267543859649123	
-3117846.32514036	156.7375	11.102941176470589	283.5147058823529	171.5735294117647	-58.74608764526673	171	3178	319	20.0	800.0	492.0	34	8.0	119.0	73.0	0	0	44.02270865440369	13760	7166.365303993225	9877	28.21947674418604	
-3000201.8549639815	160.175	11.847457627118644	327.728813559322	197.83050847457628	-58.74608764526673	172	3199	305	18.0	1067.0	646.0	10	8.0	137.0	84.0	0	0	34.6667594909668	13840	7201.032063484192	9932	28.236994219653184	
-3285901.5743449093	168.1125	11.476190476190476	305.0	184.25396825396825	-58.74608764526673	173	3216	305	20.0	938.0	579.0	30	7.0	110.0	67.0	0	0	48.512187004089355	13920	7249.544250488281	9991	28.225574712643677	
-2887575.7794832047	158.4125	11.380281690140846	313.7042253521127	189.81690140845072	-58.74608764526673	174	3225	305	16.0	938.0	566.0	42	7.0	98.0	60.0	0	0	37.51053047180176	14000	7287.054780960083	10058	28.15714285714286	
-2424474.6562909945	147.0625	11.136363636363637	275.40909090909093	166.1969696969697	-58.74608764526673	175	3239	314	18.0	779.0	474.0	8	7.0	110.0	67.0	0	0	34.30554175376892	14080	7321.360322713852	10119	28.13210227272728	
-2545747.750730805	143.725	10.954545454545455	299.1363636363636	179.5909090909091	-58.74608764526673	176	3253	238	26.0	767.0	462.0	28	7.0	110.0	67.0	0	0	48.65582799911499	14160	7370.016150712967	10181	28.10028248587571	
-2697122.1523719556	147.05	10.454545454545455	248.5	149.33333333333334	-58.74608764526673	177	3267	231	19.0	632.0	362.0	73	7.0	110.0	67.0	0	0	39.59998369216919	14240	7409.616134405136	10243	28.068820224719104	
-2768208.162576613	148.3875	11.115942028985508	302.4347826086956	182.53623188405797	-58.74608764526673	178	3278	259	17.0	851.0	507.0	46	7.0	107.0	65.0	0	0	47.30082964897156	14320	7456.916964054108	10308	28.01675977653632	
-2484468.24965163	148.875	11.171875	303.546875	183.53125	-58.74608764526673	179	3294	237	21.0	1439.0	893.0	19	7.0	110.0	67.0	0	0	44.78311586380005	14400	7501.700079917908	10368	28.0	
-2127082.0636793184	146.85	11.714285714285714	324.04761904761904	195.74603174603175	-58.74608764526673	180	3311	241	19.0	911.0	555.0	49	7.0	110.0	67.0	0	0	38.95817518234253	14480	7540.65825510025	10427	27.99033149171271	
-2283237.9760962236	147.9375	12.50943396226415	370.7169811320755	224.22641509433961	-58.74608764526673	181	3338	263	21.0	920.0	568.0	27	8.0	134.0	81.0	0	0	39.85106110572815	14560	7580.509316205978	10476	28.049450549450555	
-2436501.3049297333	145.7375	13.145454545454545	361.5090909090909	218.3090909090909	-58.74608764526673	182	3363	286	21.0	779.0	474.0	27	8.0	134.0	81.0	0	0	37.89735245704651	14640	7618.406668663025	10527	28.09426229508196	
-2585891.3728831946	149.275	12.771428571428572	370.1	223.4142857142857	-58.74608764526673	183	3373	210	21.0	821.0	493.0	102	9.0	134.0	82.0	0	0	41.95888829231262	14720	7660.3655569553375	10593	28.036684782608702	
-2672838.8204607014	147.8625	12.50909090909091	377.2181818181818	227.76363636363635	-58.74608764526673	184	3398	247	23.0	1046.0	645.0	43	8.0	134.0	81.0	0	0	31.833586931228638	14800	7692.199143886566	10644	28.08108108108108	
-2597148.225766947	158.5	12.417910447761194	370.5074626865672	224.73134328358208	-58.74608764526673	185	3411	284	20.0	1091.0	681.0	82	8.0	134.0	81.0	0	0	29.755285501480103	14880	7721.954429388046	10707	28.04435483870968	
-1800234.5709725409	152.525	12.23076923076923	363.2	220.6153846153846	-58.746087645266726	186	3426	238	19.0	938.0	575.0	57	8.0	134.0	81.0	0	0	27.77751612663269	14960	7749.731945514679	10768	28.02139037433156	
-2711924.1688491176	149.925	12.711864406779661	390.3728813559322	237.61016949152543	-58.746087645266726	187	3447	312	23.0	848.0	523.0	33	9.0	140.0	85.0	0	0	25.834479570388794	15040	7775.566425085068	10823	28.038563829787236	
-3192469.374779549	155.0625	11.653846153846153	340.25	205.25	-58.746087645266726	188	3475	249	18.0	848.0	507.0	19	8.0	119.0	72.0	0	0	29.698293209075928	15120	7805.264718294144	10871	28.101851851851862	
-2612110.137924284	158.4375	11.91044776119403	328.32835820895525	198.71641791044777	-58.746087645266726	189	3488	249	18.0	908.0	560.0	81	9.0	134.0	82.0	0	0	31.911241054534912	15200	7837.175959348679	10934	28.065789473684205	
-3218849.691051931	153.1125	11.6875	319.671875	193.296875	-58.746087645266726	190	3504	331	18.0	845.0	520.0	47	8.0	128.0	78.0	0	0	39.10879421234131	15280	7876.28475356102	10994	28.04973821989529	
-2686743.423528754	148.4125	11.64179104477612	317.67164179104475	192.0	-58.746087645266726	191	3517	265	18.0	1094.0	652.0	39	8.0	119.0	73.0	0	0	36.31563591957092	15360	7912.600389480591	11057	28.01432291666667	
-2985087.4747385615	141.725	11.530303030303031	314.3181818181818	189.12121212121212	-58.731114538069946	192	3531	250	22.0	1319.0	805.0	16	8.0	140.0	86.0	0	0	39.27764272689819	15440	7951.878032207489	11119	27.985751295336797	
-3049384.68571014	143.975	12.032786885245901	347.6885245901639	210.327868852459	-58.731114538069946	193	3550	233	19.0	836.0	515.0	47	8.0	125.0	77.0	0	0	42.217020750045776	15520	7994.095052957535	11176	27.98969072164948	
-3531379.127833237	134.9625	11.8125	315.40625	190.375	-58.479768399801685	194	3566	191	18.0	611.0	372.0	52	8.0	134.0	81.0	0	0	41.581387996673584	15600	8035.676440954208	11236	27.974358974358964	
-2400289.6302304356	139.5375	11.8	351.4727272727273	212.05454545454546	-58.479768399801685	195	3591	253	20.0	827.0	521.0	37	8.0	119.0	72.0	0	0	38.2994921207428	15680	8073.975933074951	11287	28.016581632653057	
-3250134.8994784565	142.3875	11.7	307.25	184.9	-58.479768399801685	196	3611	234	20.0	713.0	427.0	36	9.0	134.0	81.0	0	0	43.65079140663147	15760	8117.626724481583	11343	28.026649746192888	
-2354948.409554344	149.6875	12.451612903225806	360.35483870967744	217.24193548387098	-58.479768399801685	197	3629	272	20.0	914.0	566.0	18	8.0	119.0	72.0	0	0	41.212690591812134	15840	8158.839415073395	11401	28.023989898989896	
-2833445.6428504908	145.5	12.5	369.4166666666667	222.77777777777777	-58.479768399801685	198	3637	272	19.0	734.0	442.0	80	9.0	140.0	86.0	0	0	45.34407305717468	15920	8204.18348813057	11469	27.958542713567837	
-2603294.2109981654	142.3875	12.19047619047619	350.5238095238095	212.015873015873	-58.479768399801685	199	3654	223	22.0	926.0	573.0	67	8.0	119.0	72.0	0	0	43.97162055969238	16000	8248.155108690262	11528	27.950000000000003	
-2842188.1756665106	143.425	12.228070175438596	357.4736842105263	215.89473684210526	-58.479768399801685	200	3677	220	23.0	1112.0	681.0	79	10.0	164.0	101.0	0	0	33.95056176185608	16080	8282.105670452118	11581	27.978855721393032	
-2730271.1102245525	141.0625	12.428571428571429	355.6666666666667	215.5079365079365	-58.479768399801685	201	3694	228	19.0	851.0	532.0	32	10.0	182.0	112.0	0	0	40.732133626937866	16160	8322.837804079056	11640	27.970297029702976	
-2875105.644090996	138.925	12.267857142857142	339.07142857142856	205.57142857142858	-58.479768399801685	202	3718	210	20.0	701.0	432.0	80	9.0	170.0	105.0	0	0	35.97402596473694	16240	8358.811830043793	11692	28.004926108374377	
-2275936.742547653	139.6625	12.189655172413794	345.6551724137931	208.82758620689654	-58.479768399801685	203	3740	225	20.0	719.0	440.0	60	8.0	155.0	94.0	0	0	25.158745050430298	16320	8383.970575094223	11746	28.02696078431373	
-2583440.180264211	142.95	11.783333333333333	358.55	216.53333333333333	-58.479768399801685	204	3760	241	17.0	902.0	555.0	40	8.0	173.0	105.0	0	0	40.64004921913147	16400	8424.610624313354	11802	28.036585365853668	
-3062614.3493732573	146.8375	11.640625	299.609375	181.609375	-58.479768399801685	205	3776	215	19.0	1154.0	715.0	44	8.0	137.0	84.0	0	0	36.29903697967529	16480	8460.90966129303	11862	28.021844660194176	
-3412818.5195981283	149.4625	12.238095238095237	349.5238095238095	210.93650793650792	-58.47824746386988	206	3793	258	18.0	983.0	612.0	50	8.0	185.0	111.0	0	0	40.03434705734253	16560	8500.944008350372	11921	28.013285024154584	
-2416780.55261062	151.6875	11.65	350.5	211.45	-58.47824746386988	207	3813	258	18.0	1451.0	893.0	60	8.0	146.0	89.0	0	0	38.52821183204651	16640	8539.472220182419	11977	28.022836538461533	
-2711963.8076350964	146.9	12.40677966101695	361.03389830508473	217.61016949152543	-58.47824746386988	208	3834	245	19.0	893.0	553.0	45	8.0	119.0	72.0	0	0	37.74695181846619	16720	8577.219172000885	12032	28.038277511961724	
-2692444.83723176	150.3875	12.23076923076923	355.5846153846154	213.66153846153847	-58.47824746386988	209	3849	279	19.0	833.0	514.0	27	9.0	131.0	81.0	0	0	51.588377475738525	16800	8628.807549476624	12093	28.01785714285714	
-3150178.131611472	149.9	11.866666666666667	326.7	197.23333333333332	-58.47824746386988	210	3869	269	21.0	1319.0	820.0	76	8.0	134.0	81.0	0	0	46.03315448760986	16880	8674.840703964233	12149	28.027251184834128	
-3032916.1911149514	156.4125	12.311475409836065	351.8688524590164	212.2622950819672	-58.47824746386988	211	3888	317	20.0	875.0	544.0	23	9.0	191.0	112.0	0	0	42.313544034957886	16960	8717.154247999191	12206	28.030660377358487	
-3095372.7242503706	163.9625	11.380952380952381	305.3333333333333	182.34920634920636	-58.47824746386988	212	3905	346	17.0	569.0	345.0	14	8.0	134.0	81.0	0	0	60.98146867752075	17040	8778.135716676712	12265	28.022300469483568	
-2857264.355660034	154.225	11.793650793650794	329.3809523809524	198.44444444444446	-58.47824746386988	213	3922	333	20.0	656.0	398.0	15	7.0	110.0	68.0	0	0	48.0979266166687	17120	8826.23364329338	12324	28.014018691588788	
-2147664.7976237843	160.2	12.327868852459016	384.72131147540983	232.52459016393442	-58.47824746386988	214	3941	306	20.0	1115.0	686.0	42	9.0	137.0	83.0	0	0	31.667911767959595	17200	8857.90155506134	12381	28.017441860465127	
-3709765.965894893	151.8375	11.887096774193548	315.83870967741933	190.5483870967742	-58.47824746386988	215	3959	266	19.0	698.0	430.0	24	8.0	119.0	72.0	0	0	32.125202894210815	17280	8890.026757955551	12439	28.015046296296305	
-1650125.3937418167	144.0625	12.283333333333333	369.5	222.61666666666667	-58.47701827105982	216	3979	244	20.0	1307.0	806.0	39	9.0	137.0	83.0	0	0	27.024009704589844	17360	8917.050767660141	12495	28.024193548387103	
-2129209.668102595	140.625	11.564516129032258	309.06451612903226	186.17741935483872	-58.47701827105982	217	3997	213	18.0	689.0	424.0	29	8.0	119.0	72.0	0	0	38.054298400878906	17440	8955.10506606102	12553	28.021788990825698	
-1949417.7323074457	144.2625	11.830508474576272	318.22033898305085	191.11864406779662	-58.47701827105982	218	4018	245	19.0	902.0	553.0	45	9.0	146.0	88.0	0	0	47.392770528793335	17520	9002.497836589813	12608	28.03652968036529	
-2554071.996901426	141.0	11.261538461538462	298.3076923076923	178.47692307692307	-58.47701827105982	219	4033	222	17.0	854.0	521.0	46	8.0	128.0	77.0	0	0	53.20737147331238	17600	9055.705208063126	12668	28.02272727272728	
-2044312.8129864498	138.825	11.823529411764707	331.5147058823529	200.44117647058823	-58.47701827105982	220	4045	222	20.0	1049.0	653.0	34	7.0	98.0	60.0	0	0	43.29032492637634	17680	9098.995532989502	12732	27.98642533936652	
-3272904.514771472	142.2	12.272727272727273	360.0	217.45454545454547	-58.47701827105982	221	4059	222	23.0	980.0	610.0	68	9.0	134.0	81.0	0	0	50.1101393699646	17760	9149.105672359467	12794	27.961711711711715	
-2750113.777743692	137.525	12.0	319.53125	192.6875	-58.47701827105982	222	4075	222	18.0	986.0	603.0	44	8.0	131.0	79.0	0	0	42.87286138534546	17840	9191.978533744812	12854	27.94843049327355	
-2240866.1911459854	140.6875	12.407407407407407	362.3888888888889	219.72222222222223	-58.47701827105982	223	4101	203	21.0	791.0	493.0	55	8.0	131.0	80.0	0	0	33.364137411117554	17920	9225.34267115593	12904	27.991071428571416	
-1745591.6157253291	140.3375	12.581818181818182	367.4	222.8181818181818	-58.47701827105982	224	4126	240	21.0	1136.0	711.0	50	9.0	140.0	86.0	0	0	30.20470929145813	18000	9255.547380447388	12955	28.02777777777777	
-2891003.599876046	143.9625	11.836363636363636	336.96363636363634	201.98181818181817	-58.47701827105982	225	4151	271	22.0	812.0	494.0	47	8.0	119.0	72.0	0	0	41.87122821807861	18080	9297.418608665466	13006	28.0641592920354	
-2524026.634728029	147.2125	12.333333333333334	342.6190476190476	207.71428571428572	-58.47701827105982	226	4168	250	20.0	923.0	570.0	40	9.0	152.0	93.0	0	0	37.91359806060791	18160	9335.332206726074	13065	28.056167400881066	
-3693652.126369129	151.7125	12.661290322580646	350.6774193548387	212.90322580645162	-58.47701827105982	227	4186	257	21.0	938.0	578.0	79	9.0	134.0	81.0	0	0	30.501624822616577	18240	9365.83383154869	13123	28.05372807017544	
-2360791.078838538	160.35	12.295081967213115	363.72131147540983	220.95081967213116	-58.4770180026257	228	4205	299	23.0	2561.0	1603.0	78	8.0	107.0	65.0	0	0	12.068253993988037	18320	9377.902085542679	13180	28.05676855895196	
-3067888.763345283	159.0625	12.508474576271187	372.5762711864407	225.61016949152543	-55.74348321009491	229	4226	313	23.0	890.0	544.0	55	9.0	188.0	115.0	0	0	10.232044458389282	18400	9388.134130001068	13235	28.070652173913047	
-2868140.988946944	151.85	12.358490566037736	369.07547169811323	222.16981132075472	-55.74348321009491	230	4253	282	18.0	1118.0	687.0	23	10.0	164.0	100.0	0	0	14.03749418258667	18480	9402.171624183655	13284	28.116883116883116	
-2878984.1441136287	161.325	12.318181818181818	358.8636363636364	216.3181818181818	-55.74348321009491	231	4267	299	20.0	863.0	519.0	68	9.0	131.0	81.0	0	0	13.552963018417358	18560	9415.724587202072	13346	28.09267241379311	
-2884196.8456285605	146.0875	12.623188405797102	381.39130434782606	230.3913043478261	-55.74348321009491	232	4278	262	21.0	1253.0	768.0	28	10.0	179.0	109.0	0	0	17.86109209060669	18640	9433.585679292679	13411	28.052575107296136	
-2571593.9045444005	146.3	13.253968253968255	411.04761904761904	249.3968253968254	-55.74348321009491	233	4295	222	26.0	1229.0	764.0	66	9.0	161.0	98.0	0	0	14.544962644577026	18720	9448.130641937256	13470	28.044871794871796	
-3064644.91091339	140.95	12.048387096774194	322.03225806451616	193.70967741935485	-55.74348321009491	234	4313	278	19.0	704.0	434.0	39	9.0	185.0	112.0	0	0	17.70118498802185	18800	9465.831826925278	13528	28.04255319148936	
-2302065.333120946	132.575	12.056603773584905	332.9056603773585	201.8490566037736	-55.74348321009491	235	4340	238	19.0	701.0	434.0	11	9.0	149.0	91.0	0	0	10.89198350906372	18880	9476.723810434341	13577	28.087923728813564	
-2923258.8938775784	131.25	11.8	324.61538461538464	195.35384615384615	-55.74348321009491	236	4355	228	17.0	611.0	371.0	53	9.0	137.0	83.0	0	0	14.465312957763672	18960	9491.189123392105	13638	28.069620253164558	
-2209823.959217453	131.575	11.790322580645162	331.2741935483871	198.61290322580646	-55.74348321009491	237	4373	255	17.0	629.0	374.0	35	9.0	134.0	81.0	0	0	14.646987676620483	19040	9505.836111068726	13696	28.067226890756302	
-2517948.6982587287	138.25	12.160714285714286	368.69642857142856	222.05357142857142	-55.74348321009491	238	4397	242	20.0	1127.0	681.0	19	8.0	170.0	103.0	0	0	9.956602811813354	19120	9515.792713880539	13748	28.09623430962344	
-2614398.906247166	156.3625	12.442857142857143	390.8	236.14285714285714	-55.74348321009491	239	4407	244	21.0	1304.0	805.0	51	8.0	134.0	81.0	0	0	13.414701223373413	19200	9529.207415103912	13814	28.05208333333333	
-2375160.365243529	164.7125	12.078125	342.40625	206.75	-55.74348321009491	240	4423	260	19.0	893.0	541.0	38	9.0	134.0	81.0	0	0	14.274163246154785	19280	9543.481578350067	13874	28.039419087136935	
-2863775.55680542	159.5	11.893939393939394	328.0	197.66666666666666	-55.74348321009491	241	4437	283	18.0	1106.0	677.0	7	8.0	125.0	76.0	0	0	13.394991874694824	19360	9556.876570224762	13936	28.016528925619838	
-2828312.5668363785	142.5	12.265625	351.59375	213.234375	-55.74348321009491	242	4453	241	25.0	1163.0	713.0	39	8.0	119.0	72.0	0	0	10.89840579032898	19440	9567.774976015091	13996	28.004115226337447	
-2593262.124934465	148.0375	12.559322033898304	367.03389830508473	223.01694915254237	-55.74348321009491	243	4474	241	20.0	1556.0	966.0	84	9.0	149.0	91.0	0	0	8.546091794967651	19520	9576.321067810059	14051	28.017418032786892	
-2066774.37292438	146.425	11.95	356.05	214.93333333333334	-55.74348321009491	244	4494	223	17.0	950.0	585.0	67	8.0	119.0	72.0	0	0	11.572206735610962	19600	9587.89327454567	14107	28.025510204081627	
-2254053.1739197685	154.25	12.777777777777779	378.85714285714283	229.53968253968253	-55.74348321009491	245	4511	296	24.0	1256.0	782.0	64	10.0	179.0	110.0	0	0	10.32522439956665	19680	9598.218498945236	14166	28.018292682926827	
-3344886.5752952276	152.75	12.362068965517242	352.2758620689655	213.10344827586206	-55.74348321009491	246	4533	278	19.0	761.0	467.0	46	8.0	131.0	80.0	0	0	11.554485559463501	19760	9609.7729845047	14220	28.03643724696356	
-3063599.3443469177	156.7	12.222222222222221	357.14285714285717	216.0793650793651	-55.74348321009491	247	4550	346	21.0	926.0	577.0	38	9.0	149.0	91.0	0	0	13.722329378128052	19840	9623.495313882828	14279	28.029233870967744	
-3389910.99318806	157.3875	11.983050847457626	338.10169491525426	204.0	-55.74348321009491	248	4571	346	19.0	797.0	494.0	111	9.0	143.0	86.0	0	0	11.738439083099365	19920	9635.233752965927	14334	28.0421686746988	
-2826377.663104469	160.8	11.956521739130435	339.8695652173913	205.3768115942029	-55.74348321009491	249	4582	260	18.0	818.0	509.0	57	9.0	149.0	90.0	0	0	14.913527727127075	20000	9650.147280693054	14399	28.004999999999995	
-2965702.327979012	172.6875	12.137931034482758	352.7413793103448	212.58620689655172	-55.74348321009491	250	4604	321	20.0	905.0	563.0	55	8.0	137.0	83.0	0	0	14.27795124053955	20080	9664.425231933594	14453	28.022908366533855	
-4000133.5525913807	172.9375	12.46031746031746	365.85714285714283	220.55555555555554	-55.74348321009491	251	4621	306	22.0	1082.0	671.0	69	9.0	134.0	81.0	0	0	17.749831676483154	20160	9682.175063610077	14512	28.015873015873012	
-2508551.5851133233	180.8125	13.457627118644067	426.6271186440678	259.40677966101697	-55.74348321009491	252	4642	307	24.0	1274.0	792.0	37	8.0	113.0	69.0	0	0	7.563464879989624	20240	9689.738528490067	14567	28.028656126482204	
-2393526.9712571735	182.625	13.065573770491802	392.9836065573771	238.50819672131146	-55.74348321009491	253	4661	338	27.0	1763.0	1087.0	54	10.0	149.0	91.0	0	0	7.10163140296936	20320	9696.840159893036	14624	28.03149606299212	
-2919429.3501179735	175.4875	12.451612903225806	383.43548387096774	231.7258064516129	-55.74348321009491	254	4679	308	20.0	1154.0	706.0	63	10.0	200.0	123.0	0	0	11.487916707992554	20400	9708.328076601028	14682	28.029411764705884	
-3228174.024568781	171.6875	11.824561403508772	358.36842105263156	214.98245614035088	-55.74348321009491	255	4702	291	19.0	1118.0	694.0	56	9.0	170.0	101.0	0	0	17.595355987548828	20480	9725.923432588577	14735	28.0517578125	
-3206416.2569623855	175.5375	12.53968253968254	386.76190476190476	233.14285714285714	-55.74348321009491	256	4719	291	19.0	1145.0	703.0	108	9.0	143.0	86.0	0	0	12.57463526725769	20560	9738.498067855835	14794	28.04474708171206	
-3053768.011918285	157.4875	11.910714285714286	357.7142857142857	214.75	-55.74348321009491	257	4743	327	18.0	911.0	552.0	39	8.0	143.0	86.0	0	0	14.27034306526184	20640	9752.768410921097	14846	28.071705426356587	
-3048561.3037464707	155.65	11.82258064516129	334.3709677419355	200.19354838709677	-55.74348321009491	258	4761	234	21.0	803.0	497.0	123	9.0	143.0	86.0	0	0	18.895288944244385	20720	9771.663699865341	14904	28.069498069498067	
-3790443.930786016	153.675	12.225806451612904	337.1290322580645	203.40322580645162	-55.74348321009491	259	4779	286	21.0	1292.0	799.0	25	9.0	143.0	86.0	0	0	15.615961074829102	20800	9787.27966094017	14962	28.067307692307693	
-2868982.9920029463	153.65	13.163934426229508	378.08196721311475	229.68852459016392	-55.74348321009491	260	4798	258	25.0	968.0	604.0	36	10.0	215.0	129.0	0	0	12.63529896736145	20880	9799.914959907532	15019	28.069923371647505	
-2466781.7051900188	153.1875	12.783333333333333	402.6	243.7	-55.74348321009491	261	4818	384	20.0	932.0	577.0	47	9.0	155.0	93.0	0	0	12.12581181526184	20960	9812.040771722794	15075	28.077290076335885	
-2233477.3813230363	156.6375	12.016666666666667	367.15	222.11666666666667	-55.74348321009491	262	4838	258	19.0	1205.0	747.0	35	8.0	137.0	84.0	0	0	12.690465211868286	21040	9824.731236934662	15131	28.08460076045627	
-3017377.8960178928	154.6875	12.379310344827585	362.98275862068965	219.63793103448276	-55.74348321009491	263	4860	258	21.0	839.0	515.0	84	9.0	197.0	122.0	0	0	15.755043983459473	21120	9840.486280918121	15185	28.10132575757575	
-3016547.042299364	146.0875	12.475409836065573	364.21311475409834	220.19672131147541	-55.74348321009491	264	4879	253	21.0	1001.0	614.0	37	8.0	119.0	72.0	0	0	13.789193391799927	21200	9854.275474309921	15242	28.103773584905653	
-2636507.2225092193	151.575	12.527272727272727	363.3090909090909	219.3272727272727	-55.74348321009491	265	4904	280	21.0	854.0	528.0	41	9.0	149.0	91.0	0	0	14.082685947418213	21280	9868.35816025734	15293	28.134398496240593	
-2579074.4494148	145.0375	12.859649122807017	385.7894736842105	234.2982456140351	-55.74348321009491	266	4927	212	20.0	989.0	605.0	78	8.0	119.0	72.0	0	0	12.229480743408203	21360	9880.587641000748	15346	28.155430711610478	
-3596219.5901609384	144.6625	11.576923076923077	333.09615384615387	200.40384615384616	-55.61377616537048	267	4955	256	17.0	644.0	397.0	34	8.0	134.0	81.0	0	0	10.256030321121216	21440	9890.843671321869	15394	28.199626865671647	
-3414438.661242735	154.9375	11.842857142857143	321.37142857142857	193.65714285714284	-55.61377616537048	268	4965	256	19.0	782.0	478.0	65	8.0	134.0	81.0	0	0	13.617599725723267	21520	9904.461271047592	15460	28.159851301115253	
-2564650.5099276276	144.3875	11.82258064516129	322.56451612903226	193.90322580645162	-55.61377616537048	269	4983	248	17.0	857.0	518.0	42	9.0	149.0	91.0	0	0	15.793931484222412	21600	9920.255202531815	15518	28.157407407407405	
-3046404.814692522	140.6	11.846153846153847	342.5230769230769	205.1846153846154	-55.61377616537048	270	4998	260	19.0	779.0	472.0	30	8.0	128.0	80.0	0	0	15.667036056518555	21680	9935.922238588333	15579	28.141143911439116	
-2245480.0357872494	138.6875	11.452830188679245	301.77358490566036	181.96226415094338	-55.61377616537048	271	5025	228	19.0	602.0	369.0	43	8.0	134.0	81.0	0	0	12.912593603134155	21760	9948.834832191467	15628	28.180147058823536	
-2983709.2786970036	137.175	11.836065573770492	333.57377049180326	200.86885245901638	-55.61377616537048	272	5044	263	20.0	815.0	494.0	18	8.0	137.0	83.0	0	0	12.547187089920044	21840	9961.382019281387	15684	28.186813186813183	
-2250149.099327121	140.25	12.029411764705882	327.6764705882353	198.27941176470588	-55.61377616537048	273	5056	216	20.0	815.0	494.0	74	8.0	125.0	76.0	0	0	15.235778331756592	21920	9976.617797613144	15748	28.156934306569354	
-3365249.231415408	142.8375	11.11111111111111	287.4761904761905	173.55555555555554	-55.61377616537048	274	5073	211	18.0	815.0	491.0	47	8.0	125.0	76.0	0	0	14.487457275390625	22000	9991.105254888535	15807	28.14999999999999	
-2181984.823989773	143.9375	11.181818181818182	286.04545454545456	172.46969696969697	-55.61377616537048	275	5087	195	19.0	893.0	548.0	65	8.0	116.0	71.0	0	0	15.762341976165771	22080	10006.8675968647	15869	28.12952898550725	
-2120879.2117102845	142.3875	11.0	300.2931034482759	180.1206896551724	-55.61377616537048	276	5109	212	17.0	701.0	435.0	59	8.0	125.0	76.0	0	0	15.706857442855835	22160	10022.574454307556	15923	28.145306859205775	
-3258153.263617251	147.2375	11.661290322580646	322.9516129032258	194.08064516129033	-55.61377616537048	277	5127	223	19.0	656.0	404.0	95	8.0	125.0	76.0	0	0	14.19892430305481	22240	10036.773378610611	15980	28.147482014388487	
-1781378.9243931128	147.375	12.140625	340.8125	204.765625	-55.61377616537048	278	5143	227	21.0	692.0	430.0	63	8.0	125.0	76.0	0	0	15.073436260223389	22320	10051.846814870834	16040	28.136200716845877	
-2934614.5977497334	145.9875	11.262295081967213	309.42622950819674	185.9344262295082	-55.61377616537048	279	5162	255	19.0	1085.0	667.0	35	8.0	119.0	72.0	0	0	18.27697253227234	22400	10070.123787403107	16097	28.13839285714286	
-2712014.0366908954	149.2375	11.983050847457626	339.9830508474576	205.3050847457627	-55.61377616537048	280	5183	235	19.0	818.0	507.0	55	9.0	116.0	71.0	0	0	13.686922311782837	22480	10083.81070971489	16152	28.14946619217082	
-3672248.4539242806	150.0375	12.049180327868852	325.9016393442623	196.9344262295082	-55.61377616537048	281	5202	258	18.0	866.0	540.0	76	9.0	149.0	93.0	0	0	12.79523491859436	22560	10096.605944633484	16209	28.151595744680847	
-2796719.6644642544	148.5125	11.542372881355933	323.76271186440675	194.135593220339	-55.61377616537048	282	5223	214	19.0	764.0	456.0	98	8.0	146.0	88.0	0	0	15.848929643630981	22640	10112.454874277115	16264	28.16254416961131	
-2192574.042812661	146.225	11.75	334.0769230769231	200.94230769230768	-55.61377616537048	283	5251	269	21.0	866.0	528.0	22	9.0	149.0	91.0	0	0	11.06470513343811	22720	10123.519579410553	16312	28.204225352112672	
-3017041.1273151473	149.0125	11.94915254237288	325.54237288135596	197.25423728813558	-55.61377616537048	284	5272	293	20.0	692.0	428.0	66	9.0	137.0	84.0	0	0	9.279038190841675	22800	10132.798617601395	16367	28.214912280701753	
-3082139.2216976737	152.675	12.098360655737705	341.5409836065574	207.08196721311475	-55.61377616537048	285	5291	293	19.0	896.0	547.0	40	7.0	98.0	60.0	0	0	12.498904466629028	22880	10145.297522068024	16424	28.216783216783213	
-2388226.6537870034	166.05	11.82089552238806	320.67164179104475	194.46268656716418	-55.61377616537048	286	5304	335	20.0	902.0	556.0	92	9.0	128.0	78.0	0	0	10.554166793823242	22960	10155.851688861847	16487	28.19250871080139	
-2759441.640297755	157.6	11.907407407407407	350.3333333333333	211.22222222222223	-55.61377616537048	287	5330	311	21.0	1130.0	698.0	58	9.0	125.0	77.0	0	0	12.99470829963684	23040	10168.846397161484	16537	28.224826388888886	
-2551796.4569276334	155.4375	12.96551724137931	394.01724137931035	239.31034482758622	-55.61377616537048	288	5352	338	26.0	1307.0	810.0	15	9.0	146.0	89.0	0	0	7.8491387367248535	23120	10176.695535898209	16591	28.239619377162626	
-2620774.3694647234	154.7125	12.586206896551724	366.91379310344826	223.31034482758622	-55.61377616537048	289	5374	338	19.0	1121.0	694.0	33	9.0	149.0	91.0	0	0	7.9141340255737305	23200	10184.609669923782	16645	28.254310344827587	
-2875086.2805085406	142.2	12.296875	325.765625	196.546875	-55.61377616537048	290	5390	261	22.0	863.0	528.0	46	10.0	134.0	82.0	0	0	12.981140613555908	23280	10197.590810537338	16705	28.243127147766316	
-2440820.0878815367	149.6875	12.05084745762712	333.8813559322034	201.40677966101694	-55.61377616537048	291	5411	251	20.0	857.0	523.0	39	8.0	128.0	77.0	0	0	10.170083999633789	23360	10207.760894536972	16760	28.25342465753424	
-2790494.6768036387	151.3	11.290322580645162	313.2258064516129	188.48387096774192	-55.61377616537048	292	5429	272	18.0	1064.0	655.0	38	9.0	146.0	89.0	0	0	13.88569712638855	23440	10221.64659166336	16818	28.250853242320815	
-3333512.862418406	156.075	11.701754385964913	312.7894736842105	188.1578947368421	-55.61377616537048	293	5452	251	20.0	779.0	485.0	105	8.0	167.0	102.0	0	0	14.869992733001709	23520	10236.516584396362	16871	28.269557823129247	
-2183451.930782947	150.225	11.8	325.65	196.71666666666667	-55.354842473684016	294	5472	281	19.0	905.0	554.0	27	8.0	125.0	76.0	0	0	11.374720811843872	23600	10247.891305208206	16927	28.275423728813564	
-2757689.597516026	147.2875	12.318181818181818	359.0	217.1818181818182	-55.354842473684016	295	5486	184	21.0	1166.0	717.0	106	8.0	116.0	70.0	0	0	14.054004669189453	23680	10261.945309877396	16989	28.25591216216216	
-2034580.3345772852	145.2125	12.53448275862069	364.37931034482756	221.25862068965517	-55.354842473684016	296	5508	256	18.0	815.0	493.0	34	9.0	185.0	114.0	0	0	13.869430541992188	23760	10275.814740419388	17043	28.27020202020202	
-2466779.9629655085	148.6	12.033333333333333	343.45	206.78333333333333	-55.354842473684016	297	5528	330	19.0	836.0	514.0	71	9.0	155.0	94.0	0	0	14.244601964950562	23840	10290.059342384338	17099	28.276006711409394	
-2412817.7853914383	146.95	12.095238095238095	337.23809523809524	203.73015873015873	-55.354842473684016	298	5545	255	20.0	1022.0	633.0	35	9.0	155.0	94.0	0	0	14.340222597122192	23920	10304.39956498146	17158	28.269230769230774	
-2639408.7096717865	146.5	11.901639344262295	340.3606557377049	205.80327868852459	-55.354842473684016	299	5564	230	21.0	980.0	605.0	7	9.0	149.0	92.0	0	0	10.826076984405518	24000	10315.225641965866	17215	28.27083333333333	
-2278821.279526032	146.85	12.229508196721312	347.6885245901639	210.63934426229508	-55.354842473684016	300	5583	230	24.0	1163.0	713.0	67	9.0	134.0	82.0	0	0	9.36013388633728	24080	10324.585775852203	17272	28.27242524916943	
