1.000000000000000000e+00,7.467310577394499216e-01,-1.855499621962621859e+00
1.000000000000000000e+00,2.690152724258278560e+00,8.363018523446296371e+00
1.000000000000000000e+00,9.620988292516671203e-01,1.820961843279050640e+00
1.000000000000000000e+00,2.024253376163875906e+00,1.244222174502627354e+01
1.000000000000000000e+00,5.767776388557817047e-01,2.292025670687133143e+00
1.000000000000000000e+00,1.151296732250125743e+00,4.559084894869227966e+00
1.000000000000000000e+00,2.170195354862060277e+00,-2.669460889285754313e+00
1.000000000000000000e+00,-7.335380856756372747e-01,4.305836466200707591e+00
1.000000000000000000e+00,-1.252059911066118580e+00,8.699057929605359618e+00
1.000000000000000000e+00,1.535722500239923072e+00,-3.362821588793814431e+00
1.000000000000000000e+00,1.834431748443223320e+00,1.164539640034935353e+01
1.000000000000000000e+00,-1.121894912459590277e+00,2.422343783465845490e+01
1.000000000000000000e+00,6.871444123524796943e-01,-1.818278086205347699e-01
1.000000000000000000e+00,1.885173438892175923e+00,9.295893729323980281e+00
1.000000000000000000e+00,6.243919633777054168e-01,-8.002117839027960144e+00
1.000000000000000000e+00,-3.866369514064837976e-01,1.488676820899881070e+00
1.000000000000000000e+00,7.704797264562500692e-01,-6.002242646888227284e+00
1.000000000000000000e+00,-4.511651329235693009e-01,1.679831849143326394e+01
1.000000000000000000e+00,1.174097719689261687e+00,1.400548620052723159e+01
1.000000000000000000e+00,1.678877335150502859e+00,7.857151814898455378e-01
1.000000000000000000e+00,1.385903419209909337e+00,1.883076919573277408e+01
1.000000000000000000e+00,4.472223575158783548e-01,-6.302295529112018180e+00
1.000000000000000000e+00,1.988886740091044381e+00,6.239149456468107147e+00
1.000000000000000000e+00,1.376120642955787066e+00,8.737452890006631279e+00
1.000000000000000000e+00,1.607635697576071943e+00,1.655682698112861395e-01
1.000000000000000000e+00,5.287236445998260148e-01,3.545558440172661641e+00
1.000000000000000000e+00,1.519173178613688169e+00,-2.851587026845721962e+00
1.000000000000000000e+00,-6.446681826477718147e-01,1.402291969698122642e+01
1.000000000000000000e+00,-2.079523887883902855e-01,-2.976333840711221868e+00
1.000000000000000000e+00,6.247921607577737735e-01,9.792485811740622381e+00
1.000000000000000000e+00,5.673653095633490739e-01,1.167520214365653075e+01
1.000000000000000000e+00,5.338317733855753033e-01,7.137766601014010170e+00
1.000000000000000000e+00,-5.813884787133249965e-01,-1.170600913664328280e+00
1.000000000000000000e+00,1.598623086939626514e+00,5.193475082297801748e+00
1.000000000000000000e+00,2.130523268439771911e+00,-1.388881470281918773e+01
1.000000000000000000e+00,8.623461932690698051e-01,-2.604027626098192272e+00
1.000000000000000000e+00,9.454142571158650199e-01,9.588718841248470071e+00
1.000000000000000000e+00,2.337429245111194653e+00,4.142387790913828027e+00
1.000000000000000000e+00,4.807430934825782654e-01,-7.698495436755917964e+00
1.000000000000000000e+00,2.272616021567719358e+00,-1.202024778735768074e+01
1.000000000000000000e+00,-2.848581176029463258e-01,1.002546755290607905e+01
1.000000000000000000e+00,9.326608706740213695e-01,6.784283445921590605e+00
1.000000000000000000e+00,6.302473565707096270e-01,-3.449511075499868795e+00
1.000000000000000000e+00,6.309628214004794344e-01,1.172039797956273155e+01
1.000000000000000000e+00,-7.378263283843793374e-01,-5.330405574076430675e+00
1.000000000000000000e+00,1.087450422610471756e+00,-2.793571308415137011e+00
1.000000000000000000e+00,1.792187331502009151e+00,4.134140474051248404e+00
1.000000000000000000e+00,1.773401323824089104e+00,8.845114065116824520e+00
1.000000000000000000e+00,1.292394972784177920e+00,-8.667931628357440133e+00
1.000000000000000000e+00,1.189954056216388167e+00,-2.187395425487341782e-01
1.000000000000000000e+00,8.929261261704074526e-01,1.336162241108452520e+01
1.000000000000000000e+00,1.401568047283188401e+00,1.664059442473651451e+00
1.000000000000000000e+00,9.151074643281420506e-02,2.808824960855545427e+01
1.000000000000000000e+00,6.043765283057174198e-01,4.989765277662385756e+00
1.000000000000000000e+00,2.072108674888653024e+00,7.585732402830948296e+00
1.000000000000000000e+00,-6.615910917561542703e-01,-5.281341147883152898e-01
1.000000000000000000e+00,3.914790432533336029e-01,5.073517617667238078e+00
1.000000000000000000e+00,1.448006541473778164e+00,5.451490851263583792e+00
1.000000000000000000e+00,5.471448557909703858e-01,-3.273509106272178393e+00
1.000000000000000000e+00,-3.477638204077839745e-01,-7.045581760715498909e+00
1.000000000000000000e+00,2.537558391263407209e+00,2.144163908485001002e+01
1.000000000000000000e+00,1.824591324836115191e+00,4.199574205760460366e+00
1.000000000000000000e+00,-1.266018645812598820e+00,1.174295948362952480e+00
1.000000000000000000e+00,1.120689439652018615e+00,4.026301125742982601e-01
1.000000000000000000e+00,1.353625400630140252e+00,7.899554094452486908e+00
1.000000000000000000e+00,5.353131201977627818e-01,-1.567933047526423707e+00
1.000000000000000000e+00,4.252722692187085318e-01,-1.170065994648514973e+01
1.000000000000000000e+00,1.056727189058288330e+00,6.748653434933564732e+00
1.000000000000000000e+00,5.891557392037893859e-01,2.218127342238120470e+00
1.000000000000000000e+00,2.814156704261441710e+00,2.332084208791543034e+01
1.000000000000000000e+00,1.542923516768787362e+00,-2.789964252373688325e+01
1.000000000000000000e+00,-1.738191182582027317e-01,7.243365556621554013e+00
1.000000000000000000e+00,1.827445248715171555e+00,-1.671198629026743276e+01
1.000000000000000000e+00,-8.456515324071365303e-01,-6.182992754953947845e+00
1.000000000000000000e+00,5.993607713582485008e-01,-8.582995489940550726e+00
1.000000000000000000e+00,6.330169517481925023e-01,1.196937380846886434e+01
1.000000000000000000e+00,-7.510113060314509426e-01,-9.790858724671222646e+00
1.000000000000000000e+00,2.118563936297967132e+00,-1.183568069514006638e+01
1.000000000000000000e+00,1.681971578725537597e+00,5.212169114287074301e+00
1.000000000000000000e+00,7.353155064795318108e-01,5.473117724388051997e+00
1.000000000000000000e+00,7.428386256561587686e-01,2.489998223542553291e+00
1.000000000000000000e+00,3.540417513718713272e-01,-5.798906114623619601e+00
1.000000000000000000e+00,8.932394803435701469e-01,-6.310070496161204190e+00
1.000000000000000000e+00,1.669868779803402203e+00,4.741974899314921998e+00
1.000000000000000000e+00,1.025055439949990710e+00,-5.635356674781013542e-01
1.000000000000000000e+00,-1.799962625278794803e-02,-1.997603245753623824e+01
1.000000000000000000e+00,1.275386932752350377e-01,1.437116883903763132e+01
1.000000000000000000e+00,1.474140559674920414e+00,-6.494302827309825332e+00
1.000000000000000000e+00,2.078535601851012160e+00,-2.393044736308497988e+01
1.000000000000000000e+00,-1.063299011632980573e+00,-1.514958115490683710e+00
1.000000000000000000e+00,1.949444926684281265e+00,8.527895375728421712e+00
1.000000000000000000e+00,1.887036260056655923e-01,-3.917772780496747487e+00
1.000000000000000000e+00,1.033889569131848818e+00,2.924310758926928955e+01
1.000000000000000000e+00,-3.180482552438439470e-01,7.680785110136066685e+00
1.000000000000000000e+00,1.676390161292309999e+00,5.356293612209022115e+00
1.000000000000000000e+00,6.556814382994082813e-01,-7.784712467994797658e-02
1.000000000000000000e+00,-3.661131579271197367e-01,8.802256361540552021e+00
1.000000000000000000e+00,-1.038234087143019124e+00,-1.602511677297588832e+01
1.000000000000000000e+00,1.522926617818137096e+00,1.334957160536597875e+01
1.000000000000000000e+00,2.588231890153053216e-01,-3.327250447013047285e+00
1.000000000000000000e+00,1.170530011288323680e+00,1.983726964048078045e+01
1.000000000000000000e+00,2.443616329220398509e+00,-8.871371083548790892e+00
1.000000000000000000e+00,2.475559361793239432e+00,7.486531937899139066e+00
1.000000000000000000e+00,6.867822337451308101e-01,1.972697080711539641e+01
1.000000000000000000e+00,1.183865314856221707e-01,9.023589713434871928e-01
1.000000000000000000e+00,-6.685303820583377021e-01,-1.017318092628803861e+01
1.000000000000000000e+00,1.489156450878482696e+00,-3.749651242893258019e+00
1.000000000000000000e+00,1.033559202893021833e+00,-1.036650807381236561e+01
1.000000000000000000e+00,6.754436213187706706e-01,1.054326961039654975e+01
1.000000000000000000e+00,1.005625340813940172e+00,5.635295300853792710e+00
1.000000000000000000e+00,1.524339489186885555e+00,-1.362060859369706023e+01
1.000000000000000000e+00,9.263721617134154096e-01,5.939172778169507616e+00
1.000000000000000000e+00,3.987450751105805491e-01,-9.456408974837328785e+00
1.000000000000000000e+00,1.912322689081731308e-01,-1.116212427487363179e+01
1.000000000000000000e+00,1.550603232158931366e+00,-5.644687951452578289e+00
1.000000000000000000e+00,1.769070044871994929e+00,1.794665188874337858e+01
1.000000000000000000e+00,5.293069003761698976e-01,-1.870834666700139648e+00
1.000000000000000000e+00,2.542417646782082929e+00,1.116523517376084840e+01
1.000000000000000000e+00,1.185211895828714779e+00,-4.155029353030433192e+00
1.000000000000000000e+00,-4.899458069357882639e-01,4.902463877090982081e+00
1.000000000000000000e+00,2.261410301641226361e+00,2.895487927085469870e+00
1.000000000000000000e+00,1.497764520742847161e+00,5.636033794208548109e-01
1.000000000000000000e+00,-1.019147070920594089e-01,1.135175494186468681e+00
1.000000000000000000e+00,1.677902776727820289e+00,1.134595965951830010e+01
1.000000000000000000e+00,6.435337570455967882e-01,1.183725632001376304e+01
1.000000000000000000e+00,2.185661695518805736e+00,2.193158235863156946e+00
1.000000000000000000e+00,2.606240939000640466e+00,1.316451747645208670e-01
1.000000000000000000e+00,1.105538015761806214e+00,-2.345717777554639483e+01
1.000000000000000000e+00,-1.048260849307109943e-01,6.521569309431872519e+00
1.000000000000000000e+00,7.316774307277544853e-01,5.728459985368492546e-01
1.000000000000000000e+00,1.293416616576737788e+00,5.700896790775619394e+00
1.000000000000000000e+00,1.090031190745351042e+00,6.523205097138736086e+00
1.000000000000000000e+00,-1.016880994884756806e+00,7.610623735462436201e+00
1.000000000000000000e+00,6.970467651197498338e-02,-6.801400391720110683e+00
1.000000000000000000e+00,1.450075221902051625e+00,7.065907242317301495e+00
1.000000000000000000e+00,1.206912539851223487e+00,1.086097706610791302e+00
1.000000000000000000e+00,-3.355371574193350970e-01,1.026127434524353887e+01
1.000000000000000000e+00,1.006753338520427477e-01,5.302142416934800373e+00
1.000000000000000000e+00,-1.692241661896684679e+00,2.125027822098027652e+00
1.000000000000000000e+00,9.089562227095838720e-01,4.427503316112948895e+00
1.000000000000000000e+00,1.032140786306022795e+00,-1.045915716808495688e+01
1.000000000000000000e+00,5.968322335325435546e-01,-1.080374338977256876e+01
1.000000000000000000e+00,8.080464440698404971e-01,2.008553152961225940e+00
1.000000000000000000e+00,1.338725782279631238e+00,7.324417183624627459e-01
1.000000000000000000e+00,1.809363809958949965e+00,4.871667457884846897e+00
1.000000000000000000e+00,2.063583578051816581e+00,6.190663423711479929e-01
1.000000000000000000e+00,2.234113285218529477e+00,1.357331098559312466e+01
1.000000000000000000e+00,1.588283224385248049e+00,-2.302200108744782980e-01
1.000000000000000000e+00,1.714156001843077259e+00,1.984903525386224032e+01
1.000000000000000000e+00,2.024326676586205576e-01,-1.862493442008960542e+01
1.000000000000000000e+00,1.638709855431097484e+00,1.164931594724294683e+01
1.000000000000000000e+00,1.690528002269751529e+00,7.203323962350598464e-01
1.000000000000000000e+00,2.072718300692903082e+00,1.447343419647423968e+00
1.000000000000000000e+00,9.263829153412647122e-01,1.506822949849129856e+01
1.000000000000000000e+00,4.055396027015346627e-01,2.613077919773204805e+00
1.000000000000000000e+00,6.204579744898139904e-01,-8.483778914215745814e+00
1.000000000000000000e+00,2.465108397194779144e+00,9.113537337798094384e+00
1.000000000000000000e+00,3.755388313866236505e+00,2.086295497140562105e+01
1.000000000000000000e+00,-4.438256820075177078e-01,5.003278461942483268e+00
1.000000000000000000e+00,4.923731300409637246e-01,-6.432878904660273456e+00
1.000000000000000000e+00,1.413187792830681078e+00,1.202473297871531344e+01
1.000000000000000000e+00,9.050784100078270722e-01,1.484046330483850973e+01
1.000000000000000000e+00,1.041112081651631494e+00,7.439791871083859753e+00
1.000000000000000000e+00,5.234183845027213788e-01,-5.475167176849090822e+00
1.000000000000000000e+00,7.383139931676137024e-01,1.326498354261921975e+01
1.000000000000000000e+00,-1.545166829931574615e-01,-7.012985216758260698e+00
1.000000000000000000e+00,1.247401644888854744e+00,-6.259535913375613880e+00
1.000000000000000000e+00,1.413056158284584640e+00,6.654930962497777713e+00
1.000000000000000000e+00,4.261091838927329789e+00,1.639679338216138049e+01
1.000000000000000000e+00,1.596404260039488321e+00,7.062564940706270278e+00
1.000000000000000000e+00,6.729655255721207485e-01,-2.164750797422151152e+00
1.000000000000000000e+00,3.889236934226844689e+00,5.545192801169141816e+00
1.000000000000000000e+00,-2.247618381785994046e-01,9.301564560763830869e+00
1.000000000000000000e+00,-1.491292490814448701e-01,-2.152073786968679414e+01
1.000000000000000000e+00,-7.871423648082269686e-01,1.141317830008917156e+01
1.000000000000000000e+00,1.789318660670369487e+00,2.098739732086193399e+01
1.000000000000000000e+00,7.569249248081508785e-01,6.044757994661483558e+00
1.000000000000000000e+00,1.985063424770213025e+00,1.150560821693075653e+01
1.000000000000000000e+00,1.042024452397747103e+00,1.208960492085739080e+00
1.000000000000000000e+00,3.586542161771801851e+00,7.083255562324470844e+00
1.000000000000000000e+00,1.484048564098226830e+00,-9.053514512408757042e+00
1.000000000000000000e+00,1.479882309153914388e+00,1.353656137075238419e+01
1.000000000000000000e+00,6.471113611978729363e-01,6.726074698493604842e+00
1.000000000000000000e+00,3.028535058353474252e+00,4.172093808000197690e+00
1.000000000000000000e+00,8.961239306364313650e-01,3.447605964348413821e+00
1.000000000000000000e+00,3.646248095567513614e-01,-6.663763001920208318e+00
1.000000000000000000e+00,1.469840018964419848e+00,2.105016856301355155e+00
1.000000000000000000e+00,1.349261339341104593e+00,-3.797089387892830459e+00
1.000000000000000000e+00,3.144381986868682866e-02,-1.302438631609086528e+01
1.000000000000000000e+00,-9.010637580105282929e-01,4.572497833142484147e+00
1.000000000000000000e+00,1.939197850531481526e+00,-2.048235301737566960e+00
1.000000000000000000e+00,2.842323503929417017e-01,1.825987279309065903e+00
1.000000000000000000e+00,1.728262960496960599e+00,1.688607462648395696e+01
1.000000000000000000e+00,-3.764673377093357143e-01,1.135507824299136637e+01
1.000000000000000000e+00,7.522370881026911871e-01,1.151848068077202925e+01
1.000000000000000000e+00,-2.046500046146597640e-01,-2.456983416671041365e+00
1.000000000000000000e+00,2.070312745304738300e+00,5.701914798070642831e+00
1.000000000000000000e+00,1.625533138219771523e+00,-4.178883681750095391e+00
1.000000000000000000e+00,1.515130949569958085e+00,-2.958241939499644957e+01
1.000000000000000000e+00,5.624756632417385882e-01,-3.824908499692234010e+00
1.000000000000000000e+00,6.821395646837002946e-01,-7.049652465537201707e+00
1.000000000000000000e+00,6.599978003799760184e-01,8.911945556424720749e+00
1.000000000000000000e+00,2.346462411662031400e-04,8.543687519088615900e+00
1.000000000000000000e+00,8.230646624588976445e-01,-6.223298552549397122e+00
1.000000000000000000e+00,-1.163767675682643166e-01,1.554126062816006737e+01
1.000000000000000000e+00,2.189353196589211237e+00,2.821945211601727177e+00
1.000000000000000000e+00,-1.372406123266212141e-02,8.703903149265538985e+00
1.000000000000000000e+00,6.998986971174331329e-01,-1.278222068316515880e+01
1.000000000000000000e+00,1.922024157036998249e+00,-9.077405400118522039e+00
1.000000000000000000e+00,4.754523426081765258e+00,1.786573146971526427e+01
1.000000000000000000e+00,9.607685229690217099e-01,1.680936645463227208e+01
1.000000000000000000e+00,1.149483404761836747e+00,8.400290536577900369e+00
1.000000000000000000e+00,1.333013897295958872e+00,3.948055334490758739e+00
1.000000000000000000e+00,2.411856557947931190e-01,7.429030465545650053e+00
1.000000000000000000e+00,2.210170543320882253e+00,-4.624495994468159843e+00
1.000000000000000000e+00,1.256137213873702585e+00,1.285742097730540934e+01
1.000000000000000000e+00,-5.175748700992506279e-01,7.630006429449562866e+00
1.000000000000000000e+00,2.485340314926404393e+00,1.805982351415394760e+01
1.000000000000000000e+00,-8.041659841318149482e-02,-6.142481055738172380e+00
1.000000000000000000e+00,-1.014200121088086881e-01,-2.276080378926466086e+00
1.000000000000000000e+00,2.267119670975918488e+00,5.251974066096098959e+00
1.000000000000000000e+00,9.773920777062233833e-01,-8.486788847778532485e+00
1.000000000000000000e+00,2.189550252629102189e+00,1.300829332883042255e+01
1.000000000000000000e+00,1.540330762712807999e+00,3.290987950815511542e+00
1.000000000000000000e+00,3.339793730112998738e-01,1.872591900316115598e+01
1.000000000000000000e+00,2.188989966112498742e+00,4.056816563802803977e+00
1.000000000000000000e+00,8.690127888231193864e-01,4.345781722213484244e+00
1.000000000000000000e+00,7.293117155580508548e-01,2.221501686082020655e+01
1.000000000000000000e+00,-5.594814379000645488e-01,7.071470622238884118e+00
1.000000000000000000e+00,6.662767205720474539e-01,1.478014929293670043e+01
1.000000000000000000e+00,1.469785469611437634e+00,1.772299094055476365e+00
1.000000000000000000e+00,7.003249239729805176e-01,-7.327205091296198347e+00
1.000000000000000000e+00,2.658262057538886003e-01,-2.485159559642961202e+00
1.000000000000000000e+00,-3.345575331666530428e-01,8.287787282083266760e+00
1.000000000000000000e+00,6.954034093029523023e-01,8.927124556122075560e+00
1.000000000000000000e+00,8.372200843545848370e-01,-1.247314091635409206e+01
1.000000000000000000e+00,1.861130801215002073e+00,-1.185472102814987494e+00
1.000000000000000000e+00,2.420368464341708492e+00,1.503145002717008794e+01
1.000000000000000000e+00,1.198856824585217584e+00,1.882792269187770540e+00
1.000000000000000000e+00,5.941763167368838694e-01,-1.689056615154022722e+00
1.000000000000000000e+00,1.652902954606712438e+00,1.429315174268696609e+01
1.000000000000000000e+00,2.073960952962131898e+00,-1.613435289020932117e+01
1.000000000000000000e+00,1.594210723075186742e+00,6.362606457634845114e-02
1.000000000000000000e+00,3.903116773738124490e-01,1.052447300858829621e-01
1.000000000000000000e+00,-9.436032910916414274e-02,-2.216855480042881155e+01
1.000000000000000000e+00,1.075445216577892493e+00,6.970768612948653242e+00
1.000000000000000000e+00,1.549605390403129279e+00,1.552199869468661575e+01
1.000000000000000000e+00,2.669641103239132285e+00,1.990355404444999365e+01
1.000000000000000000e+00,1.172756682812743367e+00,-2.415339289058907823e+01
1.000000000000000000e+00,8.941946594551941629e-01,-3.618687780780529550e+00
1.000000000000000000e+00,-5.308542368072846074e-01,-1.042404928532577735e+01
1.000000000000000000e+00,-6.286608232458479328e-02,3.572844970815651777e-01
1.000000000000000000e+00,2.372983126177979685e+00,1.338548220462791960e+01
1.000000000000000000e+00,-1.283177070170129053e+00,-2.893829611964820714e+01
1.000000000000000000e+00,1.127915223561000602e+00,1.568111714940110879e+01
1.000000000000000000e+00,2.576256412079400704e-01,-1.354330056556564088e+01
1.000000000000000000e+00,1.738880431984369812e-01,1.123158005579816354e+01
1.000000000000000000e+00,1.163549924927428814e+00,-1.392646972618035051e+01
1.000000000000000000e+00,-1.066348709726082866e+00,9.745365859632441063e-01
1.000000000000000000e+00,4.079221259706365954e-01,-2.192557459685144039e+00
1.000000000000000000e+00,1.250125925927625614e+00,6.037041364264071674e+00
1.000000000000000000e+00,1.692532568096571266e+00,3.829669295447102328e-02
1.000000000000000000e+00,1.552274713145123330e+00,1.899044986745248798e+00
1.000000000000000000e+00,1.584873318802718423e+00,9.754853569908831901e+00
1.000000000000000000e+00,1.732651144640546370e+00,7.070732543267432391e+00
1.000000000000000000e+00,7.746056620519570224e-01,4.519113281542913363e+00
1.000000000000000000e+00,1.921249810309795691e+00,1.728763124052616718e+01
1.000000000000000000e+00,2.695820188903254033e-01,-2.344996953237334036e+00
1.000000000000000000e+00,1.885398830678221227e+00,-1.648251983377058139e-02
1.000000000000000000e+00,1.107829145598096199e+00,1.709580823979321806e+01
1.000000000000000000e+00,-7.122200292925422449e-01,1.665444517550769277e+01
1.000000000000000000e+00,1.246740678544831171e+00,-7.863404576658921563e+00
1.000000000000000000e+00,6.590923978211273848e-01,1.931864684377482544e-01
1.000000000000000000e+00,4.713649870629625926e-01,9.617998689557817116e+00
1.000000000000000000e+00,2.114530132811168528e+00,-7.643487660630476910e+00
1.000000000000000000e+00,1.039299160712828130e+00,-8.878532176989814673e+00
1.000000000000000000e+00,1.335782308680022235e+00,-5.400787633685984801e+00
1.000000000000000000e+00,2.120809863506151416e+00,1.744147120139643548e+01
1.000000000000000000e+00,1.662509155533538063e+00,4.324258119628298758e+00
1.000000000000000000e+00,1.064712397816544254e+00,-1.306547977794115134e+01
1.000000000000000000e+00,-4.907060719045741592e-02,3.274680831474901410e+00
1.000000000000000000e+00,2.470603797641788280e+00,-1.714592340588703578e+00
1.000000000000000000e+00,1.525554040548510848e+00,7.925986118480293996e+00
1.000000000000000000e+00,1.627388200844265498e+00,-7.643518332701089157e+00
1.000000000000000000e+00,2.758622249770433132e+00,3.205005699325687907e+00
1.000000000000000000e+00,-1.541482419825610517e-01,-7.402180709780076917e+00
1.000000000000000000e+00,8.320137204516642182e-02,2.812824782219731290e+01
1.000000000000000000e+00,-8.820589748304463740e-03,-4.195069036580642674e+00
1.000000000000000000e+00,-4.848952805701540747e-01,9.536210092991709075e+00
1.000000000000000000e+00,1.696319832957579044e+00,-1.409539850982599773e+01
1.000000000000000000e+00,1.437589470469013309e+00,-2.164702484084840606e+01
1.000000000000000000e+00,1.610569037256601499e+00,1.623034045575340700e+00
1.000000000000000000e+00,-3.907221937597886718e-01,-1.323785833782743060e+00
1.000000000000000000e+00,-8.175090269086187078e-01,5.597865688471299173e+00
1.000000000000000000e+00,8.795534346198744524e-01,-8.923954392873671537e+00
1.000000000000000000e+00,7.214957447715640848e-01,-7.007257559778230949e+00
1.000000000000000000e+00,1.113475695651091835e+00,7.292553132612395572e+00
1.000000000000000000e+00,3.475473676006091139e-03,-9.803236772222669870e+00
1.000000000000000000e+00,6.228459550833503888e-01,-1.417639218259136591e+01
1.000000000000000000e+00,2.955773025615305638e+00,6.820774697390737273e+00
1.000000000000000000e+00,-4.905692450454592901e-01,6.561970915979020269e+00
1.000000000000000000e+00,4.905034350103246732e-01,-6.036871934011665886e+00
1.000000000000000000e+00,1.189959051154340752e+00,2.771099165208379844e+00
1.000000000000000000e+00,7.203352403504242885e-01,1.275562199505224292e+01
1.000000000000000000e+00,7.975597555961482232e-01,1.043740802907385401e+01
1.000000000000000000e+00,8.053290445903562578e-01,-3.396331555505798150e+01
1.000000000000000000e+00,2.195920714908770055e-01,-1.400456458577799879e+01
1.000000000000000000e+00,-7.973411119497921806e-01,-6.118010314725048637e+00
1.000000000000000000e+00,1.984793168624469750e+00,-5.704361542592963907e-01
1.000000000000000000e+00,1.016705404418562164e+00,1.030321541606338620e+01
1.000000000000000000e+00,1.082477251824054632e+00,-1.659377981016858072e+01
1.000000000000000000e+00,-1.512980905519989427e-02,-1.036730545949809468e+01
1.000000000000000000e+00,1.014441014284488185e+00,1.016123243002643584e+01
1.000000000000000000e+00,5.466518280580068279e-02,1.573548239681279171e+01
1.000000000000000000e+00,1.709359868712134745e+00,6.026462342345244139e+00
1.000000000000000000e+00,5.000620903217871671e-01,-4.189423844241135342e+00
1.000000000000000000e+00,1.204774794778298297e+00,-1.204504218075388877e+01
1.000000000000000000e+00,7.170344691536920667e-01,-1.505059712662604987e+01
1.000000000000000000e+00,1.206622048367274935e+00,-5.706051520958771661e+00
1.000000000000000000e+00,2.740387755887394583e+00,5.001225588378229503e+00
1.000000000000000000e+00,1.463466299708870322e+00,-2.098210769350376026e+01
1.000000000000000000e+00,-6.765930488332148052e-01,-2.571552962000138010e+01
1.000000000000000000e+00,3.071586458576031298e+00,5.135822021758106537e+00
1.000000000000000000e+00,1.675779552992602284e+00,-1.261187479006207290e+01
1.000000000000000000e+00,3.051084015262377491e+00,9.784926180256462658e+00
1.000000000000000000e+00,3.307870904852117100e+00,1.756706026049129221e+01
1.000000000000000000e+00,2.426584377951235272e-02,3.154485811486068769e+00
1.000000000000000000e+00,2.384005941076765556e-01,1.419292446759428117e+00
1.000000000000000000e+00,1.189466863975649158e+00,7.992286747430648930e+00
1.000000000000000000e+00,2.729105467305761312e-01,-4.443108540216433866e+00
1.000000000000000000e+00,-7.145146877100780891e-01,-6.429625456486553148e+00
1.000000000000000000e+00,-8.857891976221665686e-04,7.155449112444582482e+00
1.000000000000000000e+00,7.002456392955138664e-01,6.421120063747604023e-02
1.000000000000000000e+00,1.228317227175280912e+00,-8.743201694345058783e+00
1.000000000000000000e+00,2.122994106238496048e+00,1.202617451167810714e+01
1.000000000000000000e+00,-2.147670849230181034e-01,3.438390776724090880e+00
1.000000000000000000e+00,2.388174932087927527e-01,3.846905945350923783e+00
1.000000000000000000e+00,1.239223070693602269e+00,1.038622125115489681e+01
1.000000000000000000e+00,1.120043427464568975e+00,-3.498291969358401587e+00
1.000000000000000000e+00,2.098743201669944547e+00,-1.154377226410593238e+01
1.000000000000000000e+00,9.931915953373076089e-01,2.597919435598246007e+00
1.000000000000000000e+00,1.093160026174326838e-01,7.534006246446527832e+00
1.000000000000000000e+00,1.407057252499116062e+00,7.050832633142057659e+00
1.000000000000000000e+00,9.783576556681269354e-01,-5.661132345419546574e+00
1.000000000000000000e+00,1.818790186040796231e+00,3.617796690561246642e+00
1.000000000000000000e+00,2.470064266858545743e+00,1.728250042793985486e+01
1.000000000000000000e+00,1.212331510348252372e+00,-3.564690928996909758e-01
1.000000000000000000e+00,4.195714584481411435e+00,1.740165082438744903e+00
1.000000000000000000e+00,4.429795361986313962e-01,1.818672296816983547e+01
1.000000000000000000e+00,-1.635098774099610353e-01,-5.991565420604639591e+00
1.000000000000000000e+00,3.042108705266461044e+00,3.548354749856273749e+00
1.000000000000000000e+00,5.992473876865427318e-01,7.971364799147631075e+00
1.000000000000000000e+00,3.043895493375767813e-01,-4.186250387908909687e+00
1.000000000000000000e+00,8.275700894145587849e-01,-5.313391566481473482e+00
1.000000000000000000e+00,1.957961953665642962e+00,6.727122943046017767e-01
1.000000000000000000e+00,2.728835965413413334e+00,3.019196279512249781e+00
1.000000000000000000e+00,4.150371648248795120e-01,-1.869223870265459997e+00
1.000000000000000000e+00,-5.438633829438728196e-01,1.196703589824863023e+01
1.000000000000000000e+00,3.498697744335105275e-01,-6.745651199696255595e+00
1.000000000000000000e+00,-5.103202996894844468e-01,-3.883981971444995462e+00
1.000000000000000000e+00,1.257206917184395589e+00,2.624543651867432104e+00
1.000000000000000000e+00,2.562139918380784698e-01,1.662054539680029919e+01
1.000000000000000000e+00,-1.776101619274430554e+00,-1.087296703437953838e+01
1.000000000000000000e+00,3.931848886170253854e-01,-1.092199163515024907e+01
1.000000000000000000e+00,1.054031988903533001e+00,-1.629804651205766675e+01
1.000000000000000000e+00,1.587513505786081858e+00,5.327240596106484816e+00
1.000000000000000000e+00,5.290755998607047372e-01,3.742656504349035074e-01
1.000000000000000000e+00,6.705854202585040946e-01,2.228062582856696494e+01
1.000000000000000000e+00,1.674840799294559979e+00,1.879780195779141572e+00
1.000000000000000000e+00,1.818994664353151602e+00,9.893459337128049924e+00
1.000000000000000000e+00,3.041452854143692486e-01,1.671415048887987709e+01
1.000000000000000000e+00,5.669507423825137504e-01,7.140854359165405896e+00
1.000000000000000000e+00,-2.444119223724032786e-01,4.337609416388210626e+00
1.000000000000000000e+00,2.026325465844265761e+00,4.519948290653200473e+00
1.000000000000000000e+00,5.378926426929676596e-01,-1.501224499396904477e+01
1.000000000000000000e+00,1.361965493387482962e+00,-3.769785692023467139e+00
1.000000000000000000e+00,4.123059895788043772e-01,-2.859998782999814804e+00
1.000000000000000000e+00,1.523175319549464835e+00,5.298130170375929815e-01
1.000000000000000000e+00,1.937004882534115513e+00,2.245312431075386073e+01
1.000000000000000000e+00,1.684486178579815974e-01,-7.818954004073746411e+00
1.000000000000000000e+00,1.283068941062870838e+00,1.058249637242208863e+01
1.000000000000000000e+00,-6.683992403647405212e-01,-1.000187037461974349e+01
1.000000000000000000e+00,1.263565975958946597e+00,-2.920966099998879351e+00
1.000000000000000000e+00,-4.789108168397433474e-01,-8.073503077576033249e+00
1.000000000000000000e+00,-2.660445586583422006e-01,-7.382929535001776955e+00
1.000000000000000000e+00,3.812683373717689062e-01,1.005001493424902215e+01
1.000000000000000000e+00,7.343096146682750458e-01,6.613732135944332846e+00
1.000000000000000000e+00,-1.063396836415584801e+00,7.122978032104700041e+00
1.000000000000000000e+00,1.484591859691103188e+00,1.168519174156291385e+01
1.000000000000000000e+00,-7.159757786353118103e-01,3.030000932734544961e+00
1.000000000000000000e+00,1.174282295174547075e+00,7.094858034196582786e-02
1.000000000000000000e+00,6.147821391115538825e-01,-4.575252603513044192e-01
1.000000000000000000e+00,-8.336832232317681335e-01,3.463145495276631625e-02
1.000000000000000000e+00,1.507656306427740622e+00,-8.160641482747340802e+00
1.000000000000000000e+00,-1.114166614998313598e+00,1.922604071275258875e+01
1.000000000000000000e+00,4.138507291631943197e-01,1.733686504165034137e+01
1.000000000000000000e+00,-1.218374395537182409e+00,-1.044413891479791268e+01
1.000000000000000000e+00,2.588394740076052081e+00,-1.170655345226236221e+01
1.000000000000000000e+00,1.413916241714406441e+00,1.432907364594123401e+01
1.000000000000000000e+00,1.654596466317966641e+00,6.262316637508657635e+00
1.000000000000000000e+00,-5.447693753410209894e-02,-1.003692491869248649e+01
1.000000000000000000e+00,1.902384063363283140e+00,-2.049828708147637180e+00
1.000000000000000000e+00,2.351526005482951653e+00,5.961756757110173943e+00
1.000000000000000000e+00,2.367654130112288868e+00,9.005083223014811011e+00
1.000000000000000000e+00,1.461593337898878797e+00,1.477942903827116972e+01
1.000000000000000000e+00,1.031969519001414426e-01,8.514240202477690644e+00
1.000000000000000000e+00,-1.630061253071269256e+00,-1.355230062263262525e+01
1.000000000000000000e+00,9.147263118514320501e-01,1.079050325200739557e+01
1.000000000000000000e+00,-3.688453042713657481e-01,-2.004611876785713065e+01
1.000000000000000000e+00,-4.636805536429453589e-01,6.818212810675757574e+00
1.000000000000000000e+00,2.025031561049867257e+00,-4.167761383169881206e+00
1.000000000000000000e+00,9.269305832492983344e-01,-8.469580420327487147e+00
1.000000000000000000e+00,-6.111807587321300694e-01,-2.630317244225442330e+00
1.000000000000000000e+00,2.004773909208553917e+00,-1.086063463315431576e+01
1.000000000000000000e+00,-2.506153775345083545e-01,-8.037039109610530474e+00
1.000000000000000000e+00,8.303005872116102637e-01,8.854362092042030952e+00
1.000000000000000000e+00,-4.419851896983983952e-01,3.776204752955899524e-01
1.000000000000000000e+00,1.213819373741600316e-01,7.315063709728899966e+00
1.000000000000000000e+00,1.021340119002093427e+00,5.609646746644768811e+00
1.000000000000000000e+00,1.609522875797509744e+00,1.073568386609336756e+01
1.000000000000000000e+00,1.116084077368786565e+00,1.287829365695723638e+01
1.000000000000000000e+00,1.195698326298602510e+00,3.325734466911327569e-01
1.000000000000000000e+00,1.901298032108574176e+00,1.090723979521079023e+01
1.000000000000000000e+00,3.082821152966232159e+00,-1.151563089528447748e+01
1.000000000000000000e+00,9.750636733814534995e-01,1.410317873808321387e+01
1.000000000000000000e+00,2.203259498438263186e+00,-9.202142250393032796e-01
1.000000000000000000e+00,1.249436097074637209e+00,8.676625314470912675e-01
1.000000000000000000e+00,-8.105285677233422525e-01,1.606539728189185467e+01
1.000000000000000000e+00,1.366936821994245488e+00,6.298384575644151440e+00
1.000000000000000000e+00,1.297748832430642318e+00,-6.612875353101332010e+00
1.000000000000000000e+00,1.549960692731421341e-01,1.219709015186452028e+00
1.000000000000000000e+00,7.246757668708365685e-01,-7.510331504012409676e-01
1.000000000000000000e+00,6.101069311101058323e-01,1.535025869340281846e+00
1.000000000000000000e+00,1.048810583506861960e+00,6.065925589014847574e+00
1.000000000000000000e+00,9.850149023229310963e-01,-3.052024631625851914e+00
1.000000000000000000e+00,1.956137266235273842e+00,2.400876012829411543e-01
1.000000000000000000e+00,3.351739941043402338e-01,-5.023474151519796926e+00
1.000000000000000000e+00,6.049483098907564305e-01,6.797619976665439268e+00
1.000000000000000000e+00,-5.455972910230815209e-01,-2.263186112647413495e+01
1.000000000000000000e+00,9.885969608592878322e-01,5.148864370245696875e+00
1.000000000000000000e+00,4.961749356345521722e-01,3.757332240141798341e+00
1.000000000000000000e+00,5.167683707243346802e-01,2.561579181801390881e+00
1.000000000000000000e+00,1.471729811952810385e+00,1.804826894324177644e+01
1.000000000000000000e+00,2.896644643909017436e+00,2.817034887269542764e-02
1.000000000000000000e+00,9.634515790053174156e-01,2.435227822310043866e+00
1.000000000000000000e+00,4.879678739702303369e-01,5.387502124528254832e+00
1.000000000000000000e+00,9.822085359855815545e-01,-3.200427495748483508e+00
1.000000000000000000e+00,2.299047725383383423e+00,2.345951870656869431e+01
1.000000000000000000e+00,4.159069446226305589e-01,4.323898003829070191e+00
1.000000000000000000e+00,-7.906760147763989277e-01,-7.357456049552957289e+00
1.000000000000000000e+00,1.609434530846693079e+00,2.350142537367963058e+01
1.000000000000000000e+00,1.908749700089617640e+00,1.964885401694486688e+01
1.000000000000000000e+00,-1.944591083468928616e+00,-1.320183622084984965e+00
1.000000000000000000e+00,-1.107466709553153184e-01,2.745998455598429810e+00
1.000000000000000000e+00,1.612848972232888034e+00,2.138866373228513140e+00
1.000000000000000000e+00,2.303083650335914001e+00,9.157024672686903344e+00
1.000000000000000000e+00,1.078888709355543041e+00,-1.953728067636706101e+01
1.000000000000000000e+00,1.947596919880814959e+00,1.603758253108326670e+01
1.000000000000000000e+00,1.271220237992626956e+00,2.573808872773989975e+01
1.000000000000000000e+00,8.714482023014474832e-01,-3.541758922114489838e+00
1.000000000000000000e+00,2.321116598719538127e-01,1.402733937183517909e+00
1.000000000000000000e+00,3.816870416729669646e-01,1.203746467183506041e+01
1.000000000000000000e+00,5.774865292441672127e-01,-7.412779119983632370e+00
1.000000000000000000e+00,-5.047160867183573263e-01,-9.509184953586946598e-01
1.000000000000000000e+00,2.237469198348129851e+00,1.453651884125485338e+01
1.000000000000000000e+00,1.226612934483774620e+00,-3.910066313660053972e+00
1.000000000000000000e+00,-5.465630350085948219e-01,-9.071680426315424484e+00
1.000000000000000000e+00,5.125505680991502278e-01,2.192398412151397125e+01
1.000000000000000000e+00,-4.099991663507331907e-01,-3.840372613308843608e+00
1.000000000000000000e+00,8.420113693178032932e-01,1.630163705375963801e+01
1.000000000000000000e+00,7.196142586238616357e-01,-1.854760541516247230e+01
1.000000000000000000e+00,1.033158642400216598e+00,8.710761586464657924e+00
1.000000000000000000e+00,4.734044810999455954e-01,7.475824488979311511e+00
1.000000000000000000e+00,1.348338592194978203e+00,-4.140893096596930611e+00
1.000000000000000000e+00,-3.847744550639842220e-01,-3.024601870764437317e-02
1.000000000000000000e+00,1.377897613674292421e+00,1.080839449356790283e+01
1.000000000000000000e+00,1.084616004424120428e-01,-9.250840986428212176e+00
1.000000000000000000e+00,2.294093916027403424e+00,-4.047686108297119389e-01
1.000000000000000000e+00,1.053908222659576843e+00,-1.660372214800658330e-01
1.000000000000000000e+00,2.508125972693102224e+00,1.561243085869277891e+01
1.000000000000000000e+00,5.118660837256274743e-01,7.993774252838372618e+00
1.000000000000000000e+00,-1.177089377377478208e-01,7.157445241436537486e+00
1.000000000000000000e+00,9.645276649238049282e-01,1.232046241497340233e+01
1.000000000000000000e+00,-6.905045397140956442e-01,1.751640940147223802e+01
1.000000000000000000e+00,1.793469288095380421e+00,1.613688009610498497e+01
1.000000000000000000e+00,2.224193773263962726e+00,-9.449303666429585746e+00
1.000000000000000000e+00,-1.530150381625896117e+00,-2.324064559067157809e+00
1.000000000000000000e+00,1.008577896376446015e+00,1.348551027010510417e+01
1.000000000000000000e+00,-1.370751749938686981e+00,4.208137960754820384e+00
1.000000000000000000e+00,-4.209392814724288723e-01,2.969989307895847919e+00
1.000000000000000000e+00,2.169108975676181217e+00,1.961272697191749614e+01
1.000000000000000000e+00,2.310624043815851181e+00,-1.013835656374265071e+01
1.000000000000000000e+00,-9.124797107641133831e-01,2.653236994763790157e-01
1.000000000000000000e+00,-1.221837736433954102e+00,4.636667536726502448e+00
1.000000000000000000e+00,9.743940100000564319e-01,-8.550960953982711388e+00
1.000000000000000000e+00,-6.869667716581062678e-02,9.987127649903964510e+00
1.000000000000000000e+00,9.066168595058980983e-01,-1.037518286597155637e+01
1.000000000000000000e+00,-2.861152749698381292e-02,-3.884699137597829921e+00
1.000000000000000000e+00,5.342795602418706213e-01,5.469714700579112465e-01
1.000000000000000000e+00,7.828949558052253899e-01,-1.177168641483473799e+01
1.000000000000000000e+00,-1.928427348115974826e+00,2.929042103180012457e+00
1.000000000000000000e+00,1.211421030727283021e+00,-4.144331201198008685e+00
1.000000000000000000e+00,2.480250198735263645e+00,2.685760933863929623e+01
1.000000000000000000e+00,-3.603996567062068834e-01,-8.318746793529390615e+00
1.000000000000000000e+00,1.658008387260658800e-01,-8.629692726100870459e+00
1.000000000000000000e+00,2.109804476058450007e+00,9.550125992237301631e-02
1.000000000000000000e+00,1.229030251018136122e-01,6.041701056877017528e+00
1.000000000000000000e+00,-1.284882443553823084e+00,5.715847958722886091e-01
1.000000000000000000e+00,1.680673767485317827e-01,-6.228529866948541382e+00
1.000000000000000000e+00,2.857353224896833410e+00,7.872626255200436241e+00
1.000000000000000000e+00,3.901673095011775061e-01,4.424031073172858264e-01
1.000000000000000000e+00,2.463811178537357316e-01,-2.166581485070782076e+00
1.000000000000000000e+00,1.563829340355125108e-01,-1.047073601974460999e+01
1.000000000000000000e+00,1.571110666547811840e+00,-4.435148168331855878e+00
1.000000000000000000e+00,1.894871921196726205e+00,-5.603934069956453712e+00
1.000000000000000000e+00,-5.491601702183059874e-01,-2.439082876068174599e+01
1.000000000000000000e+00,6.151136662703384772e-01,9.735124958770271064e+00
1.000000000000000000e+00,1.572137640884084808e+00,1.295696806821948321e+01
1.000000000000000000e+00,1.507698370122416254e+00,-2.195950938282026144e+00
1.000000000000000000e+00,2.602331571389077780e+00,9.711183067132537872e+00
1.000000000000000000e+00,1.422907207214695102e+00,-1.909487844315889049e+01
1.000000000000000000e+00,1.485831523687655809e+00,9.561483044133934683e+00
1.000000000000000000e+00,2.336723455803284999e+00,1.528757466939056719e+01
1.000000000000000000e+00,1.660623240716513127e+00,5.190022862330613940e+00
1.000000000000000000e+00,3.073731896857412327e-01,5.233826782158833346e+00
1.000000000000000000e+00,-5.795799474992890943e-01,-4.464320133353557374e+00
1.000000000000000000e+00,1.430873220283854330e+00,-1.300742359192551945e+01
1.000000000000000000e+00,1.050879463962394178e+00,-4.656022478943391718e+00
1.000000000000000000e+00,1.634964209433875659e+00,-3.899625016458433180e+00
1.000000000000000000e+00,5.685239231865175658e-01,3.888041803253187378e+00
1.000000000000000000e+00,7.252631116160872526e-01,3.614213115117983044e+00
1.000000000000000000e+00,-1.495546903176445674e-01,4.559012797915485748e+00
1.000000000000000000e+00,4.498252747589394085e-01,1.504282953344005636e+00
1.000000000000000000e+00,8.263193148695600065e-01,8.969686353067260143e+00
1.000000000000000000e+00,1.664555970459006051e+00,9.668304315956732786e-01
1.000000000000000000e+00,6.861614744400272858e-01,-1.100699617466378566e+00
1.000000000000000000e+00,1.393371836128574071e+00,3.820619891607635488e+00
1.000000000000000000e+00,1.851430016140703128e+00,1.038323624787825850e+01
1.000000000000000000e+00,1.408453363383008750e+00,-6.337906133210824855e+00
1.000000000000000000e+00,9.161110053279837295e-01,-1.455696884406736302e+01
1.000000000000000000e+00,7.966376878354782809e-01,-1.339886972474018112e+00
1.000000000000000000e+00,2.350207081655675267e+00,3.701974890489539316e+00
1.000000000000000000e+00,1.218487654008683085e+00,4.771697925026218812e+00
1.000000000000000000e+00,-6.420695192085947856e-01,2.172826446349029439e+00
1.000000000000000000e+00,-1.172000893898881735e+00,-2.091899641187141334e+00
1.000000000000000000e+00,1.189708065484358368e+00,2.746434119094079307e+00
1.000000000000000000e+00,1.041544440865672438e+00,7.980511934779586980e+00
1.000000000000000000e+00,-7.522409246986176967e-01,1.220799328369574432e+01
1.000000000000000000e+00,7.525589526388638539e-01,4.925805302177040268e+00
1.000000000000000000e+00,5.866770151683797785e-02,1.487402627834447522e+01
1.000000000000000000e+00,-3.427009255396298304e-01,8.041475479394769366e+00
1.000000000000000000e+00,1.417912282643470467e+00,4.246521582682767360e+00
1.000000000000000000e+00,2.648678489285936077e-01,-3.270434315057646035e+00
1.000000000000000000e+00,4.451722678354940177e-01,2.133754265341904244e+01
1.000000000000000000e+00,7.080889759443228515e-01,3.092340935493057330e+00
1.000000000000000000e+00,2.146862619795775196e+00,-1.711768326601147194e+00
1.000000000000000000e+00,1.459057607105229248e+00,1.133354355177619333e+01
1.000000000000000000e+00,-1.096444132336150457e+00,-1.253417928659309055e+01
1.000000000000000000e+00,1.733133321122483528e+00,-7.637663202336955948e+00
1.000000000000000000e+00,3.781987174742518221e+00,1.738504187255213296e+01
1.000000000000000000e+00,3.553042227158001998e-01,-5.791266450141788980e+00
1.000000000000000000e+00,6.030970139516345085e-01,-5.764205848611189786e+00
1.000000000000000000e+00,2.689493355828661336e+00,1.075956846626407959e+01
1.000000000000000000e+00,1.345286964771418292e+00,7.668544168339430200e+00
1.000000000000000000e+00,1.461732043712035356e+00,-2.929970843741877662e+00
1.000000000000000000e+00,2.072743293553736876e+00,-2.221269298905227174e+00
1.000000000000000000e+00,1.873406865996718018e+00,4.637292835222039500e+00
1.000000000000000000e+00,5.628679488024170841e-01,-5.117369440701451389e+00
1.000000000000000000e+00,7.773134912276262742e-01,2.481318510949041212e+01
1.000000000000000000e+00,3.906573055554299678e+00,1.598963071767575173e+01
1.000000000000000000e+00,-1.037673493692411686e+00,-1.055540309345330208e+01
1.000000000000000000e+00,2.233166288795902066e+00,7.714433049235410067e+00
1.000000000000000000e+00,-8.291655926388536990e-01,-4.326196872636231205e+00
1.000000000000000000e+00,2.081955965145361187e-01,1.704388748419074506e+00
1.000000000000000000e+00,2.527673277615596792e+00,5.901345871711187741e+00
1.000000000000000000e+00,2.889947295399970528e+00,1.104691990124822176e+01
1.000000000000000000e+00,2.192054947720870839e+00,1.777232123338301406e+01
1.000000000000000000e+00,9.194167275411666562e-01,9.044499465197961996e+00
1.000000000000000000e+00,1.610594220368503748e+00,3.866336954816048443e+00
1.000000000000000000e+00,8.562652957180844071e-01,-4.102665387098651806e+00
1.000000000000000000e+00,5.039920528254578924e-01,-3.353486904868118401e+00
1.000000000000000000e+00,1.143032207031443370e+00,-1.878144931065231305e+01
1.000000000000000000e+00,-3.190670463117919464e-01,-1.216038347246476192e+01
1.000000000000000000e+00,4.230247406158468282e-01,7.349175112058597747e+00
1.000000000000000000e+00,1.816918887882274181e+00,6.791112531174055000e-01
1.000000000000000000e+00,3.307830707561781658e+00,6.462446833802317769e+00
1.000000000000000000e+00,1.438166157131943734e-01,7.387199640950185220e+00
1.000000000000000000e+00,8.672520714541633868e-01,4.711061680285659747e+00
1.000000000000000000e+00,2.490729565552141089e-02,9.784439610517549069e-01
1.000000000000000000e+00,9.934695691267222406e-01,-2.234873767476604822e+00
1.000000000000000000e+00,1.585322193271572422e+00,-1.396352681590595601e+01
1.000000000000000000e+00,2.053962652227946606e+00,1.230640445883938128e+01
1.000000000000000000e+00,1.007815472043025906e+00,-7.165768335392846744e+00
1.000000000000000000e+00,1.923372876769476436e+00,-1.899794511077751480e+01
1.000000000000000000e+00,2.101292809032420550e+00,1.322597235895625190e+01
1.000000000000000000e+00,-1.908565389714566241e+00,7.721044599685325416e+00
1.000000000000000000e+00,4.597433438827963625e-01,7.218426878645375133e+00
1.000000000000000000e+00,-3.132549027920017437e-02,2.259919701673654691e-01
1.000000000000000000e+00,4.414248144735325452e-01,-8.741709953332891914e+00
1.000000000000000000e+00,5.631090034734105298e-01,1.454382679744275375e+00
1.000000000000000000e+00,-7.884186846637040169e-01,-9.281544524620288783e+00
1.000000000000000000e+00,-5.677146436684408215e-01,6.616604206396319299e+00
1.000000000000000000e+00,1.075747418253644838e+00,9.000235110910788094e+00
1.000000000000000000e+00,4.529978873041411447e-01,-6.635618378486043412e+00
1.000000000000000000e+00,5.762994368084077834e-01,-7.596626866938393619e+00
1.000000000000000000e+00,1.579647818732102582e+00,1.357469042741521470e-01
1.000000000000000000e+00,2.295652781991915248e+00,-1.307422693962665861e+00
1.000000000000000000e+00,1.477917868212049735e+00,4.326406811849808243e+00
1.000000000000000000e+00,8.350475207728831339e-01,-7.705937158833233269e+00
1.000000000000000000e+00,-2.600517113497100574e-01,2.943298193043842303e+01
1.000000000000000000e+00,1.213186602584933604e+00,2.726221115597443401e+00
1.000000000000000000e+00,5.211861404182360769e-02,-1.028011972374221594e+00
1.000000000000000000e+00,2.021233132498224450e+00,2.782786388844771253e-01
1.000000000000000000e+00,5.895602319971304794e-02,5.222729849973325678e+00
1.000000000000000000e+00,2.285474363919206553e+00,9.495655642561578347e+00
1.000000000000000000e+00,2.536112327377011866e+00,3.701323456746162144e+00
1.000000000000000000e+00,1.294454337205141581e+00,4.917948234221613646e+00
1.000000000000000000e+00,-3.227895273219685279e-01,8.866544442078559740e+00
1.000000000000000000e+00,2.306274243878957186e+00,1.644147735594220894e+00
1.000000000000000000e+00,7.265061931031433495e-01,-3.047387620559552701e+00
1.000000000000000000e+00,4.446499145784741369e-01,-2.643121159105751516e+00
1.000000000000000000e+00,-2.444610257307544554e-01,1.224604497712174123e+01
1.000000000000000000e+00,8.816203187331643765e-01,-1.589057012359309073e+00
1.000000000000000000e+00,1.961949344290130348e+00,-9.047107518101912049e+00
1.000000000000000000e+00,-3.364665247102816004e-02,7.931257622935364182e+00
1.000000000000000000e+00,-7.845027276330704957e-01,-6.844996172479447694e+00
1.000000000000000000e+00,2.550820865628952161e-01,6.636284511512428708e+00
1.000000000000000000e+00,4.866033640469569210e-01,-1.587093782899248184e+00
1.000000000000000000e+00,2.843821449566530379e-02,-4.075063684125487029e+00
1.000000000000000000e+00,7.613558674648771563e-01,2.440441456497796313e+00
1.000000000000000000e+00,6.907725222036865675e-01,1.373650637998321500e+01
1.000000000000000000e+00,2.238484796530246790e-01,2.840822363849207477e+01
1.000000000000000000e+00,1.388224493356599254e+00,9.145830290237453308e-01
1.000000000000000000e+00,1.697254185268942006e+00,-1.235723793357986544e+01
1.000000000000000000e+00,6.924982950331064480e-01,8.256515474762023743e+00
1.000000000000000000e+00,3.223007122691410320e-01,8.921081898152826151e-01
1.000000000000000000e+00,1.222723907383978181e+00,-7.956898407243794047e+00
1.000000000000000000e+00,1.109321334861655739e+00,-7.183530612376730851e+00
1.000000000000000000e+00,1.748488676318311175e+00,-5.643183302859492656e+00
1.000000000000000000e+00,-3.555359739829033749e-02,-2.448135820739211876e+00
1.000000000000000000e+00,2.231798737609593797e+00,5.540089097590209732e+00
1.000000000000000000e+00,1.835562238080604480e+00,-2.992181344434178492e+00
1.000000000000000000e+00,1.390565317473086981e+00,-4.146761693665875548e+00
1.000000000000000000e+00,1.414247507844689444e+00,-1.664986538425851315e+00
1.000000000000000000e+00,8.986613676543606655e-01,-1.815607135697573593e+00
1.000000000000000000e+00,7.962537497780657336e-01,-5.664494090388467740e+00
1.000000000000000000e+00,-1.482264784122826473e-01,7.802651196448024962e-01
1.000000000000000000e+00,5.845776922256753494e-01,8.630001582249095193e+00
1.000000000000000000e+00,1.035693179380113182e+00,-4.596741886019477974e+00
1.000000000000000000e+00,1.328278174435885139e+00,-9.667510098137785945e+00
1.000000000000000000e+00,-6.078144785035690667e-01,-4.154808793818658863e+00
1.000000000000000000e+00,6.571417923443254594e-01,1.594877292665198887e+01
1.000000000000000000e+00,2.073045642374455433e+00,-2.178956348645659347e+00
1.000000000000000000e+00,9.818771455100400170e-01,-1.847301486424177241e+01
1.000000000000000000e+00,-4.541243235272829359e-02,-8.758995170928099983e-01
1.000000000000000000e+00,3.154464152784910436e-01,1.614415262302796084e+00
1.000000000000000000e+00,-2.210636000130983270e-02,2.024200487896401768e+01
1.000000000000000000e+00,2.655729793973726771e+00,2.475449283790359090e+01
1.000000000000000000e+00,1.715701209887500411e+00,3.999811087260060738e+00
1.000000000000000000e+00,1.761949155996504812e+00,1.679746038666030827e+01
1.000000000000000000e+00,2.898463909354220824e-03,5.700507197727848308e+00
1.000000000000000000e+00,6.758408019897534924e-01,-2.268908344145022937e+01
1.000000000000000000e+00,1.996744615486469421e+00,4.370077734889753707e+00
1.000000000000000000e+00,1.185505478032737203e+00,-1.710747944538302923e+00
1.000000000000000000e+00,4.688736882489492608e-01,1.474990163052460623e+01
1.000000000000000000e+00,8.167925536860698443e-01,-1.151103949719314734e+00
1.000000000000000000e+00,1.040500906902691147e+00,-4.002695594819063452e-01
1.000000000000000000e+00,1.292836227548386008e+00,1.681985769542941966e+01
1.000000000000000000e+00,1.118681274935521497e+00,1.909120441490483877e+00
1.000000000000000000e+00,1.153557334439007542e+00,4.171709659546309013e+00
1.000000000000000000e+00,-1.711044886837874035e+00,-1.657834722684400575e+00
1.000000000000000000e+00,1.019618720709025483e+00,4.721721970986151540e+00
1.000000000000000000e+00,4.207841875671011200e-01,-4.806843850791775452e+00
1.000000000000000000e+00,1.624655102676810792e+00,1.670979274109747692e+01
1.000000000000000000e+00,2.203938329896464765e+00,-5.510157359454748160e+00
1.000000000000000000e+00,4.038103787914892884e-01,-4.954126223451046585e+00
1.000000000000000000e+00,1.842278101614925667e+00,-6.560414064260754685e+00
1.000000000000000000e+00,-5.324582337257408593e-01,-1.437373209438077382e+01
1.000000000000000000e+00,4.670455813020867319e-01,-1.879364354752868493e+01
1.000000000000000000e+00,8.833489079588778825e-01,1.876571401222670943e+01
1.000000000000000000e+00,8.063732451514208366e-01,-5.343682976324403144e-01
1.000000000000000000e+00,1.892602510043499109e+00,-6.825901950286860753e+00
1.000000000000000000e+00,1.323870616546570567e+00,-1.523818420033304832e+01
1.000000000000000000e+00,1.641590429626184289e+00,1.473949221958352140e+01
1.000000000000000000e+00,2.195962938631726979e-01,4.939039953937954586e+00
1.000000000000000000e+00,1.310720600371538591e+00,1.490447949776324776e+01
1.000000000000000000e+00,6.154908452786707063e-01,-7.796849234582618138e+00
1.000000000000000000e+00,-6.302290647259889411e-02,9.825037384888490877e+00
1.000000000000000000e+00,1.788174670076325468e+00,-5.868625107684904307e+00
1.000000000000000000e+00,2.117006217358886389e+00,1.020676485655171462e+01
1.000000000000000000e+00,5.985843360267479873e-01,-9.565234330182388334e+00
1.000000000000000000e+00,1.589350557655474505e-01,-7.283636658191428914e+00
1.000000000000000000e+00,7.801260706182717719e-01,8.873441435688096846e+00
1.000000000000000000e+00,6.967858681221112960e-01,1.424972703799616802e+01
1.000000000000000000e+00,2.165265908745874768e+00,2.022238554033203961e+00
1.000000000000000000e+00,1.889780877990185237e+00,-9.385395829238229126e+00
1.000000000000000000e+00,8.756268710399551791e-01,-1.485915676043707379e+01
1.000000000000000000e+00,1.896004749491218000e+00,3.742927100797216688e+00
1.000000000000000000e+00,1.649100361915344592e+00,-3.777013497384336116e+00
1.000000000000000000e+00,-1.832779983274619440e-01,6.079329052138137790e+00
1.000000000000000000e+00,9.428790749119603243e-01,-4.891507005919927487e+00
1.000000000000000000e+00,1.295154162250012231e+00,-9.126598156637571790e+00
1.000000000000000000e+00,1.039994253165628324e+00,2.556835344048854708e+00
1.000000000000000000e+00,9.965281664673198980e-01,7.655909317154458549e+00
1.000000000000000000e+00,1.648518411933634020e+00,4.930573432980676074e+00
1.000000000000000000e+00,7.372012645700933842e-01,6.976817255729779177e+00
1.000000000000000000e+00,8.429504501453191079e-01,3.398921494571100155e+00
1.000000000000000000e+00,2.639396082753580508e+00,4.361011381368742335e-01
1.000000000000000000e+00,-1.331087423991161867e-01,2.208302515147451217e+01
1.000000000000000000e+00,-5.572793496488996912e-01,1.637975024097469701e-01
1.000000000000000000e+00,9.498868283378770760e-01,1.477411251064071429e+01
1.000000000000000000e+00,1.874001564976558454e-01,7.488787881373313304e+00
1.000000000000000000e+00,-3.947251969868663668e-01,-1.060872818297138487e+01
1.000000000000000000e+00,1.509816950736279084e+00,1.437266217327974882e+00
1.000000000000000000e+00,1.143580227990644183e+00,-3.169746867693723935e+00
1.000000000000000000e+00,1.213507527986732670e+00,-4.670315153141950226e+00
1.000000000000000000e+00,2.216193017654181308e+00,4.573090008672042295e+00
1.000000000000000000e+00,9.834952628236878214e-01,-5.056679368552460474e+00
1.000000000000000000e+00,1.451866680730402814e+00,-2.957766475855603705e+00
1.000000000000000000e+00,7.779008601240625653e-01,-5.040293719507039860e+00
1.000000000000000000e+00,1.598835814100032282e+00,9.691560605582798971e+00
1.000000000000000000e+00,1.621613686038558377e+00,1.401157067832069103e+01
1.000000000000000000e+00,1.628159308325145105e+00,8.851767940412498703e+00
1.000000000000000000e+00,1.463743571716557001e-01,2.439078455626247255e+00
1.000000000000000000e+00,1.887253522772281089e+00,2.311832861282657348e+01
1.000000000000000000e+00,7.729731639817998268e-01,-5.581049533773041471e-01
1.000000000000000000e+00,1.840746172506237066e+00,3.153672234280535847e+01
1.000000000000000000e+00,1.630946965232945356e+00,-6.601537497850140213e+00
1.000000000000000000e+00,-9.103699620157146288e-01,-8.236081925469386888e+00
1.000000000000000000e+00,-1.291927532778011756e+00,-1.001958843424339607e+00
1.000000000000000000e+00,1.580714956755146616e+00,1.865142737190480560e+01
1.000000000000000000e+00,1.211947138925853817e+00,7.517715717742241566e+00
1.000000000000000000e+00,2.002569243828259182e+00,3.887334795750833294e+00
1.000000000000000000e+00,2.859457107597890291e-01,2.551514904388108018e+00
1.000000000000000000e+00,2.188318818739590110e+00,2.607561289634349322e+01
1.000000000000000000e+00,2.236781245371786575e+00,-8.673786683701798950e+00
1.000000000000000000e+00,1.177066219506814004e+00,8.053589322795225769e+00
1.000000000000000000e+00,1.713375313868978456e+00,-3.102961936862060899e+00
1.000000000000000000e+00,-2.545102343823770763e-01,1.653977800637973061e+00
1.000000000000000000e+00,-2.610422188611363215e-01,-1.541546089170099698e+01
1.000000000000000000e+00,-6.641757723766472665e-02,-2.101677346055446982e+00
1.000000000000000000e+00,1.131679271728224023e+00,-1.653016615973588443e+01
1.000000000000000000e+00,1.215374315845709763e-01,-6.151624177103469648e-01
1.000000000000000000e+00,3.416143333403630633e-01,-1.597100679326633466e-01
1.000000000000000000e+00,-4.061460863773380670e-01,-1.037291705457240631e+01
1.000000000000000000e+00,5.757831870446920020e-01,4.351970242976912928e+00
1.000000000000000000e+00,1.743100239122116424e+00,1.223911543824123527e+01
1.000000000000000000e+00,-5.966835053005956624e-01,-6.704884480691687410e-01
1.000000000000000000e+00,3.509135107394348863e-01,2.365544361931634754e+01
1.000000000000000000e+00,3.616969570494702468e-01,-1.065883061206834270e+01
1.000000000000000000e+00,1.302448797148779480e+00,4.146668414155103122e+00
1.000000000000000000e+00,2.203064131002835158e+00,1.459957030609064077e+01
1.000000000000000000e+00,6.163158192747268949e-01,-7.994569278908866927e+00
1.000000000000000000e+00,2.944809942978452000e+00,1.330639074265480737e+01
1.000000000000000000e+00,2.040629638945254953e+00,1.429715913528536664e+00
1.000000000000000000e+00,1.751546189717072322e+00,2.108923303173040864e+01
1.000000000000000000e+00,9.150811254784216864e-01,7.455782586031481252e+00
1.000000000000000000e+00,7.322937642482951759e-01,2.465734661948145856e+01
1.000000000000000000e+00,-1.041875943294347628e+00,-4.150263774516603554e+00
1.000000000000000000e+00,1.673565914396633048e-01,2.451387705383320537e+01
1.000000000000000000e+00,8.879627023901114358e-01,-1.078654892377968721e+01
1.000000000000000000e+00,1.364395759823117116e-01,-1.000744282920121009e+01
1.000000000000000000e+00,3.346974469177018685e-01,-3.084041504680200774e+00
1.000000000000000000e+00,3.213297529367578065e+00,2.076139515353643006e+01
1.000000000000000000e+00,1.738787878103722484e+00,-1.358809012171468211e+01
1.000000000000000000e+00,4.191265237745356309e-02,1.014184137463389490e+01
1.000000000000000000e+00,2.324272101948861025e-01,1.373719640729468239e+01
1.000000000000000000e+00,-7.372564851779372930e-02,3.701420337357617107e+00
1.000000000000000000e+00,4.386079501821951165e-01,1.377384609898828050e+00
1.000000000000000000e+00,1.497436165491658366e+00,1.109850730982635980e+01
1.000000000000000000e+00,1.217878611652464471e+00,8.034625295822969804e+00
1.000000000000000000e+00,1.936812315637865822e-01,1.269373663146825493e+01
1.000000000000000000e+00,2.210309878451171883e+00,6.771371151027992141e+00
1.000000000000000000e+00,1.792944758545333528e+00,-4.674963501580234215e+00
1.000000000000000000e+00,8.290024284669048615e-01,1.272480444114181042e+00
1.000000000000000000e+00,2.049278272107383447e+00,-1.684437500463600301e+00
1.000000000000000000e+00,1.231335102215382005e+00,-3.073702469636993229e+00
1.000000000000000000e+00,1.674062303280765107e+00,1.393821580625186840e+01
1.000000000000000000e+00,-1.958847155985417032e-01,1.278054916301437949e+01
1.000000000000000000e+00,1.386305809577413672e+00,2.493636552542179530e+00
1.000000000000000000e+00,1.219393883791147326e+00,-7.446304168892742936e+00
1.000000000000000000e+00,4.901059456950652704e-01,-2.167565669037173404e+00
1.000000000000000000e+00,-3.725859692142821089e-01,1.202106914031623397e+00
1.000000000000000000e+00,1.650486943680572249e+00,4.368439695260187605e+00
1.000000000000000000e+00,2.938910789547960478e-01,-2.789170413967637097e-02
1.000000000000000000e+00,9.195468439963468965e-01,-1.076133078343250205e+01
1.000000000000000000e+00,9.967398836237972848e-01,1.142319579391434381e+01
1.000000000000000000e+00,1.745404799491117043e+00,-2.923745285602418864e+00
1.000000000000000000e+00,6.913208229135652250e-01,-7.306797355365468150e+00
1.000000000000000000e+00,2.326539692005674453e+00,2.100280167126415165e+01
1.000000000000000000e+00,1.080122092532916689e+00,-4.010917255997318520e+00
1.000000000000000000e+00,9.181965766257919048e-01,8.216891271188885071e+00
1.000000000000000000e+00,7.074463710135391326e-01,1.459236123742953239e+01
1.000000000000000000e+00,8.524459231243488588e-01,7.398584335634490472e+00
1.000000000000000000e+00,1.194459243884189670e+00,5.809749045294767988e+00
1.000000000000000000e+00,5.185865128798013979e-01,2.312613147158557592e+00
1.000000000000000000e+00,1.182256545078032461e+00,-5.154034190537625015e+00
1.000000000000000000e+00,1.509315124960078247e+00,1.660741053462717076e+01
1.000000000000000000e+00,1.236054048192378962e+00,-8.761554167324284492e+00
1.000000000000000000e+00,2.351085710194984024e+00,5.456160110945363684e+00
1.000000000000000000e+00,-4.663087618259502687e-01,1.025490718805541945e+01
1.000000000000000000e+00,-6.571926733426975975e-01,-7.429778900642842743e-01
1.000000000000000000e+00,1.181287879471976332e+00,1.962074859755096989e+00
1.000000000000000000e+00,-1.049057021277793211e+00,-7.325442593155826465e-01
1.000000000000000000e+00,4.086174677803348088e-01,-1.453746900572954992e+01
1.000000000000000000e+00,1.663269164633991437e+00,-7.187095350233306590e+00
1.000000000000000000e+00,9.449167157745929080e-01,-5.862228915805726359e+00
1.000000000000000000e+00,-8.646757845142887255e-01,-4.488114225214692610e+00
1.000000000000000000e+00,7.655671462210412725e-01,-9.745617390456501328e-01
1.000000000000000000e+00,8.009503828383408575e-01,1.420208862424032148e+01
1.000000000000000000e+00,1.204016921929089712e+00,-8.006182678093914262e+00
1.000000000000000000e+00,1.638176305137737376e+00,-5.059507867848196838e+00
1.000000000000000000e+00,1.036060198122466414e+00,1.441608659046024776e+01
1.000000000000000000e+00,4.897042627592469444e+00,2.638086425152083336e+01
1.000000000000000000e+00,1.696241449112837474e-01,9.001132674963349345e+00
1.000000000000000000e+00,1.358047769698454754e+00,-6.267654503275865707e-01
1.000000000000000000e+00,9.977905072123794961e-01,-3.388050908173893205e+00
1.000000000000000000e+00,2.138988699286042738e+00,1.597260208200399489e+01
1.000000000000000000e+00,1.422818087227632144e+00,-1.029983082391182947e+01
1.000000000000000000e+00,6.447012131016777170e-01,6.485934975502272160e-01
1.000000000000000000e+00,-3.716434810772675235e-01,-6.712899304917925303e-01
1.000000000000000000e+00,1.402868699284233189e-01,-1.133850549705629795e+01
1.000000000000000000e+00,-2.199084202775494212e-01,4.575477725880468860e+00
1.000000000000000000e+00,-1.470866468631865320e+00,3.649143125721799663e+00
1.000000000000000000e+00,7.476663798931704186e-02,-5.470454102347533265e+00
1.000000000000000000e+00,1.879636924333483172e+00,-2.602960681775452478e-01
1.000000000000000000e+00,1.546182642479021263e+00,1.567550800963424962e+01
1.000000000000000000e+00,2.380341491459465608e+00,-8.394576357234967645e+00
1.000000000000000000e+00,2.471017660565668628e+00,2.135462925001897716e+01
1.000000000000000000e+00,2.092416781817663107e+00,8.395577505731366408e-01
1.000000000000000000e+00,-1.625481709713736400e-01,1.953500193922871375e+01
1.000000000000000000e+00,2.624212582810957706e+00,2.008097740208877724e+01
1.000000000000000000e+00,1.711737159633363703e+00,-5.566299422438664379e+00
1.000000000000000000e+00,1.397139134237705971e+00,6.703010105363048865e+00
1.000000000000000000e+00,9.190352611720036258e-01,4.099740781633888220e-01
1.000000000000000000e+00,1.066185966688841802e+00,-3.162090357443089061e+01
1.000000000000000000e+00,6.255139578535593436e-01,9.662102829592457809e+00
1.000000000000000000e+00,-4.859593673839033290e-01,-1.094769604223416737e+00
1.000000000000000000e+00,-3.915743155940414333e-01,-6.852402827840857746e+00
1.000000000000000000e+00,9.664615237630639344e-01,-2.779038154407649230e+00
1.000000000000000000e+00,-3.343959032189758318e-01,-1.222461739318019980e+01
1.000000000000000000e+00,2.574296673612662900e+00,5.241025997429431982e+00
1.000000000000000000e+00,8.338954570212966377e-01,-2.680615395462342931e+01
1.000000000000000000e+00,9.605741737926293267e-01,1.060948847738595546e+01
1.000000000000000000e+00,2.338507359675401354e+00,1.944919704822665807e+01
1.000000000000000000e+00,1.890927270625078371e+00,-8.385038926307871066e+00
1.000000000000000000e+00,5.447861492338141876e-01,6.312815988459947292e+00
1.000000000000000000e+00,2.636936329517221012e+00,2.308192251660773309e+01
1.000000000000000000e+00,-9.283302591697011330e-01,5.219450075803541367e+00
1.000000000000000000e+00,3.977618604695314364e-01,-7.328697220358888487e+00
1.000000000000000000e+00,1.038414915015462903e+00,-1.054500368914397335e+01
1.000000000000000000e+00,1.302900525943823995e+00,-1.094159639722575328e+01
1.000000000000000000e+00,1.173818051281054764e-01,8.005552072121297158e+00
1.000000000000000000e+00,1.465461756467302479e+00,1.534874016445810696e+01
1.000000000000000000e+00,6.038800757961026999e-01,1.320803108639152512e+01
1.000000000000000000e+00,3.267622632737353872e+00,-5.962923267297748353e+00
1.000000000000000000e+00,2.742262040950504964e-02,9.519818115839074224e+00
1.000000000000000000e+00,2.919665960676851135e+00,2.069782633768251756e+01
1.000000000000000000e+00,9.258488156449804496e-01,4.460527179406473586e+00
1.000000000000000000e+00,1.303934107084880445e+00,1.448701037444876505e+01
1.000000000000000000e+00,2.114117904481605414e+00,-1.265294077031149378e+00
1.000000000000000000e+00,7.238133842441930588e-01,8.285892001366960358e+00
1.000000000000000000e+00,1.107820339346878180e+00,-4.398980124840310424e+00
1.000000000000000000e+00,1.336572617198785728e+00,1.060795440791256006e+01
1.000000000000000000e+00,2.048527460101572828e+00,-1.833310893689856158e+01
1.000000000000000000e+00,1.034799089043661802e+00,-1.783609415665371500e+01
1.000000000000000000e+00,2.732417323026145262e+00,-1.745757918516157581e+00
1.000000000000000000e+00,-3.163431313035747205e-01,4.600285751836718617e+00
1.000000000000000000e+00,3.294719154582198772e+00,1.080744801208507866e+01
1.000000000000000000e+00,-7.394848110306360134e-01,-1.866828193646556144e+01
1.000000000000000000e+00,6.979330035003222799e-01,7.701081331247263684e+00
1.000000000000000000e+00,1.624582295395016640e+00,3.903384169531119774e+00
1.000000000000000000e+00,1.962931641993945542e+00,1.559491842251207316e+01
1.000000000000000000e+00,1.407630224311943845e+00,4.386004439089910889e+00
1.000000000000000000e+00,-4.076400827901469626e-01,1.963628517252941919e+01
1.000000000000000000e+00,4.786915997915842658e-01,-4.567774120396563831e+00
1.000000000000000000e+00,7.341351322379707778e-01,3.565256964899425007e+00
1.000000000000000000e+00,1.378152709679989041e+00,2.320355001579211152e+00
1.000000000000000000e+00,1.880720649402626066e+00,-4.421219650412462343e-01
1.000000000000000000e+00,7.489382756163658339e-01,2.630440242659251027e+00
1.000000000000000000e+00,2.782913981471671239e+00,6.117567947295130537e-01
1.000000000000000000e+00,1.467646497066524169e+00,-6.046070792601193844e+00
1.000000000000000000e+00,2.652471756334883857e+00,-1.615040831516478370e+00
1.000000000000000000e+00,9.246578414584550876e-01,-4.521249218673537129e+00
1.000000000000000000e+00,7.850719068698219782e-01,5.400281364418127339e+00
1.000000000000000000e+00,-8.670571920430221180e-01,3.256425226077416468e+00
1.000000000000000000e+00,1.070914981703460001e+00,7.075931838454041944e+00
1.000000000000000000e+00,3.275199045067711534e-02,-6.348567411247567627e+00
1.000000000000000000e+00,4.333833875279990977e-01,2.762137977148559465e+00
1.000000000000000000e+00,9.337734507788917337e-01,4.502620890640696594e+00
1.000000000000000000e+00,2.620531502210047270e-01,9.067243032645791345e+00
1.000000000000000000e+00,1.646212007891908247e+00,3.957424623006523312e+00
1.000000000000000000e+00,1.555160561907331207e+00,8.128634162608260993e+00
1.000000000000000000e+00,1.945372884479012576e+00,7.928761196158996327e+00
1.000000000000000000e+00,1.717189454391894854e+00,-1.416197343366035355e+01
1.000000000000000000e+00,8.630034405325341940e-01,9.658263335554561735e+00
1.000000000000000000e+00,-4.373639448764454762e-01,1.767751139438196262e+01
1.000000000000000000e+00,-2.812431526081260458e-02,-1.033275576947338514e+01
1.000000000000000000e+00,9.154557630111875843e-01,8.734007707235697637e+00
1.000000000000000000e+00,7.725769256222034809e-01,7.762685636048955118e+00
1.000000000000000000e+00,2.055456241148656549e+00,1.680383203648641910e+01
1.000000000000000000e+00,1.002484560039669237e+00,1.071160840567124417e+01
1.000000000000000000e+00,2.947877545822590317e-01,-1.604318307031510571e+01
1.000000000000000000e+00,5.442156427040933941e-01,2.050426229826583580e+01
1.000000000000000000e+00,1.941744664022077460e+00,7.127329402548811643e+00
1.000000000000000000e+00,1.487666111472274455e+00,1.563883049903466116e+01
1.000000000000000000e+00,2.225105143088124127e-02,1.714816992752899782e+00
1.000000000000000000e+00,7.098525368855446160e-02,1.070121347285777702e+01
1.000000000000000000e+00,5.123011469429268328e-01,2.166771614223625519e+00
1.000000000000000000e+00,1.196984037916834165e+00,1.041335470226702142e+01
1.000000000000000000e+00,3.282064823805834752e-01,-1.032222933485873462e+01
1.000000000000000000e+00,2.290107727243696489e-01,-7.716501493481062290e+00
1.000000000000000000e+00,1.840192636339001542e+00,-3.385930413156076568e+00
1.000000000000000000e+00,1.340856041924139097e+00,-1.551187413641989288e+01
1.000000000000000000e+00,1.844490471106210228e+00,2.113982281633302041e+00
1.000000000000000000e+00,9.480239327933638327e-01,9.796733297813991825e+00
1.000000000000000000e+00,-1.193099403273929493e-01,2.871612018064364236e+01
1.000000000000000000e+00,3.399748969850719948e-01,1.291038229342794352e+01
1.000000000000000000e+00,4.821889505236289786e-01,-2.411963849443882424e+00
1.000000000000000000e+00,1.193227882554373620e+00,4.703690628366591575e+00
1.000000000000000000e+00,2.662181982352223031e+00,1.864193487421936624e+01
1.000000000000000000e+00,4.188298516689945572e-01,-3.447403609761239274e+00
1.000000000000000000e+00,9.973182712727132193e-01,7.067983148104244329e+00
1.000000000000000000e+00,8.752439431714057472e-01,7.288451574671257482e-01
1.000000000000000000e+00,1.134843645855481586e+00,5.159840790921348841e+00
1.000000000000000000e+00,3.619913790067790238e-01,7.296979457942283087e-01
1.000000000000000000e+00,5.761323222421362855e-01,-2.071747572767825574e+01
1.000000000000000000e+00,-4.061682583732517671e-02,-1.448337408495388168e+00
1.000000000000000000e+00,-9.596871864248197603e-01,-1.527476574623745087e+01
1.000000000000000000e+00,1.032651389111564511e+00,4.391499307927110962e+00
1.000000000000000000e+00,2.522914210082526587e+00,-2.183762278953944147e+00
1.000000000000000000e+00,1.056751409827928478e+00,1.015444771465075569e+01
1.000000000000000000e+00,1.160762538764122276e+00,8.549095615621128630e+00
1.000000000000000000e+00,1.691814311789247682e+00,3.881567246865965881e+00
1.000000000000000000e+00,1.482696280551775159e+00,-6.499762355598619479e-01
1.000000000000000000e+00,7.800998870702942067e-01,-1.567001300657329388e+01
1.000000000000000000e+00,7.116272979955358124e-01,5.830781105960872956e+00
1.000000000000000000e+00,1.711800581788019970e-01,1.807726821919321547e-01
1.000000000000000000e+00,2.008177668145209704e+00,-2.657948922398183811e+00
1.000000000000000000e+00,5.566343589882454257e-01,-3.241091499766242556e+00
1.000000000000000000e+00,9.989949703018297100e-02,-1.668970573988421791e+01
1.000000000000000000e+00,6.459563208326901673e-01,-7.020727684213539987e+00
1.000000000000000000e+00,2.179403787103900036e+00,-2.741144360726621265e+00
1.000000000000000000e+00,8.127284826934721984e-01,5.134633235231762960e+00
1.000000000000000000e+00,9.272531951882276857e-01,2.494934173731545357e+01
1.000000000000000000e+00,1.706315486209661225e+00,5.722566792441798889e+00
1.000000000000000000e+00,1.170895802224235949e+00,6.309114086263167387e+00
1.000000000000000000e+00,-4.202850513055518267e-01,-3.523290067632209421e+00
1.000000000000000000e+00,7.949713039209916898e-01,5.211554338744658565e+00
1.000000000000000000e+00,7.129082610504935413e-01,1.081331307792206653e+00
1.000000000000000000e+00,1.022914160305985698e+00,1.774662038517943241e+00
1.000000000000000000e+00,1.893436398141027599e+00,-1.170280786787480043e+00
1.000000000000000000e+00,9.178278943421047664e-01,-2.229927252415929928e+00
1.000000000000000000e+00,-2.135954533311170689e-01,-3.882293369268007055e+00
1.000000000000000000e+00,3.258308347275483019e+00,4.630466048701109116e+00
1.000000000000000000e+00,1.417560078470349705e+00,-1.161183019680588302e+01
1.000000000000000000e+00,1.113224717724723645e+00,1.561681105023085436e+01
1.000000000000000000e+00,1.370177312550648896e+00,-1.436528860136064267e+01
1.000000000000000000e+00,2.887856975685021421e-02,7.230520163349489771e+00
1.000000000000000000e+00,1.319664132246946231e+00,-1.466665839729848742e+01
1.000000000000000000e+00,-2.948287204564941089e-01,1.025970260627920183e+01
1.000000000000000000e+00,7.466737220476277193e-01,-1.536134682777972138e+01
1.000000000000000000e+00,1.335347948486554248e+00,2.178997702510064194e+00
1.000000000000000000e+00,1.302439876214639636e+00,-3.856372508660992349e-01
1.000000000000000000e+00,-7.388884027278115330e-01,-1.515728765687455670e+01
1.000000000000000000e+00,2.674813183245626780e-01,-9.573981046572772602e-01
1.000000000000000000e+00,-3.406685954865951160e-01,1.530406360434214896e+01
1.000000000000000000e+00,5.041263541083806921e-02,8.256860272824686930e+00
1.000000000000000000e+00,1.013788293245314165e+00,4.000653425331551993e+00
1.000000000000000000e+00,-9.384783479950198348e-01,-1.842957690286373129e+00
1.000000000000000000e+00,-1.169887311635593896e+00,-9.038730351671871333e+00
1.000000000000000000e+00,1.330788500184373335e-01,9.701527925331941304e+00
1.000000000000000000e+00,3.589136312549531249e-01,-1.657405278977351459e+00
1.000000000000000000e+00,6.827677941573115916e-01,1.481738248827861204e+00
1.000000000000000000e+00,1.024979074229422471e+00,-7.251769306077640032e+00
1.000000000000000000e+00,1.079365012682907965e+00,1.894117099957188088e+01
1.000000000000000000e+00,1.224294655550214550e+00,3.007638004609188620e+00
1.000000000000000000e+00,9.953536222604194572e-01,5.475414350872168434e+00
1.000000000000000000e+00,3.203010559588071349e+00,1.542277947212881983e+01
1.000000000000000000e+00,1.987451534659448349e+00,1.950538313372085497e+01
1.000000000000000000e+00,1.772771408639284729e+00,1.982520415056196583e+01
1.000000000000000000e+00,-1.148223741743994442e+00,1.384019690168795869e+01
1.000000000000000000e+00,1.711232730559530513e+00,9.391798594941791478e-01
1.000000000000000000e+00,-3.262342243310270007e-01,-3.728662706219029399e+00
1.000000000000000000e+00,3.551621590048346100e-01,-8.874481010695623340e+00
1.000000000000000000e+00,3.037851233949937502e-01,1.107679828987564674e+00
1.000000000000000000e+00,1.738121509557672306e+00,9.697220668718980363e+00
1.000000000000000000e+00,6.969010044754904154e-01,7.177002183839257476e+00
1.000000000000000000e+00,8.929447762566355973e-01,-1.118496965162780654e+01
1.000000000000000000e+00,8.697413402452940367e-01,4.463571104208620355e+00
1.000000000000000000e+00,4.405573766037561567e-01,2.612800580645880721e+00
1.000000000000000000e+00,8.616679205717466816e-01,4.642475179679532715e-01
1.000000000000000000e+00,4.627077748265729928e-01,-8.937316094808602784e+00
1.000000000000000000e+00,2.327138186950851395e+00,8.268160330576824535e+00
1.000000000000000000e+00,-9.111914803318388323e-02,2.776139321015225203e+00
1.000000000000000000e+00,9.291456347809777805e-01,-1.737694219502056114e+01
1.000000000000000000e+00,4.513930273885825573e-01,-1.938739465373183535e+01
1.000000000000000000e+00,3.201909279058720026e-01,-2.417411804639476358e+00
1.000000000000000000e+00,2.931496946003209203e-01,8.626772770442421745e+00
1.000000000000000000e+00,1.391830918855791133e+00,1.464251595107827164e+01
