1.366189002425183396e+01,1.263836403115078388e+00,5.000000000000000000e+01
9.972073825246384970e+00,3.715536939290013940e+00,5.000000000000000000e+01
5.557422630944000019e+00,6.651983285839218496e+00,5.000000000000000000e+01
1.266261706764033690e+01,7.334326249142746335e+00,5.000000000000000000e+01
6.607131483128234173e+00,3.732521294016466484e-02,5.000000000000000000e+01
1.350540593143290380e+01,3.477767640753630651e+00,5.000000000000000000e+01
7.748794791670134963e+00,5.829193170513463862e+00,5.000000000000000000e+01
1.260361331783455086e+01,9.290180554105120780e-01,5.000000000000000000e+01
9.929340714878479801e+00,1.294910485441999048e+00,5.000000000000000000e+01
6.092740660886539317e+00,3.684566058047396009e+00,5.000000000000000000e+01
1.124543087662221907e+01,5.793371632937066806e+00,5.000000000000000000e+01
9.522155179766766508e+00,2.992930365483865707e+00,5.000000000000000000e+01
1.121664545094292187e+01,5.351993664051493127e+00,5.000000000000000000e+01
9.801661959002078817e+00,9.960625476930262678e-01,5.000000000000000000e+01
1.095514583286963095e+01,4.777906188401562559e+00,5.000000000000000000e+01
7.175808292674242139e+00,3.832639877685956264e+00,5.000000000000000000e+01
8.941535699174833596e+00,3.702459836965744877e+00,5.000000000000000000e+01
5.452335353773017701e+00,9.596537557859150525e+00,5.000000000000000000e+01
1.189924370132830056e+01,9.434267123831922675e+00,5.000000000000000000e+01
1.543847007963243279e+01,5.595325157297253327e+00,5.000000000000000000e+01
8.941807659694184451e+00,5.116440453630292318e+00,5.000000000000000000e+01
8.404472099147833219e+00,9.784339953612049001e+00,5.000000000000000000e+01
1.403831877976878140e+01,7.176925532132737651e+00,5.000000000000000000e+01
6.304192589913390599e+00,3.549210368242231795e+00,5.000000000000000000e+01
8.572395726646579561e+00,4.734352961293484263e+00,5.000000000000000000e+01
1.058981775486044441e+01,1.649048593185555855e+00,5.000000000000000000e+01
8.179859008151876054e+00,9.445362708110033978e+00,5.000000000000000000e+01
9.969967952503379749e+00,9.687519629413660738e+00,5.000000000000000000e+01
1.269365406820226383e+01,1.269067250027940963e+00,5.000000000000000000e+01
8.217732890229422438e+00,1.137939992055347904e-01,5.000000000000000000e+01
8.638955972894990509e+00,5.096855134979552560e+00,5.000000000000000000e+01
1.238108987687975571e+01,1.033528861856299885e+00,5.000000000000000000e+01
1.112880125086488547e+01,2.862663426478441409e+00,5.000000000000000000e+01
8.126561966802858805e+00,2.421099786861924397e-01,5.000000000000000000e+01
1.166145583918714301e+01,5.709463626453910479e+00,5.000000000000000000e+01
8.797717921172935718e+00,4.208069679503606331e+00,5.000000000000000000e+01
8.568236784301578979e+00,7.072387814850936039e+00,5.000000000000000000e+01
9.868720946253180415e+00,2.231354865084655970e+00,5.000000000000000000e+01
7.617320580639786343e+00,1.969162514962892185e+00,5.000000000000000000e+01
1.063417305123178380e+01,1.982587968367821585e-01,5.000000000000000000e+01
1.366144257020594743e+01,1.479961378973531083e+00,5.000000000000000000e+01
1.079864423975324073e+01,7.955261462378643067e+00,5.000000000000000000e+01
1.165141943174507588e+01,8.196328335080851346e+00,5.000000000000000000e+01
1.281511192078874117e+01,3.248475081953021704e+00,5.000000000000000000e+01
8.805878234121228942e+00,7.304790091277412856e+00,5.000000000000000000e+01
1.178199234003952789e+01,1.149293845022573146e+00,5.000000000000000000e+01
1.083419772027064454e+01,2.324204827341179502e+00,5.000000000000000000e+01
9.266144496863628177e+00,8.776076212513757469e+00,5.000000000000000000e+01
1.154071675105210559e+01,3.458126246817341265e+00,5.000000000000000000e+01
1.112386084826865940e+01,7.639825454929947135e+00,5.000000000000000000e+01
1.063186063391582437e+01,3.764556849517285642e+00,5.000000000000000000e+01
1.351004260325471940e+01,3.476904582072944727e+00,5.000000000000000000e+01
9.601017292724367991e+00,6.450273271616273618e+00,5.000000000000000000e+01
8.320865296178089565e+00,4.834198445931869870e+00,5.000000000000000000e+01
9.480039598557755909e+00,1.546983018697720702e+00,5.000000000000000000e+01
7.865613006581025246e+00,3.975741322109084486e+00,5.000000000000000000e+01
1.087557394323688520e+01,8.388695917760308873e+00,5.000000000000000000e+01
8.886914381568143284e+00,9.907539603087458957e+00,5.000000000000000000e+01
1.070559210082699408e+01,4.863930289154161368e-01,5.000000000000000000e+01
1.273386261646461470e+01,7.861295142550003945e+00,5.000000000000000000e+01
1.191207831723257016e+01,9.288960647458271325e+00,5.000000000000000000e+01
1.113647430265449323e+01,5.038396830463197418e+00,5.000000000000000000e+01
1.205378520936666042e+01,5.883739485156907811e+00,5.000000000000000000e+01
8.019489706639502558e+00,7.386509599023787231e+00,5.000000000000000000e+01
7.938207708008366836e+00,4.239759321319414909e+00,5.000000000000000000e+01
1.158336141131018593e+01,5.942737845461700807e+00,5.000000000000000000e+01
1.362402150456101779e+01,9.220907258699627462e+00,5.000000000000000000e+01
1.018919724404467608e+01,7.441001533679365565e+00,5.000000000000000000e+01
7.998963339525001714e+00,9.471271447670407184e+00,5.000000000000000000e+01
1.113798083199508859e+01,4.281599875491481022e+00,5.000000000000000000e+01
1.004624605665511972e+01,4.942203259818736427e+00,5.000000000000000000e+01
9.143900470413568016e+00,9.425974805229655473e+00,5.000000000000000000e+01
1.027474159284031963e+01,5.624005688769830869e+00,5.000000000000000000e+01
8.966349411830904614e+00,7.651112404361441577e+00,5.000000000000000000e+01
1.152117820547637272e+01,1.907186083196985571e+00,5.000000000000000000e+01
9.419250142273517312e+00,3.805213564916563040e+00,5.000000000000000000e+01
1.137229547908835592e+01,6.868382817808646124e+00,5.000000000000000000e+01
1.008843332460730124e+01,4.213436019579376079e+00,5.000000000000000000e+01
1.212685305268617064e+01,6.001527633929248928e+00,5.000000000000000000e+01
1.215878368842867729e+01,8.862353812498401595e+00,5.000000000000000000e+01
1.552621216384025260e+01,8.393669386856594805e-02,5.000000000000000000e+01
1.048168109802062631e+01,9.526626717138999112e+00,5.000000000000000000e+01
9.317262010988640597e+00,4.403971979951155191e+00,5.000000000000000000e+01
9.210177973143437669e+00,2.957685688573543636e+00,5.000000000000000000e+01
8.794858117611681791e+00,5.826448496197697224e+00,5.000000000000000000e+01
6.355336603071065404e+00,2.999678107661107873e-02,5.000000000000000000e+01
8.684202871321780037e+00,9.198739126603175720e+00,5.000000000000000000e+01
1.420750954766531748e+01,8.473179501595396346e+00,5.000000000000000000e+01
1.299959700767655235e+01,4.976176094643131265e+00,5.000000000000000000e+01
1.053367468261749806e+01,2.821829156524329196e+00,5.000000000000000000e+01
1.018958822559731381e+01,4.302092928192186250e+00,5.000000000000000000e+01
8.842408957584101614e+00,6.464052692094268693e-01,5.000000000000000000e+01
9.462806940063007488e+00,5.745069371651064571e+00,5.000000000000000000e+01
1.108052546902104574e+01,7.087629148854958316e+00,5.000000000000000000e+01
1.024248542507255522e+01,7.190639139150142967e+00,5.000000000000000000e+01
8.990425580568061292e+00,3.995576107503962859e+00,5.000000000000000000e+01
9.838188281995490669e+00,8.390621347037626521e+00,5.000000000000000000e+01
9.993357327873020779e+00,3.393260990993285375e-01,5.000000000000000000e+01
1.005453617926967169e+01,5.237134348991633104e+00,5.000000000000000000e+01
1.100288615704703865e+01,3.268875747435521006e+00,5.000000000000000000e+01
9.821815798116759311e+00,7.213117241552949643e+00,5.000000000000000000e+01
9.827007812957162969e+00,2.932836930338739378e+00,5.000000000000000000e+01
5.409955259667963645e+00,9.723553523273476884e+00,5.000000000000000000e+01
8.417851983295342677e+00,1.027318888230936977e+00,5.000000000000000000e+01
1.316997447215542572e+01,6.002318273303673735e+00,5.000000000000000000e+01
8.795908187269047218e+00,3.861494969949629485e+00,5.000000000000000000e+01
1.216703527283313058e+01,6.831030876829624621e-01,5.000000000000000000e+01
1.200307548035784677e+01,6.377865209344379060e+00,5.000000000000000000e+01
1.264704963050519915e+01,1.471396969449934033e+00,5.000000000000000000e+01
1.198340017442694005e+01,5.277932060045188223e+00,5.000000000000000000e+01
8.451795449775339364e+00,1.621014340404519638e+00,5.000000000000000000e+01
7.247327933769007302e+00,6.902090020556982175e+00,5.000000000000000000e+01
1.200879077627522662e+01,8.476764283097287134e+00,5.000000000000000000e+01
1.090524883101768872e+01,8.462288613203982734e+00,5.000000000000000000e+01
5.970804594514045327e+00,4.204450149198667219e+00,5.000000000000000000e+01
1.016239617834906994e+01,9.836770971492288851e+00,5.000000000000000000e+01
9.976669958089527057e+00,3.292001371184553271e+00,5.000000000000000000e+01
1.410235381172910074e+01,3.137325374897613983e+00,5.000000000000000000e+01
8.787883677841710650e+00,2.405171229311947378e+00,5.000000000000000000e+01
1.277604245000168781e+01,5.911252813881384682e-02,5.000000000000000000e+01
7.558975332743134601e+00,9.437879528469379053e+00,5.000000000000000000e+01
1.339780196296555914e+01,5.440530343017098147e+00,5.000000000000000000e+01
7.499001998301821459e+00,7.970713393203595842e+00,5.000000000000000000e+01
8.014102324278766787e+00,4.779805103675994538e+00,5.000000000000000000e+01
9.771012199338587223e+00,3.763683510134906207e+00,5.000000000000000000e+01
1.307229604953492164e+01,2.018192422889978133e+00,5.000000000000000000e+01
1.030096115019719960e+01,2.914829737274160504e-01,5.000000000000000000e+01
8.428884846434820943e+00,4.439039704070050441e+00,5.000000000000000000e+01
6.432435094948237619e+00,1.424555860046622380e+00,5.000000000000000000e+01
1.126891259548460589e+01,9.624151606933871506e+00,5.000000000000000000e+01
9.403997358377690574e+00,8.147408627729099351e+00,5.000000000000000000e+01
1.126648371579649854e+01,6.562319523734382543e+00,5.000000000000000000e+01
1.063225444929374675e+01,9.318560242431295215e-01,5.000000000000000000e+01
9.708714620941444551e+00,1.737626363588323786e+00,5.000000000000000000e+01
6.904886165658473907e+00,6.010333038905758762e+00,5.000000000000000000e+01
9.545776567044452321e+00,1.055488491768252768e+00,5.000000000000000000e+01
7.517125720242908926e+00,9.330300192920988778e+00,5.000000000000000000e+01
1.204197961621533608e+01,9.459803453105035231e+00,5.000000000000000000e+01
1.126253946370210635e+01,7.504557742412881538e+00,5.000000000000000000e+01
1.080262623330132676e+01,4.011519835440887860e+00,5.000000000000000000e+01
1.335095622228422840e+01,9.158452424441120954e+00,5.000000000000000000e+01
9.693279503664498975e+00,4.653908462615163888e-01,5.000000000000000000e+01
7.156434745913598405e+00,4.587011846575784091e+00,5.000000000000000000e+01
1.094322002231500690e+01,2.487082019467218075e+00,5.000000000000000000e+01
9.894505842404500484e+00,7.763699068674013049e+00,5.000000000000000000e+01
8.837346407315267882e+00,9.954945561773262952e+00,5.000000000000000000e+01
1.098091700274559379e+01,4.050366179492340457e+00,5.000000000000000000e+01
1.209938825818034935e+01,3.954620491811231542e+00,5.000000000000000000e+01
1.113514511387971595e+01,4.751839200232664595e+00,5.000000000000000000e+01
6.236669520690751867e+00,5.057397935718411119e+00,5.000000000000000000e+01
8.184608750009815026e+00,6.358035398545272443e+00,5.000000000000000000e+01
7.211663320265562227e+00,8.897028965652953314e-01,5.000000000000000000e+01
1.246259308866894600e+01,1.907347731890740583e+00,5.000000000000000000e+01
9.190486900079548604e+00,1.151662028504566448e+00,5.000000000000000000e+01
9.597034553478874130e+00,3.080549546773877267e+00,5.000000000000000000e+01
8.334147332315627210e+00,4.400502002148483527e+00,5.000000000000000000e+01
1.062718589761652410e+01,1.914467907945582859e-02,5.000000000000000000e+01
8.187024570732836182e+00,1.609125186541500163e+00,5.000000000000000000e+01
1.082916720217441586e+01,3.438346385659547533e+00,5.000000000000000000e+01
1.370523257392357408e+01,1.934101998196089411e+00,5.000000000000000000e+01
9.454956380592959064e+00,2.129460718879054859e+00,5.000000000000000000e+01
1.390699316258621465e+01,1.916595418096459502e+00,5.000000000000000000e+01
7.955284559831593327e+00,5.046928930275148772e+00,5.000000000000000000e+01
9.200463101348681505e+00,2.406593971693822276e+00,5.000000000000000000e+01
7.714095202202662094e+00,1.126559593890220645e+00,5.000000000000000000e+01
6.873410253492245658e+00,2.215930166052645589e+00,5.000000000000000000e+01
1.101637426179431856e+01,1.465591692911711874e+00,5.000000000000000000e+01
1.090098779203171553e+01,4.468207618253761115e-01,5.000000000000000000e+01
1.288942479363875293e+01,9.817841565672093651e+00,5.000000000000000000e+01
1.192203701965525298e+01,4.000787901974015348e+00,5.000000000000000000e+01
1.466890818362171522e+01,9.804363998535661651e+00,5.000000000000000000e+01
9.912961930574065050e+00,1.950791458231446729e+00,5.000000000000000000e+01
8.153258217526882845e+00,1.360242443596424433e+00,5.000000000000000000e+01
1.204977950948099163e+01,8.690216034642435972e+00,5.000000000000000000e+01
1.298838419351419304e+01,5.759998805754022122e+00,5.000000000000000000e+01
9.635483785944886748e+00,4.461702143539460153e+00,5.000000000000000000e+01
1.190810629827747213e+01,4.004374882955053394e+00,5.000000000000000000e+01
1.065063106710916152e+01,8.813847333289896113e+00,5.000000000000000000e+01
8.709132286029985792e+00,4.936409620727589598e+00,5.000000000000000000e+01
7.366011370811461845e+00,2.553003828640054707e-01,5.000000000000000000e+01
1.183736611941843364e+01,7.910503209561547955e-02,5.000000000000000000e+01
1.498509196064828330e+01,1.357961786889577693e+00,5.000000000000000000e+01
9.284682660655946052e+00,5.651166562632803370e+00,5.000000000000000000e+01
7.278768847636126971e+00,7.152868175222658387e+00,5.000000000000000000e+01
9.378367647145497088e+00,6.220839399766830979e+00,5.000000000000000000e+01
1.151566541611829209e+01,1.082577333529621821e-01,5.000000000000000000e+01
1.368730627258232602e+01,4.300800786403291553e-01,5.000000000000000000e+01
1.230587128560007848e+01,1.774818852939727964e+00,5.000000000000000000e+01
9.799722064431980684e+00,8.966833397492720792e+00,5.000000000000000000e+01
1.219326750805573489e+01,2.842957941612763939e+00,5.000000000000000000e+01
1.230700393264483594e+01,4.389885247199728724e+00,5.000000000000000000e+01
7.936198637893758345e+00,6.455579608567072469e+00,5.000000000000000000e+01
1.390696857405380804e+01,5.115960372630925512e+00,5.000000000000000000e+01
1.071205898504637588e+01,1.350417674830890480e+00,5.000000000000000000e+01
8.723404628953787210e+00,5.834308970678637962e+00,5.000000000000000000e+01
1.059819686635349534e+01,1.787565300714059058e+00,5.000000000000000000e+01
1.336571419406309325e+01,3.847098576308724205e+00,5.000000000000000000e+01
1.002900769250663870e+01,4.574870701620269209e+00,5.000000000000000000e+01
9.253756861855743310e+00,6.285518161881237020e+00,5.000000000000000000e+01
8.030317751142490579e+00,6.897252354788073525e+00,5.000000000000000000e+01
1.112843830327812000e+01,7.076414241056471433e+00,5.000000000000000000e+01
9.317915755931291955e+00,7.110352329871536980e+00,5.000000000000000000e+01
1.166812009832191066e+01,2.452928902126316757e-01,5.000000000000000000e+01
9.240759865412966789e+00,1.742886802688159431e-01,5.000000000000000000e+01
1.369866155374947425e+01,8.838281777416290286e-01,5.000000000000000000e+01
7.575656053374540733e+00,8.610924030984290489e-01,5.000000000000000000e+01
1.016558147575902815e+01,1.676169078103735277e+00,5.000000000000000000e+01
1.051339110287945999e+01,9.269779383180475563e+00,5.000000000000000000e+01
1.248069440696648336e+01,6.244895387227260564e+00,5.000000000000000000e+01
1.027106849078971429e+01,4.246070766150476850e+00,5.000000000000000000e+01
9.941156867971992384e+00,9.030550839513614036e+00,5.000000000000000000e+01
4.479301693752495872e+00,8.960864288417569767e+00,5.000000000000000000e+01
1.043455312842571381e+01,6.716258019678473801e+00,5.000000000000000000e+01
1.087165754819283947e+01,6.618209154349692369e+00,5.000000000000000000e+01
1.279828066558751054e+01,8.351103068910403771e-01,5.000000000000000000e+01
1.292690511108242468e+01,1.830073380594955390e+00,5.000000000000000000e+01
8.930121857074807323e+00,6.066840192446431246e+00,5.000000000000000000e+01
9.702471599577958017e+00,4.967148370948101466e+00,5.000000000000000000e+01
1.081905862883703939e+01,2.047047653702538383e-01,5.000000000000000000e+01
8.533265745979116801e+00,2.880131593342347696e+00,5.000000000000000000e+01
8.601787957147237762e+00,3.973920567435444084e+00,5.000000000000000000e+01
8.561911232322655607e+00,8.087841762055223427e+00,5.000000000000000000e+01
9.355757088806537780e+00,1.691873529853815672e-01,5.000000000000000000e+01
6.763624940679672903e+00,8.174807373654402465e-01,5.000000000000000000e+01
5.604936957533133146e+00,7.188243893052170819e+00,5.000000000000000000e+01
1.023932005296945036e+01,9.876269711807903917e+00,5.000000000000000000e+01
1.079884536997062305e+01,9.054699657820295400e+00,5.000000000000000000e+01
7.700861781396159955e+00,4.266799800155576250e+00,5.000000000000000000e+01
1.185530144101130823e+01,2.270810463140326974e+00,5.000000000000000000e+01
1.288953378010055317e+01,1.115139262338501469e+00,5.000000000000000000e+01
9.412124597671343906e+00,3.885763497067078465e+00,5.000000000000000000e+01
1.012746774370249625e+01,6.605776616738689100e+00,5.000000000000000000e+01
8.524435230011784270e+00,2.379342581174099802e+00,5.000000000000000000e+01
1.026118646812335733e+01,2.507883194296622875e+00,5.000000000000000000e+01
1.097071573931044242e+01,1.406719714290902701e+00,5.000000000000000000e+01
9.059892847764965396e+00,7.936531540346869473e-01,5.000000000000000000e+01
9.531237387424846830e+00,9.268547200771896755e+00,5.000000000000000000e+01
7.785149973631514619e+00,2.851258476333091707e+00,5.000000000000000000e+01
1.119584451897833688e+01,6.655118963733165138e+00,5.000000000000000000e+01
1.037435695128235125e+01,5.202942281740785546e-01,5.000000000000000000e+01
7.622112919559539179e+00,3.507129240847462803e+00,5.000000000000000000e+01
8.995954689712538865e+00,6.013867960402342838e+00,5.000000000000000000e+01
9.867240752734089071e+00,2.143056428708538519e+00,5.000000000000000000e+01
9.576716892862984665e+00,2.131343750130115566e+00,5.000000000000000000e+01
1.050562751623317581e+01,7.112378995097915713e+00,5.000000000000000000e+01
1.378137136535179685e+01,1.841099013102311943e+00,5.000000000000000000e+01
8.982331476756046484e+00,5.039445529876868335e+00,5.000000000000000000e+01
1.269362290606853350e+01,3.761099825358058535e+00,5.000000000000000000e+01
1.019337357102944353e+01,2.726600281651360369e+00,5.000000000000000000e+01
1.015754073675303459e+01,6.945606698245625488e+00,5.000000000000000000e+01
1.162602954564262525e+01,7.374312822684240487e+00,5.000000000000000000e+01
1.118703992603090391e+01,1.762938226770018879e+00,5.000000000000000000e+01
5.657865602018302909e+00,1.012785691735523796e+00,5.000000000000000000e+01
8.511719159870613893e+00,4.370032655177795711e+00,5.000000000000000000e+01
1.244763544485532591e+01,2.934758760434638347e+00,5.000000000000000000e+01
1.325037205377189409e+01,1.958988673704097350e+00,5.000000000000000000e+01
1.399164808490165690e+01,8.142298217039337871e+00,5.000000000000000000e+01
8.222039226598347739e+00,1.972666763946241408e+00,5.000000000000000000e+01
1.126839325395780378e+01,7.468407418154860977e+00,5.000000000000000000e+01
1.032255497687500068e+01,1.506189002250957198e+00,5.000000000000000000e+01
1.232713458027014219e+01,4.742873460426723753e+00,5.000000000000000000e+01
8.583183620999154329e+00,4.881942543860443351e+00,5.000000000000000000e+01
1.194213257440853404e+01,3.923088605221024316e+00,5.000000000000000000e+01
1.079930684308140876e+01,2.274330549470429119e+00,5.000000000000000000e+01
1.006863916311335494e+01,5.094608060189457888e+00,5.000000000000000000e+01
1.134864386860943419e+01,5.584714097338128624e+00,5.000000000000000000e+01
9.591273626609391201e+00,2.288354875223909346e+00,5.000000000000000000e+01
1.056515273560492219e+01,1.863665952235243894e+00,5.000000000000000000e+01
9.246660168451569461e+00,2.619686389582586372e+00,5.000000000000000000e+01
1.246077711402408994e+01,4.686879610466757384e+00,5.000000000000000000e+01
6.849600078283723192e+00,7.939859882839832572e+00,5.000000000000000000e+01
7.031450643495670505e+00,4.240452854838540730e+00,5.000000000000000000e+01
1.031202480360780349e+01,9.240866794575698151e+00,5.000000000000000000e+01
7.936206428155928805e+00,4.937732151592321372e+00,5.000000000000000000e+01
1.263599664207171358e+01,1.567788937232407198e+00,5.000000000000000000e+01
1.115642209073891955e+01,9.972726507291051590e+00,5.000000000000000000e+01
1.030161868861140029e+01,9.016181613467313838e+00,5.000000000000000000e+01
1.346167346990334579e+01,8.250891045477949604e+00,5.000000000000000000e+01
1.214893663211222474e+01,8.078527453130881497e+00,5.000000000000000000e+01
1.063341497182540607e+01,7.072667662194506377e+00,5.000000000000000000e+01
1.135831201304188021e+01,3.529500364679324598e+00,5.000000000000000000e+01
9.313852789981718061e+00,2.216051251028108293e+00,5.000000000000000000e+01
9.684155429153507910e+00,1.918867496871312639e+00,5.000000000000000000e+01
8.513792013257603486e+00,1.635497914274315345e+00,5.000000000000000000e+01
7.050749872052127998e+00,8.516542561147279145e+00,5.000000000000000000e+01
1.111239829760591924e+01,3.455112183405807613e+00,5.000000000000000000e+01
9.668273581914080594e+00,9.442592155865815684e+00,5.000000000000000000e+01
1.115672118279682401e+01,5.262293920731643482e+00,5.000000000000000000e+01
7.570450351227076879e+00,7.993909963530447804e+00,5.000000000000000000e+01
1.567866258420210457e+01,4.945871089922706076e+00,5.000000000000000000e+01
1.005227744609250884e+01,8.438013932344430756e+00,5.000000000000000000e+01
1.227780141927869906e+01,4.709096854576559465e+00,5.000000000000000000e+01
1.006730718770659827e+01,6.761458866237024523e-01,5.000000000000000000e+01
1.034105629210030308e+01,5.814574555725443794e+00,5.000000000000000000e+01
1.303306776138889411e+01,1.596065607301336842e+00,5.000000000000000000e+01
8.668811953897638034e+00,9.836445249270397539e+00,5.000000000000000000e+01
1.043741642892125832e+01,3.993639116571332526e+00,5.000000000000000000e+01
5.907655162310287977e+00,9.836093136537556347e+00,5.000000000000000000e+01
1.329368884806559237e+01,9.734183713887077261e+00,5.000000000000000000e+01
1.138355715019163483e+01,5.477054866579134096e-01,5.000000000000000000e+01
7.812071526045341940e+00,3.491915894918784513e+00,5.000000000000000000e+01
1.007492809736090855e+01,1.221261770942430047e+00,5.000000000000000000e+01
1.081667215578234931e+01,5.051407447520512406e+00,5.000000000000000000e+01
7.998915852138023475e+00,9.331422132731429286e+00,5.000000000000000000e+01
1.008216311947873400e+01,2.184989581148726323e+00,5.000000000000000000e+01
1.232863793129242325e+01,7.324431591750308002e+00,5.000000000000000000e+01
1.176233073656843331e+01,8.205833102154324266e+00,5.000000000000000000e+01
1.266266071571828533e+01,6.338310984239903245e-01,5.000000000000000000e+01
7.537604211384978825e+00,3.469768645147382813e+00,5.000000000000000000e+01
1.113808409834680724e+01,3.254344937542002825e+00,5.000000000000000000e+01
1.090140529110950496e+01,5.399402938677301478e+00,5.000000000000000000e+01
1.154501377392309003e+01,5.035735880897553862e+00,5.000000000000000000e+01
1.018717797236775091e+01,1.320831575316743223e+00,5.000000000000000000e+01
1.343551103512505485e+01,4.988339859951161692e+00,5.000000000000000000e+01
9.542894532108048722e+00,9.410468041204158141e+00,5.000000000000000000e+01
1.158447904744846113e+01,7.143580323554839850e+00,5.000000000000000000e+01
9.135282479388528998e+00,7.683513121986214500e+00,5.000000000000000000e+01
6.861914028155243095e+00,8.962220905563810902e+00,5.000000000000000000e+01
9.399202881934666465e+00,8.429348560323948192e+00,5.000000000000000000e+01
1.322917299813255809e+01,1.715714530248695358e+00,5.000000000000000000e+01
1.092218381885044920e+01,3.176168931593137401e-01,5.000000000000000000e+01
1.211090927915837767e+01,9.374788471338678875e+00,5.000000000000000000e+01
8.774503110502331893e+00,6.034663075724761683e+00,5.000000000000000000e+01
9.821993288550514123e+00,9.562490498257863791e+00,5.000000000000000000e+01
1.021053972673538013e+01,6.068846320895431745e+00,5.000000000000000000e+01
8.826743638279197057e+00,2.455387300773423043e+00,5.000000000000000000e+01
8.263343846592279718e+00,1.534805708335674757e+00,5.000000000000000000e+01
1.311908775800125504e+01,8.471737890641426461e+00,5.000000000000000000e+01
1.273277451971467045e+01,4.868724615191743155e+00,5.000000000000000000e+01
7.436188217577733184e+00,6.702130534580312826e+00,5.000000000000000000e+01
1.194540682091309414e+01,6.584079787528213323e+00,5.000000000000000000e+01
1.017265040251476904e+01,5.822489598191163296e+00,5.000000000000000000e+01
1.180883695613819206e+01,8.226483303244773282e+00,5.000000000000000000e+01
7.680604875651843244e+00,8.440693279105923708e+00,5.000000000000000000e+01
7.705780354451693626e+00,7.186146717160232456e+00,5.000000000000000000e+01
7.480398829220541224e+00,9.749260030424405699e+00,5.000000000000000000e+01
1.211468313937977825e+01,7.012090222209231172e+00,5.000000000000000000e+01
1.136256191113026937e+01,5.039386095819196498e+00,5.000000000000000000e+01
9.754234884144365125e+00,8.584694647241212451e+00,5.000000000000000000e+01
1.354021832040892370e+01,6.189790448634115982e+00,5.000000000000000000e+01
9.434822904135439003e+00,6.403612270614866819e-01,5.000000000000000000e+01
9.379236645889678314e+00,8.666917591719887071e+00,5.000000000000000000e+01
9.893290863830003445e+00,6.413811801338312968e+00,5.000000000000000000e+01
7.265342738996640293e+00,1.429291953976468132e+00,5.000000000000000000e+01
8.822309914961556032e+00,8.394723520421564444e+00,5.000000000000000000e+01
6.706285455583667954e+00,5.803098838615485811e+00,5.000000000000000000e+01
6.908784920970969523e+00,9.152358028480060526e+00,5.000000000000000000e+01
9.729839399601726058e+00,2.996680626541309067e+00,5.000000000000000000e+01
5.468099020299546531e+00,9.952526685138616713e+00,5.000000000000000000e+01
8.795265208088382636e+00,2.434328309149764724e+00,5.000000000000000000e+01
1.130304506322345048e+01,1.889246787442387943e+00,5.000000000000000000e+01
9.845090457508096193e+00,6.691396129809997539e+00,5.000000000000000000e+01
1.211878746245145955e+01,6.806378770338782580e+00,5.000000000000000000e+01
1.071901632835552931e+01,8.304749328253643981e+00,5.000000000000000000e+01
9.316813770159146912e+00,8.392131932806314865e+00,5.000000000000000000e+01
1.151518315549840921e+01,4.102899677926751032e+00,5.000000000000000000e+01
8.530363609994319418e+00,6.557024430567962803e+00,5.000000000000000000e+01
6.494694428784154816e+00,9.951035115774104156e+00,5.000000000000000000e+01
1.077834229613113060e+01,8.951367159063629231e+00,5.000000000000000000e+01
8.991811679479445374e+00,1.991029467131426589e+00,5.000000000000000000e+01
8.534651523517680971e+00,3.193124984787419685e+00,5.000000000000000000e+01
9.108247462483824108e+00,1.782079464510181177e+00,5.000000000000000000e+01
1.045172022410217139e+01,4.761236158432829768e+00,5.000000000000000000e+01
6.831410603783980129e+00,4.204295265385077585e+00,5.000000000000000000e+01
9.176096354665961741e+00,9.961781976262887639e+00,5.000000000000000000e+01
1.138266884572277959e+01,6.578119447213598647e+00,5.000000000000000000e+01
1.174905771069175486e+01,8.886139707275900079e+00,5.000000000000000000e+01
8.986636479425751389e+00,4.386120901480159873e+00,5.000000000000000000e+01
1.380230744101787543e+01,2.914879185189510835e+00,5.000000000000000000e+01
1.222232692898861828e+01,8.741671822593367835e+00,5.000000000000000000e+01
7.269531818812968282e+00,3.568536589734802256e+00,5.000000000000000000e+01
7.566142815183861892e+00,4.737714509934209950e-02,5.000000000000000000e+01
1.288611703153421217e+01,3.481054681714886634e+00,5.000000000000000000e+01
7.916867717244178593e+00,6.032527377251041045e+00,5.000000000000000000e+01
9.091513706011120632e+00,7.355655872236233073e-01,5.000000000000000000e+01
1.011788079210763769e+01,2.596442708355450879e+00,5.000000000000000000e+01
1.146691683505400405e+01,4.324024419822860565e+00,5.000000000000000000e+01
1.096811365035151731e+01,9.272372285279717019e+00,5.000000000000000000e+01
9.282005001680676770e+00,5.664979651176567543e+00,5.000000000000000000e+01
1.277270616167030859e+01,7.658548042378663823e+00,5.000000000000000000e+01
1.239870597058616397e+01,6.860975007543169468e+00,5.000000000000000000e+01
1.218140632101363963e+01,7.070358365246763199e+00,5.000000000000000000e+01
1.152324480428448084e+01,9.204982303742101024e+00,5.000000000000000000e+01
8.611375226081694478e+00,5.757697621661606036e+00,5.000000000000000000e+01
9.366652775124094887e+00,8.574199425079548575e+00,5.000000000000000000e+01
1.097424628450980855e+01,2.746365125643659422e+00,5.000000000000000000e+01
1.005236711854885812e+01,6.483955595801185190e+00,5.000000000000000000e+01
7.505772070543095253e+00,2.878745144965857428e+00,5.000000000000000000e+01
7.504617782904446699e+00,6.993759696201910181e+00,5.000000000000000000e+01
8.932442512448981020e+00,6.354204475016239861e+00,5.000000000000000000e+01
1.004025458919969438e+01,9.647543692151892003e+00,5.000000000000000000e+01
7.669344897862163890e+00,2.178567072849662001e+00,5.000000000000000000e+01
1.151523514667960235e+01,4.551945338905088789e+00,5.000000000000000000e+01
1.000961041906723281e+01,5.977164202095043066e+00,5.000000000000000000e+01
9.722478034788668566e+00,7.384715639564797485e+00,5.000000000000000000e+01
1.178701136713272390e+01,4.727200872026241285e+00,5.000000000000000000e+01
8.674901508341459788e+00,7.837266074183647291e+00,5.000000000000000000e+01
8.642108603516952314e+00,5.810253830706930245e+00,5.000000000000000000e+01
1.234237773494105816e+01,7.037501554292639128e+00,5.000000000000000000e+01
8.896760077958251856e+00,4.075652963208625579e+00,5.000000000000000000e+01
7.187882729062708975e+00,3.769639035051329579e+00,5.000000000000000000e+01
8.322667577744022438e+00,7.310962855735397170e+00,5.000000000000000000e+01
8.413127946528767609e+00,1.482604110303742395e+00,5.000000000000000000e+01
1.412783188674725565e+01,3.624922337368411185e+00,5.000000000000000000e+01
8.262478467861667397e+00,2.867819486663969464e+00,5.000000000000000000e+01
1.073876495171367296e+01,6.109518567060915117e+00,5.000000000000000000e+01
9.262271150455941182e+00,3.856521091284380809e+00,5.000000000000000000e+01
1.288433286449653714e+01,8.816976115002095327e+00,5.000000000000000000e+01
9.256863265086241910e+00,9.869959560960070988e+00,5.000000000000000000e+01
9.355433215521479440e+00,1.380566499519788604e+00,5.000000000000000000e+01
1.130468432891455599e+01,5.115367863732842579e+00,5.000000000000000000e+01
6.560935602855823667e+00,5.728972825764476973e+00,5.000000000000000000e+01
8.529584599921559374e+00,5.281021769061181814e+00,5.000000000000000000e+01
8.803162531330324114e+00,3.236531162698108588e-01,5.000000000000000000e+01
6.651402248062980860e+00,4.906422252618085622e+00,5.000000000000000000e+01
1.136827928229918783e+01,5.418314596248601234e+00,5.000000000000000000e+01
8.319587903893932435e+00,8.973969568680129072e-01,5.000000000000000000e+01
9.471577878220269753e+00,4.946775428743610092e+00,5.000000000000000000e+01
8.119045995015072847e+00,1.102003728353833090e+00,5.000000000000000000e+01
6.394052408301797108e+00,1.100809876057310399e+00,5.000000000000000000e+01
1.235944938367412860e+01,5.755179419133660268e+00,5.000000000000000000e+01
1.102748984691491252e+01,3.118843707924758846e+00,5.000000000000000000e+01
1.096064239573663635e+01,4.894080520409275437e+00,5.000000000000000000e+01
7.601079529121148148e+00,8.468925094392309560e+00,5.000000000000000000e+01
8.061980392482890778e+00,3.424607582777705606e+00,5.000000000000000000e+01
6.591184601870379467e+00,2.311043515824001915e+00,5.000000000000000000e+01
1.136494152111837330e+01,4.586407343582166618e+00,5.000000000000000000e+01
7.185190685852417936e+00,5.876266155209832753e+00,5.000000000000000000e+01
1.258252924432430575e+01,3.563624895374958079e+00,5.000000000000000000e+01
7.923580161998916793e+00,3.900827972551214273e+00,5.000000000000000000e+01
1.227054760895837582e+01,8.387611578269195789e+00,5.000000000000000000e+01
9.121849169200158869e+00,7.728105588373125556e+00,5.000000000000000000e+01
1.104672606634262522e+01,9.093638314393496458e+00,5.000000000000000000e+01
1.200011428758182852e+01,3.111835712837319967e+00,5.000000000000000000e+01
9.351228726951319459e+00,3.349816156981200166e+00,5.000000000000000000e+01
8.567059515668525194e+00,7.220241261819814405e+00,5.000000000000000000e+01
1.095910811854813716e+01,5.617583266847287149e+00,5.000000000000000000e+01
7.676111579281798214e+00,3.240076061941454810e-01,5.000000000000000000e+01
1.121793522001478749e+01,8.154036320315274367e+00,5.000000000000000000e+01
8.820078959541742591e+00,1.640403872480237224e+00,5.000000000000000000e+01
6.719539728990200800e+00,9.963102717468752534e-01,5.000000000000000000e+01
1.092235509322788722e+01,7.896085332033079496e+00,5.000000000000000000e+01
9.140940069441239046e+00,5.157594868248071229e+00,5.000000000000000000e+01
6.076458234265683878e+00,3.734133554243711295e+00,5.000000000000000000e+01
1.119256314540061581e+01,7.829922618292442849e+00,5.000000000000000000e+01
1.423862611331360029e+01,4.558292186605501506e+00,5.000000000000000000e+01
1.180579214422695067e+01,4.360129139117962183e+00,5.000000000000000000e+01
1.135669847908048880e+01,6.300636326197686543e+00,5.000000000000000000e+01
1.020032068703026873e+01,5.569562423416186903e+00,5.000000000000000000e+01
8.651630212734390923e+00,8.574921882294404440e+00,5.000000000000000000e+01
1.033979104036686536e+01,4.797888994223679759e+00,5.000000000000000000e+01
8.867963902716178737e+00,1.883932340180376475e+00,5.000000000000000000e+01
8.248620623836819377e+00,8.514680049172495657e+00,5.000000000000000000e+01
7.863173881669915488e+00,8.560498359179536720e+00,5.000000000000000000e+01
8.583726083923018280e+00,8.378812593497521277e+00,5.000000000000000000e+01
5.840288039408873644e+00,7.473675298533000166e-01,5.000000000000000000e+01
7.907025152461724105e+00,3.006209655352634069e+00,5.000000000000000000e+01
1.170386485200739912e+01,9.467526737525293612e+00,5.000000000000000000e+01
1.014670543739853770e+01,5.238687093078537416e+00,5.000000000000000000e+01
1.193977454867673060e+01,9.240572990655682162e+00,5.000000000000000000e+01
8.461281009920327278e+00,7.232812199809646181e-01,5.000000000000000000e+01
8.160452820382928962e+00,4.447368230057618277e+00,5.000000000000000000e+01
1.048716530215977727e+01,7.390767505134095749e+00,5.000000000000000000e+01
1.002263659531813467e+01,4.325128913479661996e+00,5.000000000000000000e+01
1.044909093026641500e+01,1.547511473302289886e+00,5.000000000000000000e+01
7.468937117756912158e+00,5.447931445520310056e+00,5.000000000000000000e+01
6.833692527321156618e+00,8.738625108374801442e+00,5.000000000000000000e+01
1.192166399830197854e+01,9.103118641533235689e+00,5.000000000000000000e+01
1.202986230558020964e+01,7.111800269332655411e+00,5.000000000000000000e+01
1.312671082797427680e+01,9.125302266601634571e+00,5.000000000000000000e+01
1.261292657113302695e+01,3.531437615006194353e-01,5.000000000000000000e+01
1.190091179941029864e+01,7.136361711015412723e+00,5.000000000000000000e+01
4.774364662973331619e+00,8.735209550007091650e+00,5.000000000000000000e+01
1.128206835574267508e+01,6.757039021281363578e-01,5.000000000000000000e+01
1.317722342517839174e+01,8.953747273597066680e+00,5.000000000000000000e+01
1.069161701711417045e+01,9.704593881758466267e+00,5.000000000000000000e+01
8.820347741789321461e+00,6.268065797325977684e+00,5.000000000000000000e+01
1.089034598595215719e+01,3.826049239386495326e+00,5.000000000000000000e+01
1.218305265325223097e+01,9.058338448429402945e+00,5.000000000000000000e+01
8.095068735632333201e+00,1.471108420094768832e+00,5.000000000000000000e+01
1.120637002575064223e+01,5.463125991333388498e+00,5.000000000000000000e+01
9.787274930808280260e+00,2.057307899146211483e+00,5.000000000000000000e+01
7.516792418586171642e+00,4.145346401797635139e+00,5.000000000000000000e+01
1.250554775472051361e+01,9.947073965757251557e+00,5.000000000000000000e+01
9.809424731373084683e+00,3.864635109237868349e-01,5.000000000000000000e+01
8.255401228468391750e+00,4.916113575357561327e-01,5.000000000000000000e+01
6.651534160800951945e+00,7.664029536528655484e+00,5.000000000000000000e+01
1.044661641976860800e+01,9.180319942356128138e+00,5.000000000000000000e+01
1.167883042329029308e+01,6.692413928020252811e+00,5.000000000000000000e+01
1.073798269386275983e+01,7.991484941188687685e+00,5.000000000000000000e+01
1.218217787790906215e+01,4.595560477034680957e+00,5.000000000000000000e+01
1.022725628759496352e+01,9.369635179910019929e+00,5.000000000000000000e+01
8.574325920784106714e+00,8.225194689521103442e+00,5.000000000000000000e+01
1.306026488519971451e+01,1.638306579829672538e+00,5.000000000000000000e+01
7.366705914530823129e+00,7.275107807137382920e+00,5.000000000000000000e+01
1.122407541188792379e+01,2.278143276157422736e+00,5.000000000000000000e+01
8.558885182169740702e+00,4.041735787541796299e+00,5.000000000000000000e+01
1.169229506656174955e+01,6.990729478022135623e+00,5.000000000000000000e+01
9.712718589243911183e+00,9.973043760876715069e+00,5.000000000000000000e+01
1.311359901588709675e+01,1.594575983071589986e+00,5.000000000000000000e+01
1.040148210742082391e+01,5.836568122010286963e+00,5.000000000000000000e+01
1.108343436904524282e+01,7.880430753594228399e+00,5.000000000000000000e+01
6.806679821410613229e+00,1.709428454032410061e+00,5.000000000000000000e+01
1.061903387422121270e+01,5.427228724865906795e-01,5.000000000000000000e+01
8.944866671246989753e+00,2.483576064403040462e+00,5.000000000000000000e+01
6.550075914091136653e+00,5.091951052016600698e+00,5.000000000000000000e+01
8.261068760926312038e+00,2.376068064985811468e+00,5.000000000000000000e+01
4.552457880380713640e+00,6.257100378055331369e+00,5.000000000000000000e+01
8.284541295788375947e+00,5.384549085913848288e+00,5.000000000000000000e+01
9.772950141993133499e+00,5.252477510803110761e+00,5.000000000000000000e+01
5.352708205070693559e+00,8.936115207965901419e+00,5.000000000000000000e+01
9.268978527670038048e+00,6.697280465025654550e+00,5.000000000000000000e+01
5.767425277943546646e+00,8.496775513191042961e+00,5.000000000000000000e+01
1.016693545405135346e+01,4.965727950435646854e+00,5.000000000000000000e+01
9.422140226157873499e+00,3.465690769154512463e+00,5.000000000000000000e+01
8.129110044340315255e+00,2.851296031561259881e+00,5.000000000000000000e+01
1.019338914097084903e+01,9.528646338820243145e+00,5.000000000000000000e+01
1.121229013408077257e+01,6.268409036133267165e+00,5.000000000000000000e+01
9.051237784727272029e+00,9.187359188280737499e+00,5.000000000000000000e+01
1.203272887587754170e+01,9.346520466670664717e+00,5.000000000000000000e+01
1.309577353580503534e+01,3.062332245996646218e+00,5.000000000000000000e+01
8.302390186935628691e+00,1.402838853030548005e+00,5.000000000000000000e+01
1.088115205966273535e+01,4.898820363921352339e+00,5.000000000000000000e+01
9.527501394582804650e+00,9.503914879188309683e+00,5.000000000000000000e+01
1.266317941472106412e+01,5.746465630038106731e+00,5.000000000000000000e+01
9.979422319111222350e+00,7.350745806666409976e+00,5.000000000000000000e+01
1.381933191578532671e+01,9.442681598470448634e+00,5.000000000000000000e+01
1.129709781842794314e+01,7.712909427835112908e-01,5.000000000000000000e+01
9.001984153393273402e+00,6.232478627230334745e+00,5.000000000000000000e+01
1.084460253929512952e+01,2.881214246796334422e+00,5.000000000000000000e+01
9.485831778260102709e+00,7.164276252234983211e+00,5.000000000000000000e+01
1.257174028438170055e+01,9.460240827421170451e+00,5.000000000000000000e+01
9.020132740171678876e+00,1.599405916403906502e-01,5.000000000000000000e+01
8.377110628836504702e+00,2.721448241305145288e+00,5.000000000000000000e+01
1.055854436517548223e+01,6.064615648448316243e+00,5.000000000000000000e+01
8.466349068564090530e+00,5.459117744959690377e+00,5.000000000000000000e+01
1.293297698640053994e+01,3.010379178773272546e+00,5.000000000000000000e+01
1.173438494981284386e+01,4.672951644815153571e+00,5.000000000000000000e+01
9.810410597764654739e+00,3.899205675726165055e+00,5.000000000000000000e+01
1.054362621787092813e+01,4.228372449563355673e+00,5.000000000000000000e+01
8.902399249808707893e+00,7.812777128636105850e-01,5.000000000000000000e+01
1.058513984015302434e+01,2.064147123431649078e+00,5.000000000000000000e+01
9.176594995458437154e+00,8.632088416628514338e+00,5.000000000000000000e+01
1.154143439767084622e+01,9.776026469680125786e+00,5.000000000000000000e+01
6.423049928219496607e+00,3.468305877381108182e+00,5.000000000000000000e+01
1.096732561334372669e+01,9.719604927882542711e+00,5.000000000000000000e+01
1.102002859325838102e+01,8.845160568526660327e+00,5.000000000000000000e+01
1.361532334093800856e+01,1.528568576487940867e+00,5.000000000000000000e+01
1.021427569627094734e+01,3.622994883484499162e+00,5.000000000000000000e+01
8.659327865197740337e+00,3.475193734637123111e+00,5.000000000000000000e+01
8.608694325277312487e+00,3.034710809204800519e+00,5.000000000000000000e+01
1.084234259232606767e+01,1.782720683856287014e-01,5.000000000000000000e+01
1.145656269098727265e+01,6.459609331483992634e+00,5.000000000000000000e+01
1.204981271886986072e+01,2.638720885609871836e+00,5.000000000000000000e+01
9.362171515882982575e+00,3.147421437957518275e+00,5.000000000000000000e+01
1.014768132202440398e+01,6.380036930648641302e+00,5.000000000000000000e+01
9.366849611560061462e+00,4.542924679871170213e+00,5.000000000000000000e+01
1.185184989591958882e+01,8.271015156787923317e+00,5.000000000000000000e+01
1.185565645153432790e+01,2.889828934970477547e+00,5.000000000000000000e+01
8.411483705794008614e+00,7.009324783501491574e+00,5.000000000000000000e+01
8.742388698214901055e+00,3.000241843379122031e+00,5.000000000000000000e+01
8.986735008161176097e+00,3.359897971284599993e+00,5.000000000000000000e+01
8.594966967084470610e+00,9.258487253855907539e+00,5.000000000000000000e+01
6.343295696799943428e+00,2.833438625438530423e+00,5.000000000000000000e+01
1.361718072420274339e+01,2.165861184842259313e+00,5.000000000000000000e+01
1.158098728110585895e+01,4.233104481123942442e+00,5.000000000000000000e+01
1.241673541038658257e+01,6.779356023033995982e+00,5.000000000000000000e+01
6.956352053379214695e+00,3.196858987491906223e+00,5.000000000000000000e+01
7.200845030548796544e+00,6.549271700684522912e+00,5.000000000000000000e+01
9.487851878927907379e+00,2.076995539959127779e+00,5.000000000000000000e+01
1.253561845273341291e+01,9.680421128375925832e+00,5.000000000000000000e+01
7.900465189399429988e+00,3.519000156725597073e+00,5.000000000000000000e+01
1.293096206611032173e+01,3.047253953191032316e+00,5.000000000000000000e+01
1.131844396071133119e+01,2.159997977113592427e+00,5.000000000000000000e+01
1.318505445441860857e+01,8.858557756826311191e+00,5.000000000000000000e+01
9.812750639625772209e+00,4.879058046713902641e+00,5.000000000000000000e+01
9.480734514054111273e+00,9.181115142701699483e+00,5.000000000000000000e+01
1.051725129254646518e+01,5.251878161192679251e+00,5.000000000000000000e+01
8.990241408123718969e+00,6.961584735796060741e+00,5.000000000000000000e+01
9.280311369776695685e+00,1.537921986830189658e+00,5.000000000000000000e+01
1.119382396587386275e+01,2.487077594046900320e+00,5.000000000000000000e+01
8.328527067926678740e+00,9.477451246277372121e+00,5.000000000000000000e+01
1.175944913144871151e+01,7.994726128889394268e+00,5.000000000000000000e+01
8.159171372265435096e+00,1.566421150331177570e+00,5.000000000000000000e+01
1.420463209382711867e+01,7.364662436358928588e+00,5.000000000000000000e+01
1.044823412998024281e+01,9.948400964447865036e+00,5.000000000000000000e+01
7.802298211190136890e+00,8.944581201147109084e+00,5.000000000000000000e+01
7.935916158406577381e+00,2.503153551544639033e+00,5.000000000000000000e+01
8.237515707392262243e+00,1.550395921888334527e+00,5.000000000000000000e+01
7.203288908224500631e+00,7.059718591051345804e+00,5.000000000000000000e+01
1.076991777471515022e+01,2.586233193159512833e+00,5.000000000000000000e+01
1.063095453466377016e+01,3.462405723369292865e+00,5.000000000000000000e+01
6.485820715149644755e+00,1.955098668090113900e+00,5.000000000000000000e+01
5.342506554396145191e+00,7.551530012435159200e-01,5.000000000000000000e+01
1.226585084496845290e+01,7.921345931000343121e+00,5.000000000000000000e+01
9.145560878887106782e+00,3.563492691409911650e+00,5.000000000000000000e+01
1.039724747318558506e+01,6.660669104371614857e+00,5.000000000000000000e+01
1.117107820234111060e+01,5.097121658919592235e+00,5.000000000000000000e+01
1.043452373978567138e+01,3.853555864903694950e+00,5.000000000000000000e+01
1.246336327388431364e+01,9.016443582134932910e+00,5.000000000000000000e+01
1.234769163679855986e+01,5.971147568570800424e-01,5.000000000000000000e+01
1.003222316820890292e+01,7.192265672919750941e-01,5.000000000000000000e+01
9.215276647579457858e+00,7.558742345815980812e+00,5.000000000000000000e+01
1.038340965671111071e+01,1.935731931749534729e+00,5.000000000000000000e+01
1.050828149992747207e+01,6.048100507659124325e+00,5.000000000000000000e+01
1.162051242853943123e+01,3.485915838252451326e+00,5.000000000000000000e+01
9.031632658807344782e+00,1.241105009602594400e+00,5.000000000000000000e+01
9.422296412801232535e+00,3.204355204142605995e+00,5.000000000000000000e+01
1.075688729593570514e+01,6.713309009729210075e+00,5.000000000000000000e+01
1.112475116080441495e+01,3.749891605180410981e-01,5.000000000000000000e+01
8.210737277039015680e+00,8.729468301429752941e+00,5.000000000000000000e+01
9.826913606865756989e+00,5.503096324431119513e+00,5.000000000000000000e+01
1.036074382371487168e+01,6.545172570269013335e+00,5.000000000000000000e+01
1.017847778445501028e+01,9.846059468616738641e+00,5.000000000000000000e+01
1.137609206164944275e+01,4.824797625414504409e+00,5.000000000000000000e+01
1.182422810522615464e+01,5.872000483760966283e+00,5.000000000000000000e+01
9.252816188021634858e+00,8.466233340313987554e+00,5.000000000000000000e+01
1.621754869768435015e+01,9.456756623508802306e+00,5.000000000000000000e+01
6.546612877224552207e+00,9.131565891333590201e+00,5.000000000000000000e+01
1.007212517861613676e+01,1.080047938090410442e+00,5.000000000000000000e+01
1.095220297590854308e+01,8.885290071082973640e+00,5.000000000000000000e+01
8.710158687065186811e+00,6.421835094583148162e+00,5.000000000000000000e+01
9.345982788808630204e+00,4.302274824425150967e+00,5.000000000000000000e+01
9.150984523925343339e+00,9.631332226351606351e+00,5.000000000000000000e+01
1.365780236916252477e+01,2.066016353568784769e+00,5.000000000000000000e+01
8.243200598542683721e+00,5.758688269889668199e+00,5.000000000000000000e+01
9.791622140313220868e+00,4.635041952480214889e+00,5.000000000000000000e+01
7.516554797692929668e+00,9.831672503681675224e+00,5.000000000000000000e+01
8.972801467209533754e+00,5.748802377872901381e+00,5.000000000000000000e+01
1.054885471299424005e+01,8.205328044036866331e+00,5.000000000000000000e+01
1.327874612026863588e+01,6.326488110831433254e+00,5.000000000000000000e+01
1.061525853447009915e+01,6.737120870929683925e+00,5.000000000000000000e+01
1.311240918456812210e+01,4.464740052573079598e-01,5.000000000000000000e+01
1.052093610416668312e+01,4.315183237562544072e+00,5.000000000000000000e+01
9.338285230488157396e+00,1.860369391818247342e+00,5.000000000000000000e+01
8.576553303124907046e+00,9.265083542981063403e+00,5.000000000000000000e+01
8.433008116783133445e+00,2.464070846687907768e+00,5.000000000000000000e+01
7.663283959345622343e+00,1.772290363294412030e+00,5.000000000000000000e+01
1.022294896964733368e+01,9.899804520369801963e+00,5.000000000000000000e+01
7.331958309664338813e+00,1.865515939332699213e+00,5.000000000000000000e+01
1.186881056558752157e+01,5.701146544996574583e+00,5.000000000000000000e+01
9.099423724329605889e+00,3.384721634862397632e-01,5.000000000000000000e+01
1.176471664108776771e+01,2.384225548894689517e+00,5.000000000000000000e+01
1.200406590507892091e+01,9.660706112197345874e+00,5.000000000000000000e+01
1.310331992646852406e+01,9.170728792867780754e+00,5.000000000000000000e+01
1.333576312684946430e+01,1.169616743192148922e+00,5.000000000000000000e+01
1.292505966559423669e+01,2.976714811802199101e+00,5.000000000000000000e+01
8.232326046510657136e+00,3.390191926479314333e+00,5.000000000000000000e+01
1.026916910764368396e+01,3.507321909287819395e-02,5.000000000000000000e+01
1.223378089675510161e+01,2.026880128409148440e+00,5.000000000000000000e+01
1.348712088246113794e+01,8.235842353093785206e+00,5.000000000000000000e+01
6.031106809018615067e+00,4.406695888832629748e+00,5.000000000000000000e+01
1.152961830073510541e+01,5.175133613356916129e+00,5.000000000000000000e+01
8.582561500938378884e+00,7.155604141649700267e+00,5.000000000000000000e+01
1.171252967617822982e+01,6.732004123496388104e+00,5.000000000000000000e+01
1.498999382999359220e+01,5.202234519854211925e+00,5.000000000000000000e+01
1.018677552146504439e+01,1.144491375806382383e+00,5.000000000000000000e+01
7.092990159833890473e+00,1.606796153163185803e+00,5.000000000000000000e+01
8.565748182298785096e+00,6.644238191679719741e+00,5.000000000000000000e+01
1.137733411087308077e+01,3.900320482183126991e+00,5.000000000000000000e+01
6.326768830027562629e+00,6.979333103543934769e+00,5.000000000000000000e+01
1.178482025583680581e+01,8.727367194667529304e+00,5.000000000000000000e+01
9.260243474495915450e+00,4.559403388524372325e+00,5.000000000000000000e+01
9.630999811031299984e+00,2.608972163108416176e+00,5.000000000000000000e+01
1.026842826745699888e+01,1.888173318955301827e+00,5.000000000000000000e+01
6.923013545961382853e+00,6.833762829172702169e+00,5.000000000000000000e+01
7.213661194958771006e+00,6.321161223687817632e+00,5.000000000000000000e+01
9.773923836507321994e+00,5.678799204686828972e+00,5.000000000000000000e+01
6.218031039096631574e+00,7.495710157513254757e+00,5.000000000000000000e+01
1.357103705296925966e+01,6.632826383698066763e+00,5.000000000000000000e+01
9.048091575400826869e+00,4.489841834552766642e+00,5.000000000000000000e+01
8.139913163937277929e+00,5.837005632014463430e+00,5.000000000000000000e+01
7.916421104905619011e+00,5.597156944665816702e+00,5.000000000000000000e+01
1.143575398585054259e+01,7.380036767905928663e+00,5.000000000000000000e+01
9.352065704745275099e+00,2.556039143193227225e+00,5.000000000000000000e+01
1.047184885656154840e+01,9.329482884929365838e+00,5.000000000000000000e+01
1.228046812556675071e+01,9.506403381059993052e+00,5.000000000000000000e+01
1.258944854635607946e+01,8.457027611901180464e+00,5.000000000000000000e+01
9.274790111151983041e+00,8.518902640786652825e+00,5.000000000000000000e+01
1.068260417749456970e+01,5.846690307029682288e+00,5.000000000000000000e+01
6.701723451690655864e+00,4.628922834112293216e+00,5.000000000000000000e+01
1.043061232195184118e+01,1.420357706255166441e+00,5.000000000000000000e+01
1.296018373036446114e+01,8.626647054371865408e+00,5.000000000000000000e+01
1.008262942812754659e+01,8.291184602385628821e+00,5.000000000000000000e+01
1.156299958228961877e+01,8.599042401040644990e+00,5.000000000000000000e+01
1.021083341041292236e+01,5.178465285585715172e+00,5.000000000000000000e+01
1.016795726632346586e+01,8.043844964485359128e+00,5.000000000000000000e+01
1.241693292654009184e+01,4.450493380746271654e+00,5.000000000000000000e+01
1.320883029660867258e+01,2.741433496875015585e+00,5.000000000000000000e+01
1.219986957228076996e+01,7.528472475877348025e+00,5.000000000000000000e+01
8.534072804285333547e+00,1.338250537115248662e+00,5.000000000000000000e+01
6.506696167451929469e+00,2.857459767911908699e+00,5.000000000000000000e+01
1.010132300097294689e+01,7.705832079408995838e+00,5.000000000000000000e+01
6.963791108421084175e+00,7.862889840788074736e+00,5.000000000000000000e+01
1.165929584339983194e+01,8.227208316432243151e+00,5.000000000000000000e+01
1.339133479209467836e+01,5.470695415747831802e+00,5.000000000000000000e+01
9.885069754405519049e+00,4.809472083400336828e+00,5.000000000000000000e+01
6.487817710886261580e+00,5.936220844082102488e+00,5.000000000000000000e+01
9.156537459111159905e+00,9.072488469413753087e-01,5.000000000000000000e+01
9.326514645347048216e+00,5.668842705128938952e+00,5.000000000000000000e+01
6.305753371487185177e+00,6.831333339757081013e+00,5.000000000000000000e+01
1.100873219545979254e+01,2.694909258387900852e+00,5.000000000000000000e+01
1.065504899729975996e+01,3.063723090181507125e+00,5.000000000000000000e+01
6.928116424469603629e+00,8.868226771002712283e+00,5.000000000000000000e+01
8.132982269018596000e+00,2.684330870026149007e+00,5.000000000000000000e+01
1.241458520128707121e+01,3.801251195775069647e+00,5.000000000000000000e+01
9.256728700665609821e+00,5.822789196601144468e+00,5.000000000000000000e+01
8.593714201738842817e+00,9.367861178352697493e+00,5.000000000000000000e+01
9.407299517240353737e+00,4.261603731887449342e+00,5.000000000000000000e+01
9.730272804063181624e+00,1.996520645310346787e+00,5.000000000000000000e+01
9.362975055733523178e+00,5.832929254435845756e+00,5.000000000000000000e+01
9.964036832997997806e+00,8.774504801715551139e+00,5.000000000000000000e+01
1.015956495963823158e+01,3.548146580262800942e+00,5.000000000000000000e+01
9.790063096051447644e+00,5.341020465931329397e+00,5.000000000000000000e+01
1.150936442416265493e+01,3.748391559922421568e+00,5.000000000000000000e+01
1.042476536944673349e+01,2.421757479698029236e+00,5.000000000000000000e+01
8.787878274710561044e+00,6.646715848029119300e+00,5.000000000000000000e+01
6.362619336886462307e+00,1.215141600406643985e+00,5.000000000000000000e+01
1.093941312396203358e+01,1.259086944780940520e+00,5.000000000000000000e+01
1.380482317232994482e+01,7.612315261056986415e+00,5.000000000000000000e+01
6.854129106700309393e+00,5.830419024335143696e+00,5.000000000000000000e+01
8.450772338817069240e+00,1.977018582953936621e+00,5.000000000000000000e+01
1.045472561374264053e+01,5.152984687184191337e+00,5.000000000000000000e+01
1.390214132860836216e+01,4.850333023802944510e+00,5.000000000000000000e+01
9.940913137560627888e+00,6.992228847449048601e+00,5.000000000000000000e+01
1.436711217565988896e+01,7.727945896607295140e+00,5.000000000000000000e+01
1.339718155571309843e+01,8.680014693595863307e+00,5.000000000000000000e+01
7.324172358518421078e+00,5.713283788876934111e+00,5.000000000000000000e+01
1.232027570987374077e+01,7.788395441377815587e-01,5.000000000000000000e+01
1.002088302948101273e+01,5.584681387027271349e+00,5.000000000000000000e+01
7.688582016088716387e+00,6.533648422758194130e+00,5.000000000000000000e+01
1.136959728888232668e+01,4.123253387488816202e+00,5.000000000000000000e+01
9.176817747113995338e+00,3.868062573521484637e+00,5.000000000000000000e+01
7.122511045857839562e+00,5.112838289175927642e+00,5.000000000000000000e+01
1.182399396587498330e+01,1.130417912692412985e+00,5.000000000000000000e+01
9.274618555550109278e+00,8.621140547635100404e+00,5.000000000000000000e+01
7.883241056861677976e+00,9.177315524406722602e+00,5.000000000000000000e+01
6.578783776589363086e+00,3.095332883876278363e+00,5.000000000000000000e+01
7.090620388957502129e+00,6.122671791660816432e-02,5.000000000000000000e+01
1.384862505322375981e+01,5.477364210922173626e+00,5.000000000000000000e+01
6.939794903707092288e+00,7.099155590763778001e+00,5.000000000000000000e+01
8.787383961589007697e+00,4.128222139850836747e+00,5.000000000000000000e+01
1.022584280733088313e+01,7.685352157964545405e+00,5.000000000000000000e+01
6.789809291973778471e+00,1.137151649231173955e+00,5.000000000000000000e+01
8.346428980724461155e+00,3.348605022278952070e+00,5.000000000000000000e+01
1.040059917491488584e+01,8.445620884648167959e+00,5.000000000000000000e+01
9.814301431027894651e+00,1.574974490960101559e+00,5.000000000000000000e+01
8.437519342793990518e+00,7.689203227762552828e+00,5.000000000000000000e+01
9.496754285652688310e+00,2.229252813260943711e+00,5.000000000000000000e+01
1.294320892836016412e+01,3.385375091180493623e+00,5.000000000000000000e+01
1.180723460771747391e+01,4.257962518707817168e+00,5.000000000000000000e+01
1.355000617512141581e+01,9.122616462165492379e+00,5.000000000000000000e+01
9.378447952039174140e+00,6.061485982494593472e+00,5.000000000000000000e+01
1.014687252206706169e+01,9.457598692394293849e+00,5.000000000000000000e+01
9.323221299189009770e+00,2.320208211443627100e+00,5.000000000000000000e+01
1.025502890219112651e+01,2.769348543406751073e+00,5.000000000000000000e+01
8.624510488450043866e+00,8.685950277864213476e+00,5.000000000000000000e+01
8.422120716662629292e+00,4.183870771842052250e+00,5.000000000000000000e+01
8.599415739866213215e+00,2.756076814002875963e+00,5.000000000000000000e+01
7.086743108654203205e+00,5.159921718598836193e+00,5.000000000000000000e+01
7.831738570137017241e+00,5.874715613149607663e+00,5.000000000000000000e+01
7.583159911543046583e+00,2.517067105961119378e+00,5.000000000000000000e+01
1.159969637997882153e+01,3.500692826408925207e+00,5.000000000000000000e+01
1.049498722854204402e+01,8.167179013278394351e+00,5.000000000000000000e+01
1.239306532858743282e+01,6.443910727514301939e+00,5.000000000000000000e+01
6.412619156370290341e+00,6.566964090174288948e+00,5.000000000000000000e+01
1.608591710588118318e+01,3.817113595886744370e+00,5.000000000000000000e+01
9.412615867019672677e+00,7.758918210164413409e+00,5.000000000000000000e+01
7.809815868955467977e+00,5.173238475542274450e-01,5.000000000000000000e+01
1.344264012000025588e+01,7.816529902989453049e+00,5.000000000000000000e+01
1.156172354703419280e+01,1.934609285797802558e+00,5.000000000000000000e+01
9.778770101047031815e+00,2.673426430388978758e+00,5.000000000000000000e+01
1.122898444359605996e+01,2.945773150083735636e+00,5.000000000000000000e+01
1.169945370318578171e+01,3.243128140768377854e+00,5.000000000000000000e+01
1.020562335031341661e+01,5.535077752931746531e+00,5.000000000000000000e+01
9.906303384430740877e+00,2.921598125994699924e+00,5.000000000000000000e+01
1.396828547806959264e+01,5.060523560716355007e+00,5.000000000000000000e+01
9.219876253525423948e+00,4.319011810548553321e+00,5.000000000000000000e+01
9.858405486319808730e+00,9.210778208106040754e-01,5.000000000000000000e+01
8.812172835717532848e+00,5.071200867914569699e+00,5.000000000000000000e+01
9.408217373005552275e+00,4.491360460178976943e+00,5.000000000000000000e+01
1.102567947567581363e+01,4.640236283189592470e+00,5.000000000000000000e+01
1.600869020916713481e+01,5.163460932016034732e+00,5.000000000000000000e+01
8.964748135747219848e+00,6.104944003270780684e+00,5.000000000000000000e+01
9.476452147243772828e+00,6.156092857221162618e+00,5.000000000000000000e+01
1.403778874889629336e+01,6.644650604527621240e+00,5.000000000000000000e+01
1.066543404665561923e+01,2.039535943277599461e+00,5.000000000000000000e+01
1.054685110774342505e+01,2.918099329894814353e+00,5.000000000000000000e+01
1.124492603237729682e+01,8.884911828944092704e+00,5.000000000000000000e+01
1.252870470747709675e+01,3.940083914224967732e-01,5.000000000000000000e+01
6.559560238327113879e+00,3.048694620300832270e+00,5.000000000000000000e+01
1.044168362819183216e+01,8.448696484842962207e+00,5.000000000000000000e+01
1.328503871481318122e+01,6.352801622305213058e+00,5.000000000000000000e+01
1.164154250582568295e+01,1.007499660485670079e+00,5.000000000000000000e+01
7.986432748613736976e+00,5.895950647374514020e+00,5.000000000000000000e+01
9.372907107113329417e+00,4.353827812857980817e+00,5.000000000000000000e+01
9.613478331929561804e+00,3.336621402062661446e+00,5.000000000000000000e+01
8.886850222471764482e+00,3.076338427198743730e+00,5.000000000000000000e+01
1.255804052934496085e+01,9.678505286680984199e+00,5.000000000000000000e+01
1.063696042799967323e+01,6.611003492430996609e+00,5.000000000000000000e+01
5.593417165665861113e+00,6.918254402109616841e+00,5.000000000000000000e+01
9.738053435268346547e+00,8.788148055030704953e+00,5.000000000000000000e+01
1.087224531931872029e+01,2.316239464493707878e-01,5.000000000000000000e+01
1.096811713892088314e+01,5.304485624108150610e+00,5.000000000000000000e+01
7.136702763958966855e+00,4.704583572076820985e+00,5.000000000000000000e+01
1.253033327808654640e+01,2.958024752423665582e+00,5.000000000000000000e+01
6.886779910453948439e+00,1.876575713275003832e+00,5.000000000000000000e+01
7.564957064315516178e+00,4.655696656596582272e+00,5.000000000000000000e+01
8.568114642917478818e+00,7.114444910865444172e+00,5.000000000000000000e+01
7.936279258869837427e+00,2.323979626202895332e+00,5.000000000000000000e+01
9.292449095581941876e+00,2.093956468574094121e+00,5.000000000000000000e+01
4.602166753148060785e+00,5.426747930727469083e+00,5.000000000000000000e+01
9.982302185643739278e+00,5.600319482588820286e+00,5.000000000000000000e+01
4.608364495802754313e+00,7.982890814196372808e+00,5.000000000000000000e+01
7.623357781523566246e+00,9.288014448371274767e+00,5.000000000000000000e+01
8.339497055875396470e+00,6.712702112311434099e+00,5.000000000000000000e+01
9.650356138303326503e+00,2.977762611235338142e+00,5.000000000000000000e+01
9.870335158524243369e+00,3.896688257311603287e+00,5.000000000000000000e+01
1.059216552730998728e+01,3.406858223941142683e+00,5.000000000000000000e+01
1.103066465424171128e+01,1.620931489343829801e+00,5.000000000000000000e+01
1.201384524453577995e+01,8.693626655733819319e+00,5.000000000000000000e+01
7.473307233123875903e+00,9.148645296422428075e+00,5.000000000000000000e+01
1.179914502200932702e+01,4.811099954447875859e+00,5.000000000000000000e+01
5.565954679137994354e+00,2.569903727440770780e+00,5.000000000000000000e+01
8.645599596458078295e+00,6.968261275879044092e+00,5.000000000000000000e+01
1.118815395687713377e+01,4.600595246876145517e+00,5.000000000000000000e+01
8.701460816215975669e+00,2.376444885581943112e+00,5.000000000000000000e+01
1.017172995706053307e+01,1.939254730167186969e+00,5.000000000000000000e+01
1.324904116895746498e+01,8.937097519767032594e+00,5.000000000000000000e+01
4.972669297987886594e+00,3.667475789884838910e+00,5.000000000000000000e+01
8.400129671915141927e+00,7.544496966630055645e+00,5.000000000000000000e+01
9.431041319033976578e+00,2.283283615619324802e+00,5.000000000000000000e+01
1.251347565609433587e+01,7.202613040198761141e+00,5.000000000000000000e+01
1.062557929768477472e+01,2.265209154168499328e+00,5.000000000000000000e+01
1.137524918255191153e+01,1.291429093240260562e+00,5.000000000000000000e+01
8.265346355270319023e+00,2.034665963598056848e+00,5.000000000000000000e+01
9.082352154460172855e+00,6.596794484781849377e+00,5.000000000000000000e+01
1.218925722562250513e+01,4.624258645515696209e+00,5.000000000000000000e+01
9.870547083788030918e+00,5.656187495825387046e+00,5.000000000000000000e+01
1.220610101648168566e+01,7.726387874531409850e+00,5.000000000000000000e+01
1.048038791560090388e+01,6.548532771999674651e+00,5.000000000000000000e+01
9.014116994459309140e+00,5.567810044899649036e+00,5.000000000000000000e+01
6.245075968661046417e+00,3.490327667045856064e-01,5.000000000000000000e+01
1.004187696959347420e+01,2.678509209568931126e+00,5.000000000000000000e+01
1.248491259151840183e+01,6.727200888005121726e+00,5.000000000000000000e+01
1.135660485420879340e+01,2.761824976424259503e+00,5.000000000000000000e+01
9.267174287734103899e+00,1.956841423244209954e+00,5.000000000000000000e+01
9.327301026768283876e+00,8.538751519168709336e+00,5.000000000000000000e+01
1.254309840045383062e+01,7.414359125588680044e+00,5.000000000000000000e+01
7.818405395842177086e+00,9.951421799584252881e+00,5.000000000000000000e+01
1.264068206846746989e+01,5.473357494345709728e-01,5.000000000000000000e+01
9.170226909006025551e+00,3.082854749780343795e+00,5.000000000000000000e+01
7.457981306176108660e+00,9.120159971187897341e+00,5.000000000000000000e+01
9.812260528168913254e+00,9.573158096636161574e+00,5.000000000000000000e+01
1.127835244812493620e+01,2.431230154068433347e+00,5.000000000000000000e+01
1.020517198574634499e+01,9.364482002734364485e+00,5.000000000000000000e+01
1.107351251678997173e+01,2.640575851338850200e+00,5.000000000000000000e+01
7.005998432086636640e+00,3.848489987636684262e+00,5.000000000000000000e+01
8.338529976875648231e+00,7.218285309798940119e+00,5.000000000000000000e+01
9.775590700871450878e+00,5.731272505626739289e+00,5.000000000000000000e+01
1.259137340496277346e+01,6.457456798088656580e-01,5.000000000000000000e+01
8.369190131146549305e+00,4.767712213037622604e-01,5.000000000000000000e+01
7.537484748633013432e+00,6.385738896822770627e+00,5.000000000000000000e+01
8.895423677503547566e+00,2.492282819061922616e+00,5.000000000000000000e+01
9.539994699888360685e+00,1.914911985133724848e+00,5.000000000000000000e+01
1.033091941371472089e+01,4.060477699498271420e+00,5.000000000000000000e+01
1.094209450325059052e+01,5.554151965222304810e+00,5.000000000000000000e+01
1.150528064731954281e+01,1.004929627279771420e+00,5.000000000000000000e+01
9.456804375410548857e+00,3.232942360840509455e+00,5.000000000000000000e+01
1.355068640930827684e+01,2.341447608261280955e+00,5.000000000000000000e+01
9.863282691862911733e+00,6.571973082042781300e-01,5.000000000000000000e+01
1.060968812449380749e+01,4.044358007165961055e+00,5.000000000000000000e+01
9.884381752078880368e+00,4.273575300840088076e+00,5.000000000000000000e+01
8.132007064548314901e+00,9.176177132455512364e+00,5.000000000000000000e+01
9.201541358061245290e+00,9.153808529209433331e+00,5.000000000000000000e+01
8.529526063807418623e+00,6.119669076750914094e+00,5.000000000000000000e+01
7.537221504134383743e+00,7.047482939563209925e-01,5.000000000000000000e+01
8.432364723831341280e+00,4.329073139210937171e-03,5.000000000000000000e+01
9.694797528215470805e+00,2.366403115170423455e-01,5.000000000000000000e+01
1.317916706149548212e+01,4.647633258160379199e+00,5.000000000000000000e+01
1.006664285968783901e+01,5.263989356959584143e+00,5.000000000000000000e+01
7.437219225686047430e+00,3.525500283843515881e+00,5.000000000000000000e+01
1.323865616946033263e+01,6.348440063862015315e-01,5.000000000000000000e+01
1.068950441728140710e+01,6.592996750616986645e+00,5.000000000000000000e+01
8.284255861826840928e+00,9.174498995462176509e+00,5.000000000000000000e+01
7.991165958727087570e+00,9.587169003508112297e+00,5.000000000000000000e+01
1.033850892804377253e+01,6.943346193580401504e+00,5.000000000000000000e+01
1.220874975842420795e+01,8.216092445421320889e+00,5.000000000000000000e+01
9.163645744138822380e+00,5.745979713467104233e+00,5.000000000000000000e+01
1.179861065468621817e+01,1.583250618452838321e+00,5.000000000000000000e+01
1.068847472573395585e+01,5.833311290440680530e+00,5.000000000000000000e+01
1.032696769981205698e+01,7.782763128951723175e+00,5.000000000000000000e+01
9.080172812771179380e+00,9.471210765743384385e+00,5.000000000000000000e+01
6.842208775849668356e+00,9.458107718672849273e+00,5.000000000000000000e+01
1.381371649462850648e+01,6.385363267787795394e+00,5.000000000000000000e+01
6.636169670524866504e+00,2.848984770767478913e+00,5.000000000000000000e+01
8.621786351359538969e+00,4.507742794850402746e+00,5.000000000000000000e+01
1.252104384554362326e+01,2.106887927583952269e+00,5.000000000000000000e+01
1.035884260985033656e+01,3.902876663829179193e+00,5.000000000000000000e+01
9.723013266251046005e+00,6.762738814923521247e+00,5.000000000000000000e+01
8.775159222018881877e+00,9.661059669937753114e+00,5.000000000000000000e+01
5.743286444109947375e+00,1.818890496189405903e+00,5.000000000000000000e+01
7.587737407002324019e+00,2.889412819283344369e+00,5.000000000000000000e+01
1.011558755566288248e+01,8.584837203954613472e+00,5.000000000000000000e+01
1.066324211502762864e+01,6.395091091458560584e+00,5.000000000000000000e+01
8.055705376340757340e+00,5.004403616789615761e+00,5.000000000000000000e+01
7.630702948474034741e+00,5.464399829529198449e-01,5.000000000000000000e+01
7.011278112841306864e+00,3.462946795259147503e-01,5.000000000000000000e+01
1.001868092010073141e+01,4.239699382426708851e+00,5.000000000000000000e+01
1.135862994018757632e+01,9.066482900729099015e+00,5.000000000000000000e+01
1.058642719775481922e+01,7.220755741098926705e+00,5.000000000000000000e+01
7.513062810451817342e+00,7.506602013822653241e+00,5.000000000000000000e+01
1.485070766063991243e+01,4.418608484128850655e+00,5.000000000000000000e+01
1.083349278317810871e+01,5.798497406344753635e+00,5.000000000000000000e+01
8.453639536925688702e+00,4.521492128418832301e+00,5.000000000000000000e+01
1.018883754153074150e+01,1.561122589993511056e+00,5.000000000000000000e+01
8.371253146656929545e+00,1.434111050025187462e+00,5.000000000000000000e+01
8.437917830282694709e+00,9.520835075055686048e+00,5.000000000000000000e+01
9.195253393062934322e+00,4.942422240581625381e+00,5.000000000000000000e+01
1.440326198586614659e+01,8.984227843613521003e+00,5.000000000000000000e+01
8.222813970927976612e+00,5.609181380234979919e+00,5.000000000000000000e+01
9.307990547332156694e+00,9.115420981380882637e+00,5.000000000000000000e+01
1.026180656472664410e+01,4.854793544517903570e+00,5.000000000000000000e+01
1.003010881867038329e+01,4.649170018490483614e+00,5.000000000000000000e+01
7.759650638616425233e+00,5.456615756744888301e+00,5.000000000000000000e+01
1.099968124290571758e+01,4.970179018066366083e+00,5.000000000000000000e+01
7.501668201415642834e+00,3.954139058236299853e+00,5.000000000000000000e+01
1.169433848264457154e+01,9.127610012939401329e+00,5.000000000000000000e+01
7.021466817086288614e+00,8.955910552774689393e+00,5.000000000000000000e+01
7.957889989173751566e+00,7.209626631857154244e+00,5.000000000000000000e+01
8.714063333286663493e+00,3.990416174455231335e+00,5.000000000000000000e+01
1.167423173480458409e+01,9.907992998628834869e+00,5.000000000000000000e+01
1.206718233084203717e+01,3.710693711230854674e+00,5.000000000000000000e+01
7.823311826535944036e+00,1.014435337856276487e+00,5.000000000000000000e+01
1.061967954191300834e+01,4.192533730567994610e+00,5.000000000000000000e+01
1.084883451537208998e+01,8.549790563978591607e+00,5.000000000000000000e+01
1.028184341051976602e+01,6.641837968578608198e+00,5.000000000000000000e+01
9.539324504605129817e+00,2.118355467343132403e+00,5.000000000000000000e+01
8.028165116653713795e+00,8.214021934426909866e+00,5.000000000000000000e+01
1.035562948031055086e+01,5.837659609210962941e+00,5.000000000000000000e+01
8.511383118180797069e+00,2.414111719946843149e+00,5.000000000000000000e+01
1.013011803262226174e+01,9.000901971570026916e+00,5.000000000000000000e+01
1.064474717245015256e+01,6.255478329040692564e+00,5.000000000000000000e+01
1.057793205191886088e+01,9.675621639692717935e+00,5.000000000000000000e+01
7.175860649680584125e+00,7.487061630050914296e+00,5.000000000000000000e+01
7.615273057113919108e+00,8.769924174765630909e-02,5.000000000000000000e+01
9.016551402932620363e+00,7.757575270636676734e+00,5.000000000000000000e+01
1.003804724928179581e+01,4.726369487217494836e+00,5.000000000000000000e+01
1.100376967258586802e+01,4.900700065888123902e+00,5.000000000000000000e+01
5.194622742154778372e+00,7.204518460148915615e+00,5.000000000000000000e+01
7.043817808688631388e+00,9.877754423080943980e+00,5.000000000000000000e+01
8.270414674916029441e+00,1.116639241701059548e+00,5.000000000000000000e+01
6.491914242571300342e+00,6.717347957406570202e+00,5.000000000000000000e+01
8.806398412692077571e+00,9.661518542523436892e+00,5.000000000000000000e+01
7.749126150292063642e+00,4.596946749182295733e+00,5.000000000000000000e+01
9.730487877113510820e+00,5.759299423513127181e+00,5.000000000000000000e+01
7.307654277577098512e+00,9.211199627250299393e-01,5.000000000000000000e+01
8.686713001621974684e+00,3.725934538336304058e+00,5.000000000000000000e+01
6.130536118563705728e+00,7.418519716585714185e-01,5.000000000000000000e+01
8.430765259401464817e+00,6.002129911599229928e-01,5.000000000000000000e+01
7.039209384462289165e+00,1.220891227837480608e+00,5.000000000000000000e+01
1.110909309010435919e+01,1.709749545499749113e+00,5.000000000000000000e+01
8.753644562511302851e+00,8.031392715282551720e+00,5.000000000000000000e+01
1.153246914296947701e+01,6.746551892088755054e+00,5.000000000000000000e+01
8.948253394013303108e+00,5.328949808787766251e+00,5.000000000000000000e+01
9.513951867875027446e+00,2.383700987932837467e+00,5.000000000000000000e+01
9.079213825298952045e+00,8.884040232275570048e+00,5.000000000000000000e+01
1.044124154814410588e+01,1.987695877767298169e+00,5.000000000000000000e+01
9.044913967838237312e+00,9.105312397197124596e+00,5.000000000000000000e+01
1.108206814182658562e+01,7.576948968502844828e+00,5.000000000000000000e+01
9.878510932884667639e+00,4.249432184133191903e+00,5.000000000000000000e+01
8.507162643368770816e+00,6.858715085621446050e+00,5.000000000000000000e+01
1.273287238352554951e+01,7.411912738021469771e+00,5.000000000000000000e+01
1.106788680521530743e+01,4.932671988822503906e+00,5.000000000000000000e+01
8.269783978059566110e+00,7.107667007227194134e+00,5.000000000000000000e+01
6.982111626791438042e+00,2.350918624657994727e+00,5.000000000000000000e+01
1.119802772121215462e+01,1.567960682435592945e+00,5.000000000000000000e+01
1.178328570637298611e+01,5.136610769545365329e+00,5.000000000000000000e+01
9.486132875948847243e+00,8.753537804870818562e+00,5.000000000000000000e+01
1.326260926856668831e+01,8.193310043053422476e+00,5.000000000000000000e+01
1.182071252978099274e+01,2.625074440698941025e+00,5.000000000000000000e+01
8.137627204186465235e+00,9.905353442270387276e+00,5.000000000000000000e+01
1.315675078743129589e+01,4.867714681874865335e+00,5.000000000000000000e+01
9.096077862919443646e+00,6.726098029380475296e+00,5.000000000000000000e+01
6.613148691185964267e+00,4.691900306563907108e+00,5.000000000000000000e+01
1.006273605487192135e+01,2.586430205690365192e+00,5.000000000000000000e+01
9.081768059845634511e+00,2.188158041265527487e+00,5.000000000000000000e+01
1.090784122338885709e+01,9.645886561970733908e+00,5.000000000000000000e+01
1.144799663068084961e+01,4.323694666226357342e+00,5.000000000000000000e+01
1.088231166143949302e+01,6.590526679819009637e+00,5.000000000000000000e+01
1.015799951262770406e+01,1.883455959560018655e+00,5.000000000000000000e+01
9.019987622835472507e+00,5.837763119316320193e+00,5.000000000000000000e+01
1.034053927351323487e+01,4.453066423845210231e+00,5.000000000000000000e+01
1.351919081147998369e+01,4.248758285453710037e+00,5.000000000000000000e+01
1.141310695256836105e+01,1.585747541937410077e-01,5.000000000000000000e+01
8.188285506277509285e+00,2.340573498853670831e+00,5.000000000000000000e+01
1.049214212077044728e+01,1.579320813605289420e-01,5.000000000000000000e+01
1.074684573802755061e+01,3.002224801106613050e+00,5.000000000000000000e+01
1.234317172563198994e+01,7.145346131856999072e+00,5.000000000000000000e+01
1.235081216263644421e+01,7.683286867710428680e+00,5.000000000000000000e+01
