1.500000000000000000e+01,6.854120077936213917e+00,2.641960757597981768e+00,1.726014269102851273e+01,2.842025448311538867e+02
1.500000000000000000e+01,8.023067490153398040e+00,8.671450831662433245e+00,2.515554164053106945e+01,6.295409559321286679e+02
1.500000000000000000e+01,6.747423135752631751e+00,1.674170259141058992e+00,1.665715628338903542e+01,2.894858529443656607e+02
1.500000000000000000e+01,6.640629741940633046e+00,1.818385652548901721e+00,1.716134781329022374e+01,2.876833169500150120e+02
1.500000000000000000e+01,7.561228262343589357e+00,8.735476570057208789e+00,2.055635626319917009e+01,4.064740120719495167e+02
1.500000000000000000e+01,7.265346641160740582e+00,4.326513475942061149e+00,1.833084305940549541e+01,3.546387555575578290e+02
1.500000000000000000e+01,6.792102013277148131e+00,2.005287373444375465e-01,1.628075922410810961e+01,2.794057896297300658e+02
1.500000000000000000e+01,6.955080063611926100e+00,8.186284578474911200e+00,2.398545739624323403e+01,5.825517115918593163e+02
1.500000000000000000e+01,7.028333453616241400e+00,6.262619762232906950e+00,2.125031334581422371e+01,4.512378908994377298e+02
1.500000000000000000e+01,7.292998963707883142e+00,9.120310091850177159e+00,2.283659572363509938e+01,5.241196684788030780e+02
1.500000000000000000e+01,7.982307890034026521e+00,2.476382202311890879e+00,1.521867278684550939e+01,2.179940069204984923e+02
1.500000000000000000e+01,6.954189833510818097e+00,8.568538736504983433e+00,2.344270483211884226e+01,5.568594678928325266e+02
1.500000000000000000e+01,8.321120195769694305e+00,7.977296121897361481e+00,2.410030577259011864e+01,5.952801835566284581e+02
1.500000000000000000e+01,8.221213224976009926e+00,9.915575959256750505e-01,1.498912189042925291e+01,2.415647543451273691e+02
1.500000000000000000e+01,6.560381665320347722e+00,2.542463167446572747e+00,1.709515299398304222e+01,3.108154911887386334e+02
1.500000000000000000e+01,7.555700583278243343e+00,7.192992489640781528e-02,1.628969208182611439e+01,2.591374491242962677e+02
1.500000000000000000e+01,7.029437745081641431e+00,4.742214605187351495e+00,1.986583848832538379e+01,3.818431627404019082e+02
1.500000000000000000e+01,8.207826299664173320e+00,9.859042318196527432e+00,2.581424742964777863e+01,6.686582118888367177e+02
1.500000000000000000e+01,7.989012140731719391e+00,6.358592865105472391e+00,2.159024066075595272e+01,4.605988148834250637e+02
1.500000000000000000e+01,7.390649758557297666e+00,6.692737282690563561e+00,2.036625650339806270e+01,4.116595368357555458e+02
1.500000000000000000e+01,7.297061653502368017e+00,8.308306668021295138e+00,2.420218076255030226e+01,5.892849573697264987e+02
1.500000000000000000e+01,7.899421290337006241e+00,8.558341400720884451e+00,2.372053400225038544e+01,5.559886066755673255e+02
1.500000000000000000e+01,6.909126961955292856e+00,7.824552827882169659e-01,1.535577402949424553e+01,2.468295778525607318e+02
1.500000000000000000e+01,6.578529235769406291e+00,3.064273829861058118e+00,1.870423264904292537e+01,3.541996615186399140e+02
1.500000000000000000e+01,8.051710946757872023e+00,3.760845374642054484e+00,2.072248536206127056e+01,4.541443084722921526e+02
1.500000000000000000e+01,8.296013267257313473e+00,3.695256148759450632e+00,1.800202025778767023e+01,3.354461668664172294e+02
1.500000000000000000e+01,6.662862774691246770e+00,1.895738257941884664e+00,1.779056064922577463e+01,3.385199042746489226e+02
1.500000000000000000e+01,7.004563694513802119e+00,6.302088281986782725e+00,2.087782890104616484e+01,4.320421750207157743e+02
1.500000000000000000e+01,7.759040517962532135e+00,4.002414182800019482e+00,1.941601371728399172e+01,3.866882968242019842e+02
1.500000000000000000e+01,7.232626852525529948e+00,3.440288046188443083e+00,1.857697524211956974e+01,3.447913588711294892e+02
1.500000000000000000e+01,8.405052511216542399e+00,8.171644965571513097e+00,2.166997085097445108e+01,4.670242380779226892e+02
1.500000000000000000e+01,7.332453939695216860e+00,7.799157042591355449e+00,2.236837440283332867e+01,4.907099057691077064e+02
1.500000000000000000e+01,6.502329287236488398e+00,4.911202149508287818e+00,1.839675259621569126e+01,3.282131711761205111e+02
1.500000000000000000e+01,7.980665304751633826e+00,6.281340257191359022e+00,2.099998332666000778e+01,4.269750870845307986e+02
1.500000000000000000e+01,8.417909638207138556e+00,4.264171987532369812e+00,2.008515406027315819e+01,4.122749719602588243e+02
1.500000000000000000e+01,7.711602193231943403e+00,1.650369043493327137e-01,1.610618721869730408e+01,2.604323314597459103e+02
1.500000000000000000e+01,6.623716178174978708e+00,8.322460739460572299e+00,2.268486550814694880e+01,5.031625898210925243e+02
1.500000000000000000e+01,8.235011493005163885e+00,5.036844983089851624e+00,2.012193271690107821e+01,4.034457856685101547e+02
1.500000000000000000e+01,7.548203440695543165e+00,2.504312901983829498e+00,1.744322998104988542e+01,3.019787209947671727e+02
1.500000000000000000e+01,8.156775894426889550e+00,1.904845379675575989e+00,1.846352535667337591e+01,3.417104371939844327e+02
1.500000000000000000e+01,7.314272255559052027e+00,9.849103621781485352e-01,1.614779971185564023e+01,2.497930939401834678e+02
1.500000000000000000e+01,6.909780725494294451e+00,9.235124812321673815e+00,2.434682513558046324e+01,6.049521010351675159e+02
1.500000000000000000e+01,6.917536197601703130e+00,9.281707701843261660e+00,2.439315297971893770e+01,5.852674028886051474e+02
1.500000000000000000e+01,7.949003085001351998e+00,2.665366112433150469e+00,1.747719419361385107e+01,3.194698082895458811e+02
1.500000000000000000e+01,6.982546062629038097e+00,7.308185608750092932e+00,2.248938480348723701e+01,5.209199049296223620e+02
1.500000000000000000e+01,6.727942552804808685e+00,9.577866580651404504e+00,2.416844427053250755e+01,5.800130666709950447e+02
1.500000000000000000e+01,8.391113498436377327e+00,5.591340053456219650e+00,1.952447543533195784e+01,4.036116793938839464e+02
1.500000000000000000e+01,7.097768808592193501e+00,1.887375498804434448e+00,1.574840889449972714e+01,2.523080112741598668e+02
1.500000000000000000e+01,8.074240470070977338e+00,4.508716048510722274e+00,1.848689818704524157e+01,3.337264289987758161e+02
1.500000000000000000e+01,6.757333977114448054e+00,9.444908357942868093e+00,2.379196908483525164e+01,5.555396225787419553e+02
1.500000000000000000e+01,7.477880204383223095e+00,7.443301244241634862e+00,2.265542055398378452e+01,5.235265657586605812e+02
1.500000000000000000e+01,7.753950933595627149e+00,7.857041096549806092e+00,2.263284117072614521e+01,5.047537634125233126e+02
1.500000000000000000e+01,8.051418077862265932e+00,4.452556954960438240e+00,2.118083637196836833e+01,4.334803132537339252e+02
1.500000000000000000e+01,7.410478132954030350e+00,7.959665752570895592e+00,2.261428659272070618e+01,4.945236823845165191e+02
1.500000000000000000e+01,6.863923392301460424e+00,3.741462287959312683e+00,1.806919941157106990e+01,3.100496051054603299e+02
1.500000000000000000e+01,7.067945979160095149e+00,3.776426128398936655e+00,1.924965304461632698e+01,3.626172542397597454e+02
1.500000000000000000e+01,7.192268312369996863e+00,4.263954388613948154e+00,1.845233532132154508e+01,3.489439797578979210e+02
1.500000000000000000e+01,8.142323872735101276e+00,7.549332947694118445e+00,2.383899125731094770e+01,5.678428379225417757e+02
1.500000000000000000e+01,7.843573382177937425e+00,5.144048296630275630e+00,2.019226438285581438e+01,3.996789012469722593e+02
1.500000000000000000e+01,7.891454542292486884e+00,6.426119858882821667e+00,2.163191904205856986e+01,4.727107482825925899e+02
1.500000000000000000e+01,6.658699880352611622e+00,3.036000618186801780e+00,1.636959985949652108e+01,2.569016537217572136e+02
1.500000000000000000e+01,7.908728594677067569e+00,7.988035938859074925e+00,2.270228520253352755e+01,5.084163825480276273e+02
1.500000000000000000e+01,7.988028478988525194e+00,2.886296269086903177e+00,1.712951512517430075e+01,2.971322658595930761e+02
1.500000000000000000e+01,7.088412586204624333e+00,4.504702129430357083e+00,1.907553198249035020e+01,3.557658834865262065e+02
1.500000000000000000e+01,8.130331790676844861e+00,4.420453594180004941e+00,1.800706838611214522e+01,3.421324662181639837e+02
1.500000000000000000e+01,8.111095650966522186e+00,5.850354355120107819e+00,2.092184910303368639e+01,4.462225996639891150e+02
1.500000000000000000e+01,7.815619939039310182e+00,9.597546407897214138e+00,2.582706976767944695e+01,6.567993199042766719e+02
1.500000000000000000e+01,6.998424488378038433e+00,9.307091206488149027e+00,2.316641945159340921e+01,5.202487129305507096e+02
1.500000000000000000e+01,7.396820333196020059e+00,7.207796438939095829e-01,1.574489305069067946e+01,2.444820747085729522e+02
1.500000000000000000e+01,6.916241152392162306e+00,8.243708651322821268e+00,2.417784220192619316e+01,5.772699528146868033e+02
1.500000000000000000e+01,8.162642888746583836e+00,6.639842269487461479e-01,1.689050625296571084e+01,2.805916541319371618e+02
1.500000000000000000e+01,7.158071045046104253e+00,2.067279043550298567e+00,1.553957999563320946e+01,2.312523267559082569e+02
1.500000000000000000e+01,7.600605308759415202e+00,5.410549061591273023e+00,1.926896752271559876e+01,3.584225251292089069e+02
1.500000000000000000e+01,7.059235423872215698e+00,9.622828203416380788e+00,2.549089525303759984e+01,6.190787773355348236e+02
1.500000000000000000e+01,7.942446995823944533e+00,1.199509284250181995e+00,1.807319098679297298e+01,3.194479668882086685e+02
1.500000000000000000e+01,8.051461932104164276e+00,3.230504021300830697e+00,1.863255958758404063e+01,3.716328170456018256e+02
1.500000000000000000e+01,6.929753610204198111e+00,4.808403615772228079e+00,2.063963917387699709e+01,4.418391797848927922e+02
1.500000000000000000e+01,7.978290956050786420e+00,9.804882632772546458e+00,2.701956112435526691e+01,7.233796217149739505e+02
1.500000000000000000e+01,8.024058389847384731e+00,7.647142717120881450e+00,2.092109260586009611e+01,4.501482206975308600e+02
1.500000000000000000e+01,6.646936471460863416e+00,7.962654261134240130e+00,2.318127265642828050e+01,5.365505328524134256e+02
1.500000000000000000e+01,7.367517107162044887e+00,2.888340037491877510e+00,1.734042375689740112e+01,3.184970546268416456e+02
1.500000000000000000e+01,6.853779989769371639e+00,2.830115966038688757e+00,1.563563127373554451e+01,2.488249955874203749e+02
1.500000000000000000e+01,7.439218895856226865e+00,9.068515920761692328e+00,2.213072211846526471e+01,4.937139489956599618e+02
1.500000000000000000e+01,8.002937803063858269e+00,3.114629589378941077e+00,1.876157473634059514e+01,3.602041303322758381e+02
1.500000000000000000e+01,7.668432508379305013e+00,7.953105078624171931e+00,2.375308942667079037e+01,5.738763249074660280e+02
1.500000000000000000e+01,7.326719990086340673e+00,7.491127961236449195e+00,2.136755213349478311e+01,4.418848580895417513e+02
1.500000000000000000e+01,7.314950218253827074e+00,3.774403559841764455e+00,1.894512004828659713e+01,3.602636729555871398e+02
1.500000000000000000e+01,7.464644990268151759e+00,8.584161764178722009e+00,2.336787174972509717e+01,5.519215334439536491e+02
1.500000000000000000e+01,6.531548336177911196e+00,4.633306144058354725e+00,2.018330630714151397e+01,3.956696173880414449e+02
1.500000000000000000e+01,6.740981868511365604e+00,6.570602987758169533e+00,2.098752511897308892e+01,4.487660128457420115e+02
1.500000000000000000e+01,7.329182474960197702e+00,7.934972398866426246e+00,2.274377998082603369e+01,5.133647782782309150e+02
1.500000000000000000e+01,7.801174937525901854e+00,1.305190332172309065e+00,1.758583665710463961e+01,3.143257691425889107e+02
1.500000000000000000e+01,8.177914976397522295e+00,9.236854501532782535e+00,2.526850827300866698e+01,6.475828730543482834e+02
1.500000000000000000e+01,7.059595407224712460e+00,5.621392033724990078e+00,1.989132512806292041e+01,3.968300862114097072e+02
1.500000000000000000e+01,8.206016469693295790e+00,2.507717707995596790e+00,1.691631660872551990e+01,2.833254471040287399e+02
1.500000000000000000e+01,7.654089191068528919e+00,4.069987170151378564e+00,1.824020682010117156e+01,3.276174903659608049e+02
1.500000000000000000e+01,7.085604506968886440e+00,6.604968665231077729e+00,2.063436030554296607e+01,4.417197824281058161e+02
1.500000000000000000e+01,8.441836655793341748e+00,2.791120624581864273e+00,1.707252107711321187e+01,2.962411669285682478e+02
1.500000000000000000e+01,7.296007844514039498e+00,6.154172037281032459e+00,2.118890267419055462e+01,4.450449840662550969e+02
1.500000000000000000e+01,7.192988049155170316e+00,1.283541964639685062e+00,1.627912476052603097e+01,2.805102395882274777e+02
