ave_genome_length	ave_tree_depth	ave_tree_nodes	ave_used_codons	first_front	gen	invalids	max_genome_length	max_tree_depth	max_tree_nodes	max_used_codons	min_genome_length	min_tree_depth	min_tree_nodes	min_used_codons	pareto_fronts	runtime_error	time_adjust	time_taken	total_inds	total_time	unique_inds	unused_search	
100.0	13.42	235.92	170.2	1	0	30	100	18.0	566.0	416.0	100	10.0	86.0	62.0	25	0	0	146.1958248615265	80	146.1958248615265	50	37.5	
99.575	13.425	234.9375	169.3125	1	1	50	170	20	566	416	42	9	68	50	22	0	0	183.39273858070374	160	329.5885634422302	106	33.75	
102.075	12.95	217.875	156.05	3	2	63	178	21	790	571	56	9	68	50	28	0	0	118.61965799331665	240	448.2082214355469	168	30.0	
98.2	12.6125	208.825	149.3375	4	3	79	178	21	790	571	44	9	71	51	29	0	0	280.01934576034546	320	728.2275671958923	227	29.0625	
95.1625	12.7	188.2	134.2375	4	4	92	158	22	625	454	44	9	68	49	27	0	0	103.93403482437134	400	832.1616020202637	290	27.5	
97.5375	12.95	192.425	136.8125	3	5	104	158	22	398	277	69	9	68	49	28	0	0	142.311448097229	480	974.4730501174927	354	26.25	
99.2625	13.2125	202.6875	143.9375	4	6	110	158	22	398	277	53	9	68	49	24	0	0	283.30575585365295	560	1257.7788059711456	424	24.285714285714292	
99.05	13.0625	195.4375	139.0125	4	7	117	139	18	398	277	53	9	68	49	24	0	0	123.0157368183136	640	1380.7945427894592	493	22.96875	
103.4875	13.15	193.8125	137.9125	2	8	123	166	18	398	277	53	9	68	49	25	0	0	64.78094816207886	720	1445.575490951538	563	21.805555555555557	
106.725	13.2375	199.3375	142.2625	2	9	131	176	18	398	277	53	11	81	60	24	0	0	64.05536198616028	800	1509.6308529376984	631	21.125	
110.7	13.225	200.625	143.225	2	10	141	176	18	398	277	53	11	81	60	24	0	0	54.75642013549805	880	1564.3872730731964	697	20.795454545454547	
112.1875	12.875	185.0375	132.3625	2	11	153	176	18	398	277	64	11	81	60	25	0	0	56.95503902435303	960	1621.3423120975494	761	20.72916666666667	
114.25	12.625	170.4625	122.35	2	12	162	176	18	387	269	64	11	81	60	24	0	0	45.465588331222534	1040	1666.807900428772	828	20.384615384615387	
114.7	12.525	163.3375	117.4375	2	13	167	176	18	378	265	85	11	81	60	24	0	0	89.44191193580627	1120	1756.2498123645782	899	19.732142857142847	
117.4	12.5375	161.6625	116.2375	2	14	174	176	18	378	265	85	11	86	64	26	0	0	46.61643958091736	1200	1802.8662519454956	968	19.333333333333343	
120.5625	12.5375	159.0	114.525	2	15	179	176	18	269	193	98	11	86	64	26	0	0	148.87176704406738	1280	1951.738018989563	1039	18.828125	
122.6375	12.3625	154.9625	111.6375	2	16	189	176	18	269	193	98	11	86	64	27	0	0	76.12140464782715	1360	2027.8594236373901	1105	18.75	
124.8625	12.35	150.7	108.575	2	17	193	176	18	269	193	98	11	86	64	29	0	0	65.81070137023926	1440	2093.6701250076294	1177	18.263888888888886	
128.725	12.175	144.2875	104.1125	2	18	199	176	18	269	193	100	11	80	60	30	0	0	67.66688585281372	1520	2161.337010860443	1247	17.960526315789465	
132.475	11.9875	136.35	98.4	2	19	206	176	16	258	180	100	11	80	60	33	0	0	48.9216046333313	1600	2210.2586154937744	1316	17.75	
135.8875	11.8375	130.6375	94.35	2	20	214	176	15	258	180	100	11	80	60	34	0	0	56.09593605995178	1680	2266.354551553726	1384	17.61904761904762	
136.9625	11.8625	129.825	93.6875	2	21	219	176	15	258	180	100	11	80	60	35	0	0	66.02427935600281	1760	2332.378830909729	1455	17.329545454545453	
139.3625	11.7875	125.4	90.725	2	22	223	176	15	225	164	100	11	80	60	34	0	0	50.68704438209534	1840	2383.0658752918243	1526	17.065217391304344	
141.9375	11.7375	122.3625	88.5125	2	23	223	176	15	225	164	100	11	80	60	34	0	0	70.74688363075256	1920	2453.812758922577	1602	16.5625	
145.2625	11.625	118.4	85.65	2	24	227	176	15	225	164	100	11	80	60	33	0	0	46.269304275512695	2000	2500.0820631980896	1672	16.400000000000006	
147.3875	11.525	113.85	82.3875	2	25	228	176	15	204	149	100	11	80	60	34	0	0	54.85255837440491	2080	2554.9346215724945	1747	16.009615384615387	
150.7875	11.525	115.1375	83.325	2	26	233	176	16	264	186	100	11	80	60	35	0	0	50.642958879470825	2160	2605.5775804519653	1818	15.833333333333329	
150.8875	11.375	109.3375	79.3375	2	27	239	176	14	204	149	100	11	80	60	35	0	0	51.36880159378052	2240	2656.946382045746	1888	15.714285714285708	
152.55	11.35	109.925	79.625	2	28	245	176	14	167	117	100	11	80	60	35	0	0	60.50219488143921	2320	2717.448576927185	1958	15.603448275862064	
154.45	11.375	110.45	79.975	2	29	251	176	14	167	117	100	11	80	60	35	0	0	82.45841360092163	2400	2799.9069905281067	2028	15.5	
153.5	11.375	110.6125	80.0625	2	30	258	176	14	167	117	100	11	80	60	35	0	0	62.63188886642456	2480	2862.5388793945312	2097	15.443548387096769	
147.55	11.4375	111.0375	80.3125	2	31	263	176	14	167	117	100	11	80	60	35	0	0	59.78565835952759	2560	2922.324537754059	2168	15.3125	
144.7	11.3875	108.9625	78.95	1	32	270	176	14	167	117	100	11	80	60	34	0	0	57.17951965332031	2640	2979.504057407379	2234	15.378787878787875	
141.6	11.4125	108.4375	78.5875	1	33	279	176	14	167	117	100	11	80	60	34	0	0	39.72125005722046	2720	3019.2253074645996	2300	15.441176470588232	
136.35	11.3375	105.7375	76.8	1	34	285	176	13	147	108	100	11	82	61	34	0	0	37.895259380340576	2800	3057.12056684494	2370	15.357142857142861	
134.2	11.325	104.0625	75.6875	1	35	298	176	13	147	108	100	11	82	61	34	0	0	32.991074323654175	2880	3090.1116411685944	2433	15.520833333333329	
129.2	11.3	101.4625	73.9625	1	36	309	176	13	147	108	100	11	82	61	37	0	0	32.94574809074402	2960	3123.0573892593384	2494	15.743243243243242	
125.6	11.325	100.325	73.175	1	37	319	176	13	147	108	100	11	82	61	37	0	0	47.11506485939026	3040	3170.1724541187286	2557	15.88815789473685	
119.9	11.3	97.8125	71.4875	1	38	333	176	12	147	108	100	11	82	61	41	0	0	58.51586937904358	3120	3228.688323497772	2617	16.121794871794876	
120.1	11.3375	99.5	72.625	1	39	345	176	12	147	108	100	11	82	61	40	0	0	41.639124631881714	3200	3270.327448129654	2681	16.21875	
118.45	11.325	99.0625	72.3	1	40	364	156	12	147	108	100	11	82	61	43	0	0	30.02603554725647	3280	3300.3534836769104	2737	16.55487804878048	
117.05	11.3	97.7375	71.375	1	41	382	156	12	147	108	100	11	82	61	42	0	0	37.328500270843506	3360	3337.681983947754	2793	16.875	
116.35	11.2875	97.45	71.125	1	42	392	156	12	137	98	100	11	82	61	43	0	0	37.905280113220215	3440	3375.587264060974	2858	16.918604651162795	
114.95	11.2625	97.15	70.875	1	43	404	156	12	137	98	100	11	82	61	46	0	0	33.61094784736633	3520	3409.1982119083405	2921	17.017045454545453	
114.25	11.25	96.5375	70.45	1	44	424	156	12	137	98	100	11	82	61	47	0	0	34.81192755699158	3600	3444.010139465332	2976	17.33333333333333	
112.6	11.225	95.65	69.8125	1	45	448	156	12	137	98	100	11	82	61	47	0	0	32.59788537025452	3680	3476.6080248355865	3027	17.74456521739131	
112.6	11.225	96.0	70.0375	1	46	469	156	12	137	98	100	11	82	61	48	0	0	28.905753135681152	3760	3505.5137779712677	3081	18.058510638297875	
110.5	11.225	96.4375	70.25	1	47	480	156	14	154	107	100	11	82	61	52	0	0	71.91424632072449	3840	3577.428024291992	3145	18.098958333333343	
110.5	11.225	96.875	70.5375	1	48	501	156	14	154	107	100	11	82	61	54	0	0	28.111109972000122	3920	3605.5391342639923	3198	18.41836734693878	
107.7	11.2125	97.4875	70.8625	1	49	518	156	14	154	107	100	11	82	61	57	0	0	46.95333528518677	4000	3652.492469549179	3256	18.60000000000001	
107.0	11.2	97.825	71.0625	1	50	545	156	14	154	107	100	11	82	61	58	0	0	59.163583755493164	4080	3711.6560533046722	3305	18.99509803921569	
104.9375	11.1875	97.6375	70.8875	1	51	574	156	14	154	107	100	11	82	61	61	0	0	26.958337545394897	4160	3738.614390850067	3352	19.42307692307692	
103.5375	11.1625	96.9625	70.4125	1	52	604	156	14	154	107	100	11	82	61	63	0	0	31.768678426742554	4240	3770.3830692768097	3398	19.85849056603773	
102.8375	11.2125	99.0125	71.6875	1	53	630	156	14	154	107	100	11	82	61	65	0	0	59.08146572113037	4320	3829.46453499794	3447	20.20833333333333	
102.8375	11.2125	100.0	72.3	1	54	651	156	14	154	107	100	11	82	61	64	0	0	38.396886587142944	4400	3867.861421585083	3502	20.409090909090907	
102.175	11.225	99.8125	72.15	1	55	671	156	14	154	107	100	11	82	61	63	0	0	67.02181649208069	4480	3934.8832380771637	3558	20.58035714285714	
102.175	11.2625	101.45	73.1875	1	56	694	156	14	154	107	100	11	82	61	61	0	0	35.038116693496704	4560	3969.9213547706604	3610	20.833333333333343	
102.2125	11.2625	102.5125	73.8625	1	57	717	156	14	154	107	100	11	82	61	61	0	0	36.96967959403992	4640	4006.8910343647003	3663	21.05603448275862	
100.8125	11.2375	104.425	75.05	1	58	738	156	14	154	107	100	11	82	61	63	0	0	40.230877161026	4720	4047.1219115257263	3718	21.228813559322035	
100.1	11.15	104.6375	75.1375	1	59	762	103	14	154	107	99	11	82	61	61	0	0	29.614688396453857	4800	4076.73659992218	3769	21.47916666666667	
100.0625	11.1875	106.8375	76.5375	1	60	789	103	14	154	107	99	11	82	61	63	0	0	49.81393480300903	4880	4126.550534725189	3818	21.76229508196721	
100.0625	11.1875	106.9125	76.575	1	61	816	103	14	154	107	99	11	82	61	64	0	0	42.63874554634094	4960	4169.18928027153	3867	22.03629032258064	
100.0625	11.1875	106.8	76.4875	1	62	835	103	14	154	107	99	11	82	61	62	0	0	51.2125825881958	5040	4220.401862859726	3924	22.14285714285714	
100.0625	11.1625	107.6125	77.0	1	63	861	103	14	154	107	99	11	82	61	63	0	0	37.8799512386322	5120	4258.281814098358	3973	22.40234375	
100.0625	11.1625	108.525	77.5875	1	64	882	103	14	154	107	99	11	82	61	66	0	0	66.87754034996033	5200	4325.1593544483185	4028	22.538461538461547	
99.9875	11.1625	109.1875	78.0	1	65	910	100	14	154	107	99	11	82	61	67	0	0	36.95908451080322	5280	4362.118438959122	4076	22.803030303030297	
99.9875	11.075	107.6625	76.9875	1	66	944	100	14	154	107	99	11	82	61	68	0	0	44.08052206039429	5360	4406.198961019516	4118	23.171641791044777	
99.9875	11.075	107.4125	76.8375	1	67	965	100	14	154	107	99	11	82	61	67	0	0	58.94792175292969	5440	4465.146882772446	4172	23.308823529411754	
99.9875	11.1125	107.2	76.6875	1	68	987	100	14	154	107	99	11	77	57	67	0	0	55.79060459136963	5520	4520.937487363815	4226	23.44202898550725	
100.0	11.075	105.7375	75.7625	1	69	1012	100	14	154	107	100	11	77	57	67	0	0	59.90995478630066	5600	4580.847442150116	4277	23.625	
100.0	11.075	104.9	75.225	1	70	1036	100	14	154	107	100	11	77	57	69	0	0	43.992403984069824	5680	4624.839846134186	4329	23.785211267605632	
100.0	11.0375	104.2875	74.8375	1	71	1054	100	14	154	107	100	11	77	57	71	0	0	45.24949765205383	5760	4670.08934378624	4387	23.836805555555557	
100.0	11.0	102.45	73.6375	1	72	1080	100	11	116	82	100	11	77	57	71	0	0	33.08627533912659	5840	4703.175619125366	4436	24.041095890410958	
100.0	11.0	101.1625	72.8	1	73	1106	100	11	116	82	100	11	77	57	71	0	0	53.78958201408386	5920	4756.96520113945	4486	24.222972972972983	
100.0	11.0	100.0625	72.075	1	74	1137	100	11	116	82	100	11	77	57	70	0	0	53.110615730285645	6000	4810.075816869736	4530	24.5	
100.0	11.0375	99.7875	71.9125	1	75	1154	100	14	154	107	100	11	77	57	70	0	0	117.54517436027527	6080	4927.620991230011	4588	24.53947368421052	
100.0	11.0375	100.1125	72.1	1	76	1181	100	14	154	107	100	11	77	57	72	0	0	64.50486063957214	6160	4992.125851869583	4636	24.740259740259745	
100.0	11.0375	98.9375	71.3375	1	77	1203	100	14	154	107	100	11	77	57	72	0	0	73.31082534790039	6240	5065.4366772174835	4688	24.871794871794876	
100.0	11.0375	95.975	69.4125	1	78	1223	100	14	154	107	100	11	77	57	70	0	0	62.92635917663574	6320	5128.363036394119	4743	24.95253164556962	
100.0	11.0375	94.6875	68.5625	1	79	1245	100	14	154	107	100	11	77	57	67	0	0	43.39244723320007	6400	5171.755483627319	4793	25.109375	
100.0	11.0	91.6625	66.5875	1	80	1272	100	11	112	80	100	11	77	57	64	0	0	50.6006121635437	6480	5222.356095790863	4839	25.324074074074076	
100.0	11.0	90.05	65.525	1	81	1294	100	11	112	80	100	11	77	57	63	0	0	79.62532424926758	6560	5301.981420040131	4893	25.411585365853668	
100.0	11.0	88.3	64.375	1	82	1326	100	11	112	80	100	11	77	57	61	0	0	85.12580108642578	6640	5387.107221126556	4935	25.67771084337349	
100.0	11.0	86.5625	63.2375	1	83	1359	100	11	112	80	100	11	77	57	62	0	0	25.714720964431763	6720	5412.821942090988	4977	25.9375	
100.0	11.0	83.5625	61.2625	1	84	1387	100	11	112	80	100	11	77	57	58	0	0	29.15268898010254	6800	5441.974631071091	5021	26.161764705882348	
100.0	11.0	82.7625	60.7375	1	85	1415	100	11	100	72	100	11	77	57	55	0	0	65.15711832046509	6880	5507.131749391556	5065	26.38081395348837	
100.0	11.0	81.6125	59.9875	1	86	1436	100	11	100	72	100	11	77	57	54	0	0	39.18718910217285	6960	5546.318938493729	5118	26.465517241379317	
100.0	11.0	81.625	59.9875	1	87	1460	100	11	100	72	100	11	77	57	56	0	0	37.085838079452515	7040	5583.404776573181	5170	26.5625	
100.0	11.0	81.6125	59.9875	1	88	1490	100	11	100	72	100	11	77	57	58	0	0	31.559505939483643	7120	5614.964282512665	5216	26.741573033707866	
100.0	11.0	81.6	59.9875	1	89	1525	100	11	100	72	100	11	77	57	59	0	0	42.12199878692627	7200	5657.086281299591	5255	27.013888888888886	
100.0	11.0	81.0125	59.6125	1	90	1548	100	11	100	72	100	11	77	57	62	0	0	71.84831523895264	7280	5728.934596538544	5308	27.087912087912088	
100.0	11.0	80.1375	59.05	2	91	1575	100	11	100	72	100	11	77	57	63	0	0	50.66671562194824	7360	5779.601312160492	5356	27.22826086956522	
100.0	11.0	79.5625	58.675	2	92	1591	100	11	100	72	100	11	77	57	61	0	0	56.64258885383606	7440	5836.243901014328	5414	27.231182795698928	
100.0	11.0	78.7	58.1125	2	93	1609	100	11	100	72	100	11	77	57	59	0	0	41.28301286697388	7520	5877.526913881302	5470	27.260638297872347	
100.0	11.0	77.0	57.0	2	94	1633	100	11	77	57	100	11	77	57	62	0	0	39.150256872177124	7600	5916.677170753479	5522	27.34210526315789	
100.0	11.0	77.0	57.0	2	95	1658	100	11	77	57	100	11	77	57	59	0	0	42.67962098121643	7680	5959.356791734695	5570	27.473958333333343	
100.0	11.0	77.0	57.0	3	96	1682	100	11	77	57	100	11	77	57	58	0	0	29.826725959777832	7760	5989.183517694473	5621	27.56443298969073	
100.0	11.0	77.0	57.0	3	97	1701	100	11	77	57	100	11	77	57	58	0	0	32.307175159454346	7840	6021.490692853928	5678	27.576530612244895	
100.0	11.0	77.0	57.0	3	98	1729	100	11	77	57	100	11	77	57	57	0	0	36.806827783584595	7920	6058.297520637512	5724	27.72727272727272	
100.0	11.0	77.0	57.0	1	99	1751	100	11	77	57	100	11	77	57	59	0	0	41.58549666404724	8000	6099.883017301559	5775	27.8125	
100.0	11.0	77.0	57.0	1	100	1776	100	11	77	57	100	11	77	57	59	0	0	39.776267528533936	8080	6139.659284830093	5825	27.90841584158416	
100.0	11.0	77.0	57.0	1	101	1803	100	11	77	57	100	11	77	57	58	0	0	27.494181156158447	8160	6167.153465986252	5873	28.02696078431373	
100.0	11.0	77.0	57.0	1	102	1830	100	11	77	57	100	11	77	57	60	0	0	42.05101990699768	8240	6209.2044858932495	5921	28.143203883495147	
100.0	11.0	77.0	57.0	1	103	1861	100	11	77	57	100	11	77	57	57	0	0	26.93509006500244	8320	6236.139575958252	5963	28.32932692307692	
100.0	11.0	77.0	57.0	2	104	1877	100	11	77	57	100	11	77	57	53	0	0	31.890986442565918	8400	6268.030562400818	6019	28.345238095238088	
100.0	11.0	77.0	57.0	2	105	1900	100	11	77	57	100	11	77	57	52	0	0	34.96730160713196	8480	6302.99786400795	6070	28.419811320754718	
100.0	11.0	77.0	57.0	1	106	1926	100	11	77	57	100	11	77	57	50	0	0	44.869916677474976	8560	6347.867780685425	6117	28.53971962616822	
100.0	11.0	77.0	57.0	1	107	1948	100	11	77	57	100	11	77	57	50	0	0	26.32849097251892	8640	6374.196271657944	6170	28.587962962962962	
100.0	11.0	77.0	57.0	1	108	1973	100	11	77	57	100	11	77	57	51	0	0	67.46734809875488	8720	6441.663619756699	6217	28.704128440366972	
100.0	11.0	77.0	57.0	1	109	1994	100	11	77	57	100	11	77	57	51	0	0	164.0609471797943	8800	6605.724566936493	6271	28.73863636363636	
100.0	11.0	77.0	57.0	1	110	2015	100	11	77	57	100	11	77	57	50	0	0	40.056169748306274	8880	6645.780736684799	6324	28.783783783783775	
100.0	11.0	77.0	57.0	1	111	2029	100	11	77	57	100	11	77	57	49	0	0	38.44956946372986	8960	6684.230306148529	6381	28.78348214285714	
100.0	11.0	77.0	57.0	1	112	2043	100	11	77	57	100	11	77	57	48	0	0	66.53654313087463	9040	6750.766849279404	6441	28.75	
100.0	11.0	77.0	57.0	1	113	2062	100	11	77	57	100	11	77	57	50	0	0	36.301464796066284	9120	6787.06831407547	6498	28.75	
100.0	11.0	77.0	57.0	1	114	2086	100	11	77	57	100	11	77	57	49	0	0	30.419864654541016	9200	6817.488178730011	6548	28.826086956521735	
100.0	11.0	77.0	57.0	1	115	2116	100	11	77	57	100	11	77	57	48	0	0	40.53632950782776	9280	6858.024508237839	6593	28.95474137931035	
100.0	11.0	77.0	57.0	1	116	2137	100	11	77	57	100	11	77	57	48	0	0	50.595303773880005	9360	6908.619812011719	6648	28.974358974358978	
100.0	11.0	77.0	57.0	1	117	2163	100	11	77	57	100	11	77	57	43	0	0	44.30916929244995	9440	6952.928981304169	6693	29.09957627118645	
100.0	11.0	77.0	57.0	1	118	2192	100	11	77	57	100	11	77	57	39	0	0	26.2204167842865	9520	6979.149398088455	6735	29.254201680672267	
100.0	11.0	77.0	57.0	1	119	2211	100	11	77	57	100	11	77	57	38	0	0	34.98216485977173	9600	7014.131562948227	6790	29.27083333333333	
100.0	11.0	77.0	57.0	1	120	2240	100	11	77	57	100	11	77	57	39	0	0	56.29915165901184	9680	7070.430714607239	6835	29.390495867768593	
100.0	11.0	77.0	57.0	1	121	2263	100	11	77	57	100	11	77	57	43	0	0	42.768917083740234	9760	7113.199631690979	6886	29.446721311475414	
100.0	11.0	77.0	57.0	1	122	2286	100	11	77	57	100	11	77	57	43	0	0	23.046569347381592	9840	7136.246201038361	6937	29.5020325203252	
100.0	11.0	77.0	57.0	1	123	2313	100	11	77	57	100	11	77	57	45	0	0	36.104084491729736	9920	7172.35028553009	6986	29.576612903225808	
100.0	11.0	77.0	57.0	1	124	2334	100	11	77	57	100	11	77	57	46	0	0	69.04142332077026	10000	7241.391708850861	7036	29.64	
100.0	11.0	77.0	57.0	1	125	2355	100	11	77	57	100	11	77	57	46	0	0	33.02778768539429	10080	7274.419496536255	7088	29.682539682539684	
100.0	11.0	77.0	57.0	1	126	2377	100	11	77	57	100	11	77	57	43	0	0	28.55685043334961	10160	7302.9763469696045	7138	29.744094488188978	
100.0	11.0	77.0	57.0	1	127	2399	100	11	77	57	100	11	77	57	43	0	0	39.589582443237305	10240	7342.565929412842	7190	29.78515625	
100.0	11.0	77.0	57.0	3	128	2420	100	11	77	57	100	11	77	57	39	0	0	26.55173349380493	10320	7369.117662906647	7240	29.84496124031007	
100.0	11.0	77.0	57.0	3	129	2445	100	11	77	57	100	11	77	57	40	0	0	34.43189597129822	10400	7403.549558877945	7290	29.90384615384616	
100.0	11.0	77.0	57.0	3	130	2463	100	11	77	57	100	11	77	57	42	0	0	65.75194001197815	10480	7469.301498889923	7348	29.8854961832061	
100.0	11.0	77.0	57.0	1	131	2486	100	11	77	57	100	11	77	57	44	0	0	44.59128713607788	10560	7513.892786026001	7401	29.914772727272734	
100.0	11.0	77.0	57.0	1	132	2499	100	11	77	57	100	11	77	57	43	0	0	40.967195987701416	10640	7554.859982013702	7461	29.877819548872182	
100.0	11.0	77.0	57.0	1	133	2516	100	11	77	57	100	11	77	57	43	0	0	54.23481893539429	10720	7609.094800949097	7518	29.86940298507463	
100.0	11.0	77.0	57.0	1	134	2532	100	11	77	57	100	11	77	57	44	0	0	53.39064049720764	10800	7662.485441446304	7578	29.83333333333333	
100.0	11.0	77.0	57.0	1	135	2550	100	11	77	57	100	11	77	57	45	0	0	33.85526657104492	10880	7696.340708017349	7635	29.825367647058826	
100.2125	11.0125	77.2	57.125	1	136	2561	117	12	93	67	100	11	77	57	47	0	0	45.076350927352905	10960	7741.417058944702	7698	29.762773722627728	
100.2125	11.0125	77.2	57.125	1	137	2578	117	12	93	67	100	11	77	57	46	0	0	46.34059262275696	11040	7787.757651567459	7754	29.764492753623188	
100.2125	11.0125	77.2	57.125	1	138	2596	117	12	93	67	100	11	77	57	46	0	0	52.23299860954285	11120	7839.990650177002	7809	29.775179856115102	
100.2125	11.0125	77.2	57.125	1	139	2610	117	12	93	67	100	11	77	57	49	0	0	49.248058795928955	11200	7889.238708972931	7869	29.74107142857143	
100.2125	11.0125	77.2	57.125	2	140	2627	117	12	93	67	100	11	77	57	50	0	0	105.5618188381195	11280	7994.80052781105	7926	29.734042553191486	
100.2125	11.0125	77.2	57.125	1	141	2645	117	12	93	67	100	11	77	57	51	0	0	89.00569653511047	11360	8083.806224346161	7984	29.718309859154928	
100.2125	11.0125	77.2	57.125	2	142	2662	117	12	93	67	100	11	77	57	54	0	0	209.24367880821228	11440	8293.049903154373	8037	29.746503496503493	
100.2125	11.0125	77.2	57.125	1	143	2672	117	12	93	67	100	11	77	57	54	0	0	102.3948621749878	11520	8395.444765329361	8103	29.66145833333333	
100.2125	11.0125	77.2	57.125	1	144	2687	117	12	93	67	100	11	77	57	52	0	0	97.68022584915161	11600	8493.124991178513	8160	29.65517241379311	
100.2125	11.0125	77.2	57.125	1	145	2706	117	12	93	67	100	11	77	57	54	0	0	73.71951079368591	11680	8566.844501972198	8216	29.657534246575352	
100.2125	11.0125	77.2	57.125	1	146	2723	117	12	93	67	100	11	77	57	53	0	0	31.316282987594604	11760	8598.160784959793	8273	29.65136054421768	
100.2125	11.0125	77.2	57.125	1	147	2741	117	12	93	67	100	11	77	57	51	0	0	43.92108345031738	11840	8642.08186841011	8329	29.653716216216225	
100.2125	11.0125	77.2	57.125	1	148	2763	117	12	93	67	100	11	77	57	49	0	0	29.45085573196411	11920	8671.532724142075	8380	29.69798657718121	
100.2125	11.0125	77.2	57.125	1	149	2786	117	12	93	67	100	11	77	57	46	0	0	46.30485272407532	12000	8717.83757686615	8430	29.75	
100.0	11.0	77.0	57.0	1	150	2811	100	11	77	57	100	11	77	57	45	0	0	72.2361695766449	12080	8790.073746442795	8480	29.80132450331125	
100.0	11.0	77.0	57.0	1	151	2836	100	11	77	57	100	11	77	57	45	0	0	68.17897486686707	12160	8858.252721309662	8531	29.84375	
100.0	11.0	77.0	57.0	1	152	2855	100	11	77	57	100	11	77	57	46	0	0	61.967442750930786	12240	8920.220164060593	8587	29.844771241830074	
100.0	11.0	77.0	57.0	1	153	2878	100	11	77	57	100	11	77	57	46	0	0	129.9602620601654	12320	9050.180426120758	8639	29.878246753246756	
100.0	11.0	77.0	57.0	1	154	2905	100	11	77	57	100	11	77	57	45	0	0	38.49007725715637	12400	9088.670503377914	8687	29.94354838709677	
100.0	11.0	77.0	57.0	1	155	2933	100	11	77	57	100	11	77	57	44	0	0	46.91918659210205	12480	9135.589689970016	8734	30.01602564102565	
100.0	11.0	77.0	57.0	1	156	2948	100	11	77	57	100	11	77	57	43	0	0	90.22883462905884	12560	9225.818524599075	8793	29.992038216560516	
100.0	11.0	77.0	57.0	1	157	2969	100	11	77	57	100	11	77	57	41	0	0	67.26576209068298	12640	9293.084286689758	8845	30.02373417721519	
100.0	11.0	77.0	57.0	2	158	2984	100	11	77	57	100	11	77	57	40	0	0	78.32685971260071	12720	9371.411146402359	8904	30.0	
100.0	11.0	77.0	57.0	2	159	3006	100	11	77	57	100	11	77	57	41	0	0	320.4941554069519	12800	9691.905301809311	8957	30.0234375	
100.0	11.0	77.0	57.0	2	160	3023	100	11	77	57	100	11	77	57	41	0	0	411.4727289676666	12880	10103.378030776978	9013	30.023291925465827	
100.0	11.0	77.0	57.0	2	161	3043	100	11	77	57	100	11	77	57	40	0	0	46.21724724769592	12960	10149.595278024673	9067	30.038580246913583	
100.0	11.0	77.0	57.0	2	162	3058	100	11	77	57	100	11	77	57	39	0	0	58.69371294975281	13040	10208.288990974426	9125	30.02300613496932	
100.0	11.0	77.0	57.0	2	163	3075	100	11	77	57	100	11	77	57	38	0	0	44.88116121292114	13120	10253.170152187347	9183	30.007621951219505	
100.0	11.0	77.0	57.0	2	164	3098	100	11	77	57	100	11	77	57	36	0	0	81.38193416595459	13200	10334.552086353302	9234	30.045454545454547	
100.0	11.0	77.0	57.0	2	165	3120	100	11	77	57	100	11	77	57	33	0	0	46.74827766418457	13280	10381.300364017487	9285	30.082831325301214	
100.0	11.0	77.0	57.0	1	166	3140	100	11	77	57	100	11	77	57	32	0	0	33.26428747177124	13360	10414.564651489258	9338	30.104790419161674	
100.0	11.0	77.0	57.0	1	167	3161	100	11	77	57	100	11	77	57	33	0	0	58.3888783454895	13440	10472.953529834747	9390	30.13392857142857	
100.0	11.0	77.0	57.0	1	168	3184	100	11	77	57	100	11	77	57	34	0	0	61.136714696884155	13520	10534.090244531631	9442	30.162721893491124	
100.0	11.0	77.0	57.0	1	169	3204	100	11	77	57	100	11	77	57	34	0	0	119.05627036094666	13600	10653.146514892578	9496	30.17647058823529	
100.0	11.0	77.0	57.0	1	170	3216	100	11	77	57	100	11	77	57	33	0	0	123.84702181816101	13680	10776.99353671074	9559	30.12426900584795	
100.0	11.0	77.0	57.0	1	171	3240	100	11	77	57	100	11	77	57	33	0	0	44.47280812263489	13760	10821.466344833374	9610	30.15988372093024	
100.0	11.0	77.0	57.0	1	172	3264	100	11	77	57	100	11	77	57	31	0	0	42.923768281936646	13840	10864.39011311531	9660	30.20231213872833	
100.0	11.0	77.0	57.0	2	173	3282	100	11	77	57	100	11	77	57	29	0	0	35.86720013618469	13920	10900.257313251495	9715	30.208333333333343	
100.0	11.0	77.0	57.0	2	174	3297	100	11	77	57	100	11	77	57	27	0	0	113.3282470703125	14000	11013.585560321808	9774	30.185714285714283	
100.0	11.0	77.0	57.0	1	175	3321	100	11	77	57	100	11	77	57	27	0	0	116.68968462944031	14080	11130.275244951248	9823	30.234375	
100.0	11.0	77.0	57.0	1	176	3339	100	11	77	57	100	11	77	57	31	0	0	103.96398949623108	14160	11234.23923444748	9879	30.233050847457633	
100.0	11.0	77.0	57.0	1	177	3364	100	11	77	57	100	11	77	57	34	0	0	33.88561725616455	14240	11268.124851703644	9930	30.26685393258427	
100.0	11.0	77.0	57.0	2	178	3380	100	11	77	57	100	11	77	57	34	0	0	97.86704540252686	14320	11365.99189710617	9986	30.265363128491614	
100.0	11.0	77.0	57.0	2	179	3399	100	11	77	57	100	11	77	57	33	0	0	78.01381611824036	14400	11444.005713224411	10042	30.263888888888886	
100.0	11.0	77.0	57.0	2	180	3423	100	11	77	57	100	11	77	57	32	0	0	95.13376522064209	14480	11539.139478445053	10092	30.303867403314925	
100.0	11.0	77.0	57.0	2	181	3439	100	11	77	57	100	11	77	57	33	0	0	47.18785524368286	14560	11586.327333688736	10149	30.29532967032968	
100.0	11.0	77.0	57.0	1	182	3461	100	11	77	57	100	11	77	57	37	0	0	56.91566014289856	14640	11643.242993831635	10203	30.30737704918033	
100.0	11.0	77.0	57.0	1	183	3477	100	11	77	57	100	11	77	57	39	0	0	48.80826926231384	14720	11692.051263093948	10263	30.278532608695656	
100.0	11.0	77.0	57.0	1	184	3495	100	11	77	57	100	11	77	57	38	0	0	87.05597591400146	14800	11779.10723900795	10319	30.27702702702703	
100.0	11.0	77.0	57.0	1	185	3512	100	11	77	57	100	11	77	57	38	0	0	68.17146825790405	14880	11847.278707265854	10378	30.25537634408603	
100.0	11.0	77.0	57.0	1	186	3529	100	11	77	57	100	11	77	57	38	0	0	54.152326822280884	14960	11901.431034088135	10437	30.233957219251337	
100.0	11.0	77.0	57.0	1	187	3547	100	11	77	57	100	11	77	57	36	0	0	36.9088876247406	15040	11938.339921712875	10492	30.239361702127667	
100.0	11.0	77.0	57.0	1	188	3568	100	11	77	57	100	11	77	57	36	0	0	23.9806489944458	15120	11962.320570707321	10545	30.257936507936506	
100.0	11.0	77.0	57.0	2	189	3584	100	11	77	57	100	11	77	57	39	0	0	43.882858991622925	15200	12006.203429698944	10600	30.26315789473685	
100.0	11.0	77.0	57.0	3	190	3600	100	11	77	57	100	11	77	57	41	0	0	22.69348692893982	15280	12028.896916627884	10658	30.248691099476446	
100.0	11.0	77.0	57.0	3	191	3614	100	11	77	57	100	11	77	57	43	0	0	64.9776701927185	15360	12093.874586820602	10717	30.22786458333333	
100.0	11.0	77.0	57.0	3	192	3629	100	11	77	57	100	11	77	57	43	0	0	64.3009819984436	15440	12158.175568819046	10777	30.200777202072544	
100.0	11.0	77.0	57.0	4	193	3649	100	11	77	57	100	11	77	57	42	0	0	41.37554430961609	15520	12199.551113128662	10832	30.20618556701031	
100.0	11.0	77.0	57.0	4	194	3664	100	11	77	57	100	11	77	57	41	0	0	53.70922899246216	15600	12253.260342121124	10892	30.179487179487168	
100.0	11.0	77.0	57.0	6	195	3681	100	11	77	57	100	11	77	57	38	0	0	76.80482721328735	15680	12330.065169334412	10948	30.17857142857143	
100.0	11.0	77.0	57.0	1	196	3707	100	11	77	57	100	11	77	57	39	0	0	39.41878962516785	15760	12369.48395895958	10998	30.215736040609144	
100.0	11.0	77.0	57.0	1	197	3724	100	11	77	57	100	11	77	57	42	0	0	24.118393659591675	15840	12393.602352619171	11056	30.202020202020194	
100.0	11.0	77.0	57.0	1	198	3738	100	11	77	57	100	11	77	57	44	0	0	35.59721755981445	15920	12429.199570178986	11117	30.16959798994975	
100.0	11.0	77.0	57.0	1	199	3757	100	11	77	57	100	11	77	57	45	0	0	35.69235444068909	16000	12464.891924619675	11172	30.174999999999997	
100.0	11.0	77.0	57.0	1	200	3780	100	11	77	57	100	11	77	57	46	0	0	25.557895183563232	16080	12490.449819803238	11224	30.19900497512438	
100.0	11.0	77.0	57.0	1	201	3801	100	11	77	57	100	11	77	57	45	0	0	29.8835551738739	16160	12520.333374977112	11278	30.210396039603964	
100.0	11.0	77.0	57.0	1	202	3813	100	11	77	57	100	11	77	57	43	0	0	28.722007751464844	16240	12549.055382728577	11340	30.172413793103445	
100.0	11.0	77.0	57.0	1	203	3825	100	11	77	57	100	11	77	57	41	0	0	33.202646017074585	16320	12582.258028745651	11402	30.134803921568633	
100.0	11.0	77.0	57.0	1	204	3838	100	11	77	57	100	11	77	57	41	0	0	27.90375590324402	16400	12610.161784648895	11464	30.097560975609767	
100.0	11.0	77.0	57.0	1	205	3854	100	11	77	57	100	11	77	57	41	0	0	49.50386166572571	16480	12659.665646314621	11523	30.078883495145632	
100.0	11.0	77.0	57.0	1	206	3870	100	11	77	57	100	11	77	57	40	0	0	47.591166496276855	16560	12707.256812810898	11578	30.084541062801932	
100.0	11.0	77.0	57.0	1	207	3884	100	11	77	57	100	11	77	57	40	0	0	43.74208354949951	16640	12750.998896360397	11635	30.078125	
100.0	11.0	77.0	57.0	1	208	3901	100	11	77	57	100	11	77	57	44	0	0	71.43807935714722	16720	12822.436975717545	11692	30.07177033492823	
100.0	11.0	77.0	57.0	1	209	3917	100	11	77	57	100	11	77	57	41	0	0	41.024205923080444	16800	12863.461181640625	11749	30.06547619047619	
100.0	11.0	77.0	57.0	1	210	3927	100	11	77	57	100	11	77	57	39	0	0	40.78606343269348	16880	12904.247245073318	11813	30.017772511848335	
100.0	11.0	77.0	57.0	1	211	3943	100	11	77	57	100	11	77	57	38	0	0	39.04679727554321	16960	12943.294042348862	11872	30.0	
100.0	11.0	77.0	57.0	1	212	3965	100	11	77	57	100	11	77	57	35	0	0	45.15517711639404	17040	12988.449219465256	11923	30.02934272300469	
100.0	11.0	77.0	57.0	1	213	3984	100	11	77	57	100	11	77	57	32	0	0	51.6934380531311	17120	13040.142657518387	11976	30.046728971962622	
100.0	11.0	77.0	57.0	1	214	3995	100	11	77	57	100	11	77	57	31	0	0	54.722519636154175	17200	13094.865177154541	12038	30.01162790697674	
100.0	11.0	77.0	57.0	1	215	4015	100	11	77	57	100	11	77	57	29	0	0	78.10565185546875	17280	13172.97082901001	12090	30.034722222222214	
100.0	11.0	77.0	57.0	1	216	4036	100	11	77	57	100	11	77	57	28	0	0	50.84643578529358	17360	13223.817264795303	12143	30.051843317972356	
100.0	11.0	77.0	57.0	1	217	4057	100	11	77	57	100	11	77	57	30	0	0	42.592223167419434	17440	13266.409487962723	12196	30.06880733944955	
100.0	11.0	77.0	57.0	1	218	4074	100	11	77	57	100	11	77	57	29	0	0	23.569231033325195	17520	13289.978718996048	12253	30.06278538812785	
100.0	11.0	77.0	57.0	1	219	4089	100	11	77	57	100	11	77	57	29	0	0	33.689404010772705	17600	13323.66812300682	12313	30.039772727272734	
100.0	11.0	77.0	57.0	1	220	4102	100	11	77	57	100	11	77	57	29	0	0	81.44217944145203	17680	13405.110302448273	12376	30.0	
100.0	11.0	77.0	57.0	2	221	4114	100	11	77	57	100	11	77	57	24	0	0	51.88765335083008	17760	13456.997955799103	12433	29.994369369369366	
100.0	11.0	77.0	57.0	1	222	4135	100	11	77	57	100	11	77	57	23	0	0	37.834211349487305	17840	13494.83216714859	12487	30.00560538116592	
100.0	11.0	77.0	57.0	1	223	4155	100	11	77	57	100	11	77	57	21	0	0	25.51386332511902	17920	13520.34603047371	12539	30.027901785714278	
100.0	11.0	77.0	57.0	1	224	4169	100	11	77	57	100	11	77	57	21	0	0	61.609750747680664	18000	13581.95578122139	12601	29.99444444444444	
100.0	11.0	77.0	57.0	2	225	4186	100	11	77	57	100	11	77	57	18	0	0	103.29739737510681	18080	13685.253178596497	12655	30.00553097345133	
100.0	11.0	77.0	57.0	3	226	4196	100	11	77	57	100	11	77	57	17	0	0	66.92258954048157	18160	13752.175768136978	12720	29.95594713656388	
100.0	11.0	77.0	57.0	3	227	4213	100	11	77	57	100	11	77	57	17	0	0	46.86635398864746	18240	13799.042122125626	12779	29.93969298245615	
100.0	11.0	77.0	57.0	3	228	4230	100	11	77	57	100	11	77	57	17	0	0	35.56094264984131	18320	13834.603064775467	12835	29.939956331877724	
100.0	11.0	77.0	57.0	3	229	4245	100	11	77	57	100	11	77	57	16	0	0	40.48409819602966	18400	13875.087162971497	12894	29.92391304347825	
100.0	11.0	77.0	57.0	5	230	4258	100	11	77	57	100	11	77	57	15	0	0	517.0808842182159	18480	14392.168047189713	12954	29.902597402597394	
100.0	11.0	77.0	57.0	1	231	4270	100	11	77	57	100	11	77	57	15	0	0	38.13650441169739	18560	14430.30455160141	13017	29.86530172413792	
100.0	11.0	77.0	57.0	1	232	4292	100	11	77	57	100	11	77	57	14	0	0	30.09152388572693	18640	14460.396075487137	13069	29.887339055793987	
100.0	11.0	77.0	57.0	1	233	4306	100	11	77	57	100	11	77	57	14	0	0	97.64720320701599	18720	14558.043278694153	13128	29.871794871794876	
100.0	11.0	77.0	57.0	2	234	4320	100	11	77	57	100	11	77	57	14	0	0	46.966336250305176	18800	14605.009614944458	13184	29.872340425531917	
100.0	11.0	77.0	57.0	2	235	4341	100	11	77	57	100	11	77	57	15	0	0	30.6881000995636	18880	14635.697715044022	13238	29.883474576271183	
100.0	11.0	77.0	57.0	2	236	4357	100	11	77	57	100	11	77	57	18	0	0	25.572206735610962	18960	14661.269921779633	13297	29.868143459915615	
100.0	11.0	77.0	57.0	2	237	4370	100	11	77	57	100	11	77	57	18	0	0	94.02798008918762	19040	14755.29790186882	13359	29.83718487394958	
100.0	11.0	77.0	57.0	3	238	4391	100	11	77	57	100	11	77	57	18	0	0	42.6405668258667	19120	14797.938468694687	13408	29.874476987447693	
100.0	11.0	77.0	57.0	3	239	4405	100	11	77	57	100	11	77	57	19	0	0	78.14134311676025	19200	14876.079811811447	13469	29.84895833333333	
100.0	11.0	77.0	57.0	3	240	4425	100	11	77	57	100	11	77	57	19	0	0	61.25693893432617	19280	14937.336750745773	13524	29.85477178423237	
100.0	11.0	77.0	57.0	4	241	4445	100	11	77	57	100	11	77	57	21	0	0	198.1606206893921	19360	15135.497371435165	13579	29.860537190082653	
100.0	11.0	77.0	57.0	4	242	4464	100	11	77	57	100	11	77	57	22	0	0	36.89358305931091	19440	15172.390954494476	13635	29.861111111111114	
100.0	11.0	77.0	57.0	4	243	4478	100	11	77	57	100	11	77	57	23	0	0	37.28943586349487	19520	15209.680390357971	13697	29.830942622950815	
100.0	11.0	77.0	57.0	4	244	4497	100	11	77	57	100	11	77	57	24	0	0	37.16084313392639	19600	15246.841233491898	13753	29.83163265306122	
100.0	11.0	77.0	57.0	4	245	4521	100	11	77	57	100	11	77	57	25	0	0	75.93106484413147	19680	15322.772298336029	13804	29.857723577235774	
100.0	11.0	77.0	57.0	6	246	4536	100	11	77	57	100	11	77	57	26	0	0	54.499104261398315	19760	15377.271402597427	13862	29.84817813765183	
100.0	11.0	77.0	57.0	1	247	4551	100	11	77	57	100	11	77	57	27	0	0	56.3521454334259	19840	15433.623548030853	13919	29.84375	
100.0	11.0	77.0	57.0	1	248	4572	100	11	77	57	100	11	77	57	28	0	0	118.67666697502136	19920	15552.300215005875	13973	29.854417670682736	
100.0125	11.0	77.025	57.0125	1	249	4587	101	11	79	58	100	11	77	57	29	0	0	79.20803165435791	20000	15631.508246660233	14033	29.834999999999994	
100.0125	11.0	77.025	57.0125	1	250	4610	101	11	79	58	100	11	77	57	30	0	0	51.31947040557861	20080	15682.827717065811	14086	29.85059760956176	
100.0125	11.0	77.025	57.0125	1	251	4622	101	11	79	58	100	11	77	57	32	0	0	160.19000911712646	20160	15843.017726182938	14148	29.821428571428584	
100.0125	11.0	77.025	57.0125	2	252	4634	101	11	79	58	100	11	77	57	35	0	0	119.06518006324768	20240	15962.082906246185	14208	29.80237154150197	
100.0125	11.0	77.025	57.0125	2	253	4653	101	11	79	58	100	11	77	57	35	0	0	92.65799927711487	20320	16054.7409055233	14263	29.808070866141733	
100.0125	11.0	77.025	57.0125	2	254	4671	101	11	79	58	100	11	77	57	37	0	0	78.63660478591919	20400	16133.37751030922	14320	29.80392156862746	
100.0125	11.0	77.025	57.0125	2	255	4694	101	11	79	58	100	11	77	57	37	0	0	56.04661703109741	20480	16189.424127340317	14370	29.833984375	
100.0125	11.0	77.025	57.0125	2	256	4708	101	11	79	58	100	11	77	57	41	0	0	57.57151675224304	20560	16246.99564409256	14431	29.81031128404669	
100.0125	11.0	77.025	57.0125	2	257	4727	101	11	79	58	100	11	77	57	40	0	0	35.698249101638794	20640	16282.693893194199	14485	29.820736434108525	
100.0	11.0	77.0	57.0	2	258	4748	100	11	77	57	100	11	77	57	40	0	0	32.02106428146362	20720	16314.714957475662	14540	29.826254826254825	
100.0	11.0	77.0	57.0	1	259	4764	100	11	77	57	100	11	77	57	39	0	0	84.96892285346985	20800	16399.683880329132	14597	29.822115384615387	
100.0	11.0	77.0	57.0	1	260	4776	100	11	77	57	100	11	77	57	39	0	0	117.57234835624695	20880	16517.25622868538	14660	29.789272030651333	
100.0	11.0	77.0	57.0	1	261	4794	100	11	77	57	100	11	77	57	40	0	0	39.9788978099823	20960	16557.23512649536	14718	29.780534351145036	
100.0	11.0	77.0	57.0	1	262	4812	100	11	77	57	100	11	77	57	38	0	0	45.13332390785217	21040	16602.368450403214	14772	29.790874524714823	
100.0	11.0	77.0	57.0	1	263	4829	100	11	77	57	100	11	77	57	40	0	0	71.55602645874023	21120	16673.924476861954	14831	29.77746212121211	
100.0	11.0	77.0	57.0	1	264	4848	100	11	77	57	100	11	77	57	41	0	0	41.60001587867737	21200	16715.52449274063	14886	29.783018867924525	
100.0	11.0	77.0	57.0	2	265	4865	100	11	77	57	100	11	77	57	41	0	0	48.34241342544556	21280	16763.866906166077	14941	29.78853383458646	
100.0	11.0	77.0	57.0	2	266	4885	100	11	77	57	100	11	77	57	40	0	0	66.21262288093567	21360	16830.079529047012	14996	29.794007490636716	
100.0	11.0	77.0	57.0	2	267	4901	100	11	77	57	100	11	77	57	39	0	0	170.654235124588	21440	17000.7337641716	15055	29.780783582089555	
100.0	11.0	77.0	57.0	3	268	4912	100	11	77	57	100	11	77	57	38	0	0	54.3792839050293	21520	17055.11304807663	15119	29.74442379182156	
100.0	11.0	77.0	57.0	4	269	4929	100	11	77	57	100	11	77	57	35	0	0	29.102210998535156	21600	17084.215259075165	15175	29.745370370370367	
100.0	11.0	77.0	57.0	1	270	4940	100	11	77	57	100	11	77	57	35	0	0	33.87745976448059	21680	17118.092718839645	15239	29.70940959409593	
100.0	11.0	77.0	57.0	1	271	4955	100	11	77	57	100	11	77	57	35	0	0	57.53828525543213	21760	17175.631004095078	15299	29.69209558823529	
100.0	11.0	77.0	57.0	1	272	4967	100	11	77	57	100	11	77	57	34	0	0	108.96936321258545	21840	17284.600367307663	15361	29.665750915750905	
100.0	11.0	77.0	57.0	1	273	4978	100	11	77	57	100	11	77	57	34	0	0	58.86314797401428	21920	17343.463515281677	15425	29.63047445255475	
100.0	11.0	77.0	57.0	1	274	4990	100	11	77	57	100	11	77	57	34	0	0	65.41902041435242	22000	17408.88253569603	15487	29.604545454545445	
100.0	11.0	77.0	57.0	1	275	5003	100	11	77	57	100	11	77	57	33	0	0	80.35099768638611	22080	17489.233533382416	15549	29.57880434782608	
100.0	11.0	77.0	57.0	1	276	5016	100	11	77	57	100	11	77	57	33	0	0	57.17721343040466	22160	17546.41074681282	15611	29.55324909747293	
100.0	11.0	77.0	57.0	1	277	5023	100	11	77	57	100	11	77	57	31	0	0	62.75996494293213	22240	17609.170711755753	15677	29.509892086330936	
100.0	11.0	77.0	57.0	1	278	5037	100	11	77	57	100	11	77	57	32	0	0	54.750487327575684	22320	17663.92119908333	15738	29.489247311827967	
100.0	11.0	77.0	57.0	1	279	5048	100	11	77	57	100	11	77	57	34	0	0	215.26015400886536	22400	17879.181353092194	15800	29.464285714285708	
100.0	11.0	77.0	57.0	1	280	5060	100	11	77	57	100	11	77	57	35	0	0	82.8507091999054	22480	17962.0320622921	15864	29.430604982206404	
100.0	11.0	77.0	57.0	1	281	5081	100	11	77	57	100	11	77	57	35	0	0	51.094539403915405	22560	18013.126601696014	15918	29.441489361702125	
100.0	11.0	77.0	57.0	1	282	5091	100	11	77	57	100	11	77	57	36	0	0	32.5793080329895	22640	18045.705909729004	15983	29.40371024734982	
100.0	11.0	77.0	57.0	2	283	5101	100	11	77	57	100	11	77	57	37	0	0	73.12750220298767	22720	18118.83341193199	16047	29.370598591549296	
100.0	11.0	77.0	57.0	2	284	5114	100	11	77	57	100	11	77	57	39	0	0	53.067070722579956	22800	18171.90048265457	16108	29.350877192982466	
100.0	11.0	77.0	57.0	2	285	5134	100	11	77	57	100	11	77	57	40	0	0	50.191078901290894	22880	18222.091561555862	16160	29.370629370629374	
100.0	11.0	77.0	57.0	2	286	5152	100	11	77	57	100	11	77	57	40	0	0	39.204219579696655	22960	18261.29578113556	16217	29.368466898954708	
100.0	11.0	77.0	57.0	3	287	5160	100	11	77	57	100	11	77	57	39	0	0	79.89029574394226	23040	18341.1860768795	16280	29.340277777777786	
100.0	11.0	77.0	57.0	3	288	5169	100	11	77	57	100	11	77	57	39	0	0	193.08693385124207	23120	18534.273010730743	16347	29.29498269896193	
100.0	11.0	77.0	57.0	3	289	5180	100	11	77	57	100	11	77	57	39	0	0	777.497022151947	23200	19311.77003288269	16411	29.262931034482747	
100.0	11.0	77.0	57.0	3	290	5193	100	11	77	57	100	11	77	57	40	0	0	41.71775221824646	23280	19353.487785100937	16474	29.235395189003427	
100.0	11.0	77.0	57.0	4	291	5199	100	11	77	57	100	11	77	57	38	0	0	43.313809633255005	23360	19396.801594734192	16540	29.195205479452056	
100.0	11.0	77.0	57.0	4	292	5209	100	11	77	57	100	11	77	57	36	0	0	45.42035794258118	23440	19442.221952676773	16601	29.176621160409553	
100.0	11.0	77.0	57.0	5	293	5223	100	11	77	57	100	11	77	57	33	0	0	49.90798616409302	23520	19492.129938840866	16659	29.170918367346943	
100.0	11.0	77.0	57.0	5	294	5231	100	11	77	57	100	11	77	57	31	0	0	64.52117013931274	23600	19556.65110898018	16724	29.13559322033899	
100.0	11.0	77.0	57.0	5	295	5241	100	11	77	57	100	11	77	57	31	0	0	50.96373748779297	23680	19607.61484646797	16790	29.09628378378379	
100.0	11.0	77.0	57.0	7	296	5251	100	11	77	57	100	11	77	57	29	0	0	62.82609724998474	23760	19670.440943717957	16853	29.069865319865315	
100.0	11.0	77.0	57.0	8	297	5261	100	11	77	57	100	11	77	57	29	0	0	67.61815333366394	23840	19738.05909705162	16916	29.043624161073822	
100.0	11.0	77.0	57.0	9	298	5275	100	11	77	57	100	11	77	57	27	0	0	22.656779050827026	23920	19760.715876102448	16976	29.030100334448164	
100.0	11.0	77.0	57.0	10	299	5285	100	11	77	57	100	11	77	57	25	0	0	126.46062278747559	24000	19887.176498889923	17039	29.004166666666663	
100.0	11.0	77.0	57.0	11	300	5296	100	11	77	57	100	11	77	57	23	0	0	90.48458790779114	24080	19977.661086797714	17100	28.986710963455153	
