generation,class,fitness_mean,fitness_std,n,fitness_median,fitness_q1,fitness_q3
0,-2,-310.4389050056339,0.0,1,-310.4389050056339,-310.4389050056339,-310.4389050056339
0,-1,-11000000.0,0.0,1,-11000000.0,-11000000.0,-11000000.0
1,0,-285.8363367716036,0.0,1,-285.8363367716036,-285.8363367716036,-285.8363367716036
2,-3,-231.8887667493941,0.0,1,-231.8887667493941,-231.8887667493941,-231.8887667493941
2,0,-285.81077658544785,0.0,1,-285.81077658544785,-285.81077658544785,-285.81077658544785
3,-3,-231.8887667493941,0.0,1,-231.8887667493941,-231.8887667493941,-231.8887667493941
3,0,-285.81077658544785,0.0,1,-285.81077658544785,-285.81077658544785,-285.81077658544785
4,-5,-231.71192310690702,0.0,1,-231.71192310690702,-231.71192310690702,-231.71192310690702
4,-3,-231.8887667493941,0.0,1,-231.8887667493941,-231.8887667493941,-231.8887667493941
4,-2,-262.0117607257183,0.0,1,-262.0117607257183,-262.0117607257183,-262.0117607257183
4,-1,-283.4970393796119,0.0,1,-283.4970393796119,-283.4970393796119,-283.4970393796119
4,0,-285.81077658544785,0.0,1,-285.81077658544785,-285.81077658544785,-285.81077658544785
5,-3,-225.57533133056384,0.0,1,-225.57533133056384,-225.57533133056384,-225.57533133056384
5,-1,-231.42073352278402,0.0,1,-231.42073352278402,-231.42073352278402,-231.42073352278402
5,0,-285.81077658544785,0.0,1,-285.81077658544785,-285.81077658544785,-285.81077658544785
6,-3,-225.57533133056384,0.0,1,-225.57533133056384,-225.57533133056384,-225.57533133056384
6,-1,-231.42073352278402,0.0,1,-231.42073352278402,-231.42073352278402,-231.42073352278402
6,0,-285.81077658544785,0.0,1,-285.81077658544785,-285.81077658544785,-285.81077658544785
7,-3,-223.06511683117702,0.0,1,-223.06511683117702,-223.06511683117702,-223.06511683117702
7,-1,-231.42073352278402,0.0,1,-231.42073352278402,-231.42073352278402,-231.42073352278402
7,0,-283.78826491091775,0.0,1,-283.78826491091775,-283.78826491091775,-283.78826491091775
8,-3,-206.7687589201921,0.0,1,-206.7687589201921,-206.7687589201921,-206.7687589201921
8,-1,-231.42073352278402,0.0,1,-231.42073352278402,-231.42073352278402,-231.42073352278402
8,0,-281.9048225706701,0.0,1,-281.9048225706701,-281.9048225706701,-281.9048225706701
9,-3,-206.7687589201921,0.0,1,-206.7687589201921,-206.7687589201921,-206.7687589201921
9,-1,-231.42073352278402,0.0,1,-231.42073352278402,-231.42073352278402,-231.42073352278402
9,0,-281.9048225706701,0.0,1,-281.9048225706701,-281.9048225706701,-281.9048225706701
10,-3,-205.8297504562378,0.0,1,-205.8297504562378,-205.8297504562378,-205.8297504562378
10,-1,-222.72750523077468,0.0,1,-222.72750523077468,-222.72750523077468,-222.72750523077468
10,0,-279.1485874369414,0.0,1,-279.1485874369414,-279.1485874369414,-279.1485874369414
11,-3,-195.8005975361193,0.0,1,-195.8005975361193,-195.8005975361193,-195.8005975361193
11,-1,-222.72750523077468,0.0,1,-222.72750523077468,-222.72750523077468,-222.72750523077468
11,0,-274.6574350914717,0.0,1,-274.6574350914717,-274.6574350914717,-274.6574350914717
12,-3,-195.8005975361193,0.0,1,-195.8005975361193,-195.8005975361193,-195.8005975361193
12,-1,-222.72750523077468,0.0,1,-222.72750523077468,-222.72750523077468,-222.72750523077468
12,0,-273.8935254003895,0.0,1,-273.8935254003895,-273.8935254003895,-273.8935254003895
13,-3,-195.8005975361193,0.0,1,-195.8005975361193,-195.8005975361193,-195.8005975361193
13,-1,-222.72750523077468,0.0,1,-222.72750523077468,-222.72750523077468,-222.72750523077468
13,0,-273.8935254003895,0.0,1,-273.8935254003895,-273.8935254003895,-273.8935254003895
14,-3,-195.8005975361193,0.0,1,-195.8005975361193,-195.8005975361193,-195.8005975361193
14,-1,-222.7165433330871,0.0,1,-222.7165433330871,-222.7165433330871,-222.7165433330871
14,0,-269.6702189105293,0.0,1,-269.6702189105293,-269.6702189105293,-269.6702189105293
15,-3,-195.8005975361193,0.0,1,-195.8005975361193,-195.8005975361193,-195.8005975361193
15,-1,-213.66821023112158,0.0,1,-213.66821023112158,-213.66821023112158,-213.66821023112158
15,0,-269.6702189105293,0.0,1,-269.6702189105293,-269.6702189105293,-269.6702189105293
16,-3,-190.24927077809215,0.0,1,-190.24927077809215,-190.24927077809215,-190.24927077809215
16,-1,-208.38580474994225,0.0,1,-208.38580474994225,-208.38580474994225,-208.38580474994225
16,0,-261.1172760401917,0.0,1,-261.1172760401917,-261.1172760401917,-261.1172760401917
17,-3,-190.24927077809215,0.0,1,-190.24927077809215,-190.24927077809215,-190.24927077809215
17,-1,-207.26220861713313,0.0,1,-207.26220861713313,-207.26220861713313,-207.26220861713313
17,0,-257.178568847661,0.0,1,-257.178568847661,-257.178568847661,-257.178568847661
18,-3,-190.24927077809215,0.0,1,-190.24927077809215,-190.24927077809215,-190.24927077809215
18,-1,-204.87132108195377,0.0,1,-204.87132108195377,-204.87132108195377,-204.87132108195377
18,0,-255.65621020152517,0.0,1,-255.65621020152517,-255.65621020152517,-255.65621020152517
19,-3,-190.24927077809215,0.0,1,-190.24927077809215,-190.24927077809215,-190.24927077809215
19,-1,-202.05178396785524,0.0,1,-202.05178396785524,-202.05178396785524,-202.05178396785524
19,0,-242.71330422936572,0.0,1,-242.71330422936572,-242.71330422936572,-242.71330422936572
20,-3,-190.24927077809215,0.0,1,-190.24927077809215,-190.24927077809215,-190.24927077809215
20,-1,-202.05178396785524,0.0,1,-202.05178396785524,-202.05178396785524,-202.05178396785524
20,0,-242.71330422936572,0.0,1,-242.71330422936572,-242.71330422936572,-242.71330422936572
21,-3,-190.24927077809215,0.0,1,-190.24927077809215,-190.24927077809215,-190.24927077809215
21,-1,-200.17708832189481,0.0,1,-200.17708832189481,-200.17708832189481,-200.17708832189481
21,0,-242.71330422936572,0.0,1,-242.71330422936572,-242.71330422936572,-242.71330422936572
22,-3,-190.24927077809215,0.0,1,-190.24927077809215,-190.24927077809215,-190.24927077809215
22,-1,-198.28492279757538,0.0,1,-198.28492279757538,-198.28492279757538,-198.28492279757538
22,0,-242.71330422936572,0.0,1,-242.71330422936572,-242.71330422936572,-242.71330422936572
23,-3,-187.54847794619832,0.0,1,-187.54847794619832,-187.54847794619832,-187.54847794619832
23,-1,-198.28492279757538,0.0,1,-198.28492279757538,-198.28492279757538,-198.28492279757538
23,0,-234.58557086977595,0.0,1,-234.58557086977595,-234.58557086977595,-234.58557086977595
24,-3,-187.54847794619832,0.0,1,-187.54847794619832,-187.54847794619832,-187.54847794619832
24,-1,-198.28492279757538,0.0,1,-198.28492279757538,-198.28492279757538,-198.28492279757538
24,0,-234.58557086977595,0.0,1,-234.58557086977595,-234.58557086977595,-234.58557086977595
25,-3,-187.54847794619832,0.0,1,-187.54847794619832,-187.54847794619832,-187.54847794619832
25,-1,-196.83629695244682,0.0,1,-196.83629695244682,-196.83629695244682,-196.83629695244682
25,0,-221.5286076450554,0.0,1,-221.5286076450554,-221.5286076450554,-221.5286076450554
26,-3,-187.54847794619832,0.0,1,-187.54847794619832,-187.54847794619832,-187.54847794619832
26,-1,-196.83629695244682,0.0,1,-196.83629695244682,-196.83629695244682,-196.83629695244682
26,0,-202.489224664029,0.0,1,-202.489224664029,-202.489224664029,-202.489224664029
27,-3,-187.54847794619832,0.0,1,-187.54847794619832,-187.54847794619832,-187.54847794619832
27,-1,-193.83201803297058,0.0,1,-193.83201803297058,-193.83201803297058,-193.83201803297058
27,0,-202.489224664029,0.0,1,-202.489224664029,-202.489224664029,-202.489224664029
28,-3,-186.83771856515358,0.0,1,-186.83771856515358,-186.83771856515358,-186.83771856515358
28,-1,-193.83201803297058,0.0,1,-193.83201803297058,-193.83201803297058,-193.83201803297058
28,0,-202.489224664029,0.0,1,-202.489224664029,-202.489224664029,-202.489224664029
29,-3,-186.83771856515358,0.0,1,-186.83771856515358,-186.83771856515358,-186.83771856515358
29,-1,-193.83201803297058,0.0,1,-193.83201803297058,-193.83201803297058,-193.83201803297058
29,0,-202.489224664029,0.0,1,-202.489224664029,-202.489224664029,-202.489224664029
30,-3,-186.83771856515358,0.0,1,-186.83771856515358,-186.83771856515358,-186.83771856515358
30,-1,-193.83201803297058,0.0,1,-193.83201803297058,-193.83201803297058,-193.83201803297058
30,0,-202.489224664029,0.0,1,-202.489224664029,-202.489224664029,-202.489224664029
31,-3,-186.83771856515358,0.0,1,-186.83771856515358,-186.83771856515358,-186.83771856515358
31,-1,-193.83201803297058,0.0,1,-193.83201803297058,-193.83201803297058,-193.83201803297058
31,0,-202.489224664029,0.0,1,-202.489224664029,-202.489224664029,-202.489224664029
32,-3,-185.46316366805917,0.0,1,-185.46316366805917,-185.46316366805917,-185.46316366805917
32,-1,-193.83201803297058,0.0,1,-193.83201803297058,-193.83201803297058,-193.83201803297058
32,0,-202.489224664029,0.0,1,-202.489224664029,-202.489224664029,-202.489224664029
33,-3,-185.46316366805917,0.0,1,-185.46316366805917,-185.46316366805917,-185.46316366805917
33,-1,-193.83201803297058,0.0,1,-193.83201803297058,-193.83201803297058,-193.83201803297058
33,0,-202.489224664029,0.0,1,-202.489224664029,-202.489224664029,-202.489224664029
34,-3,-185.46316366805917,0.0,1,-185.46316366805917,-185.46316366805917,-185.46316366805917
34,-1,-193.83201803297058,0.0,1,-193.83201803297058,-193.83201803297058,-193.83201803297058
34,0,-199.282337658731,0.0,1,-199.282337658731,-199.282337658731,-199.282337658731
35,-3,-185.46316366805917,0.0,1,-185.46316366805917,-185.46316366805917,-185.46316366805917
35,-1,-193.83201803297058,0.0,1,-193.83201803297058,-193.83201803297058,-193.83201803297058
35,0,-199.282337658731,0.0,1,-199.282337658731,-199.282337658731,-199.282337658731
36,-3,-185.46316366805917,0.0,1,-185.46316366805917,-185.46316366805917,-185.46316366805917
36,-1,-193.75790994413666,0.0,1,-193.75790994413666,-193.75790994413666,-193.75790994413666
36,0,-199.282337658731,0.0,1,-199.282337658731,-199.282337658731,-199.282337658731
37,-3,-185.46316366805917,0.0,1,-185.46316366805917,-185.46316366805917,-185.46316366805917
37,-1,-193.75790994413666,0.0,1,-193.75790994413666,-193.75790994413666,-193.75790994413666
37,0,-199.12242812675504,0.0,1,-199.12242812675504,-199.12242812675504,-199.12242812675504
38,-3,-185.46316366805917,0.0,1,-185.46316366805917,-185.46316366805917,-185.46316366805917
38,-1,-193.75790994413666,0.0,1,-193.75790994413666,-193.75790994413666,-193.75790994413666
38,0,-199.12242812675504,0.0,1,-199.12242812675504,-199.12242812675504,-199.12242812675504
39,-3,-185.46316366805917,0.0,1,-185.46316366805917,-185.46316366805917,-185.46316366805917
39,-1,-193.75790994413666,0.0,1,-193.75790994413666,-193.75790994413666,-193.75790994413666
39,0,-197.20886188698844,0.0,1,-197.20886188698844,-197.20886188698844,-197.20886188698844
40,-3,-185.46316366805917,0.0,1,-185.46316366805917,-185.46316366805917,-185.46316366805917
40,-1,-191.17385347537092,0.0,1,-191.17385347537092,-191.17385347537092,-191.17385347537092
40,0,-197.20886188698844,0.0,1,-197.20886188698844,-197.20886188698844,-197.20886188698844
41,-3,-183.84774904102503,0.0,1,-183.84774904102503,-183.84774904102503,-183.84774904102503
41,-1,-191.17385347537092,0.0,1,-191.17385347537092,-191.17385347537092,-191.17385347537092
41,0,-197.20886188698844,0.0,1,-197.20886188698844,-197.20886188698844,-197.20886188698844
42,-4,-180.774283649825,0.0,1,-180.774283649825,-180.774283649825,-180.774283649825
42,-3,-183.84774904102503,0.0,1,-183.84774904102503,-183.84774904102503,-183.84774904102503
42,-1,-190.88227489496296,0.0,1,-190.88227489496296,-190.88227489496296,-190.88227489496296
42,0,-195.80553228160602,0.0,1,-195.80553228160602,-195.80553228160602,-195.80553228160602
43,-4,-180.774283649825,0.0,1,-180.774283649825,-180.774283649825,-180.774283649825
43,-3,-183.84774904102503,0.0,1,-183.84774904102503,-183.84774904102503,-183.84774904102503
43,-1,-189.5392008839246,0.0,1,-189.5392008839246,-189.5392008839246,-189.5392008839246
43,0,-195.80553228160602,0.0,1,-195.80553228160602,-195.80553228160602,-195.80553228160602
44,-4,-180.774283649825,0.0,1,-180.774283649825,-180.774283649825,-180.774283649825
44,-3,-181.52085543284988,0.0,1,-181.52085543284988,-181.52085543284988,-181.52085543284988
44,-1,-189.5392008839246,0.0,1,-189.5392008839246,-189.5392008839246,-189.5392008839246
44,0,-195.80553228160602,0.0,1,-195.80553228160602,-195.80553228160602,-195.80553228160602
45,-4,-180.774283649825,0.0,1,-180.774283649825,-180.774283649825,-180.774283649825
45,-3,-181.52085543284988,0.0,1,-181.52085543284988,-181.52085543284988,-181.52085543284988
45,-1,-187.31155876207816,0.0,1,-187.31155876207816,-187.31155876207816,-187.31155876207816
45,0,-195.80553228160602,0.0,1,-195.80553228160602,-195.80553228160602,-195.80553228160602
46,-4,-180.774283649825,0.0,1,-180.774283649825,-180.774283649825,-180.774283649825
46,-3,-181.52085543284988,0.0,1,-181.52085543284988,-181.52085543284988,-181.52085543284988
46,-1,-187.31155876207816,0.0,1,-187.31155876207816,-187.31155876207816,-187.31155876207816
46,0,-195.80553228160602,0.0,1,-195.80553228160602,-195.80553228160602,-195.80553228160602
47,-4,-180.774283649825,0.0,1,-180.774283649825,-180.774283649825,-180.774283649825
47,-3,-181.52085543284988,0.0,1,-181.52085543284988,-181.52085543284988,-181.52085543284988
47,-1,-186.26381812587164,0.0,1,-186.26381812587164,-186.26381812587164,-186.26381812587164
47,0,-195.79921373532127,0.0,1,-195.79921373532127,-195.79921373532127,-195.79921373532127
48,-4,-180.774283649825,0.0,1,-180.774283649825,-180.774283649825,-180.774283649825
48,-3,-181.52085543284988,0.0,1,-181.52085543284988,-181.52085543284988,-181.52085543284988
48,-1,-186.26381812587164,0.0,1,-186.26381812587164,-186.26381812587164,-186.26381812587164
48,0,-195.67052158985064,0.0,1,-195.67052158985064,-195.67052158985064,-195.67052158985064
49,-4,-180.72780675471608,0.0,1,-180.72780675471608,-180.72780675471608,-180.72780675471608
49,-3,-181.52085543284988,0.0,1,-181.52085543284988,-181.52085543284988,-181.52085543284988
49,-1,-186.26381812587164,0.0,1,-186.26381812587164,-186.26381812587164,-186.26381812587164
49,0,-195.67052158985064,0.0,1,-195.67052158985064,-195.67052158985064,-195.67052158985064
50,-4,-180.72780675471608,0.0,1,-180.72780675471608,-180.72780675471608,-180.72780675471608
50,-3,-181.52085543284988,0.0,1,-181.52085543284988,-181.52085543284988,-181.52085543284988
50,-1,-186.26381812587164,0.0,1,-186.26381812587164,-186.26381812587164,-186.26381812587164
50,0,-195.67052158985064,0.0,1,-195.67052158985064,-195.67052158985064,-195.67052158985064
51,-4,-180.72780675471608,0.0,1,-180.72780675471608,-180.72780675471608,-180.72780675471608
51,-3,-181.52085543284988,0.0,1,-181.52085543284988,-181.52085543284988,-181.52085543284988
51,-1,-186.26381812587164,0.0,1,-186.26381812587164,-186.26381812587164,-186.26381812587164
51,0,-195.3125334910032,0.0,1,-195.3125334910032,-195.3125334910032,-195.3125334910032
52,-4,-180.72780675471608,0.0,1,-180.72780675471608,-180.72780675471608,-180.72780675471608
52,-3,-181.52085543284988,0.0,1,-181.52085543284988,-181.52085543284988,-181.52085543284988
52,-1,-186.26381812587164,0.0,1,-186.26381812587164,-186.26381812587164,-186.26381812587164
52,0,-195.3125334910032,0.0,1,-195.3125334910032,-195.3125334910032,-195.3125334910032
53,-4,-180.72780675471608,0.0,1,-180.72780675471608,-180.72780675471608,-180.72780675471608
53,-3,-181.52085543284988,0.0,1,-181.52085543284988,-181.52085543284988,-181.52085543284988
53,-1,-186.26381812587164,0.0,1,-186.26381812587164,-186.26381812587164,-186.26381812587164
53,0,-195.3125334910032,0.0,1,-195.3125334910032,-195.3125334910032,-195.3125334910032
54,-4,-180.72780675471608,0.0,1,-180.72780675471608,-180.72780675471608,-180.72780675471608
54,-3,-181.52085543284988,0.0,1,-181.52085543284988,-181.52085543284988,-181.52085543284988
54,-1,-186.26381812587164,0.0,1,-186.26381812587164,-186.26381812587164,-186.26381812587164
54,0,-195.02345484808845,0.0,1,-195.02345484808845,-195.02345484808845,-195.02345484808845
55,-4,-180.72780675471608,0.0,1,-180.72780675471608,-180.72780675471608,-180.72780675471608
55,-3,-181.52085543284988,0.0,1,-181.52085543284988,-181.52085543284988,-181.52085543284988
55,-1,-182.49688682047807,0.0,1,-182.49688682047807,-182.49688682047807,-182.49688682047807
55,0,-195.02345484808845,0.0,1,-195.02345484808845,-195.02345484808845,-195.02345484808845
56,-4,-180.72780675471608,0.0,1,-180.72780675471608,-180.72780675471608,-180.72780675471608
56,-3,-181.52085543284988,0.0,1,-181.52085543284988,-181.52085543284988,-181.52085543284988
56,-1,-182.4786416176083,0.0,1,-182.4786416176083,-182.4786416176083,-182.4786416176083
56,0,-194.9814274000112,0.0,1,-194.9814274000112,-194.9814274000112,-194.9814274000112
57,-4,-180.72780675471608,0.0,1,-180.72780675471608,-180.72780675471608,-180.72780675471608
57,-3,-181.11541428119898,0.0,1,-181.11541428119898,-181.11541428119898,-181.11541428119898
57,-1,-182.4786416176083,0.0,1,-182.4786416176083,-182.4786416176083,-182.4786416176083
57,0,-194.9814274000112,0.0,1,-194.9814274000112,-194.9814274000112,-194.9814274000112
58,-4,-180.72780675471608,0.0,1,-180.72780675471608,-180.72780675471608,-180.72780675471608
58,-3,-181.11541428119898,0.0,1,-181.11541428119898,-181.11541428119898,-181.11541428119898
58,-1,-182.4786416176083,0.0,1,-182.4786416176083,-182.4786416176083,-182.4786416176083
58,0,-194.9814274000112,0.0,1,-194.9814274000112,-194.9814274000112,-194.9814274000112
59,-4,-180.72780675471608,0.0,1,-180.72780675471608,-180.72780675471608,-180.72780675471608
59,-3,-181.11541428119898,0.0,1,-181.11541428119898,-181.11541428119898,-181.11541428119898
59,-1,-182.4786416176083,0.0,1,-182.4786416176083,-182.4786416176083,-182.4786416176083
59,0,-194.9814274000112,0.0,1,-194.9814274000112,-194.9814274000112,-194.9814274000112
60,-4,-178.62662811191836,0.0,1,-178.62662811191836,-178.62662811191836,-178.62662811191836
60,-3,-180.89169977709864,0.0,1,-180.89169977709864,-180.89169977709864,-180.89169977709864
60,-1,-182.4786416176083,0.0,1,-182.4786416176083,-182.4786416176083,-182.4786416176083
60,0,-194.9814274000112,0.0,1,-194.9814274000112,-194.9814274000112,-194.9814274000112
61,-4,-178.62662811191836,0.0,1,-178.62662811191836,-178.62662811191836,-178.62662811191836
61,-3,-180.89169977709864,0.0,1,-180.89169977709864,-180.89169977709864,-180.89169977709864
61,-1,-182.4786416176083,0.0,1,-182.4786416176083,-182.4786416176083,-182.4786416176083
61,0,-194.7912483317477,0.0,1,-194.7912483317477,-194.7912483317477,-194.7912483317477
62,-4,-178.62662811191836,0.0,1,-178.62662811191836,-178.62662811191836,-178.62662811191836
62,-3,-180.6146677927495,0.0,1,-180.6146677927495,-180.6146677927495,-180.6146677927495
62,-1,-182.4786416176083,0.0,1,-182.4786416176083,-182.4786416176083,-182.4786416176083
62,0,-194.7912483317477,0.0,1,-194.7912483317477,-194.7912483317477,-194.7912483317477
63,-4,-178.62662811191836,0.0,1,-178.62662811191836,-178.62662811191836,-178.62662811191836
63,-3,-180.6146677927495,0.0,1,-180.6146677927495,-180.6146677927495,-180.6146677927495
63,-1,-182.4786416176083,0.0,1,-182.4786416176083,-182.4786416176083,-182.4786416176083
63,0,-194.7912483317477,0.0,1,-194.7912483317477,-194.7912483317477,-194.7912483317477
64,-4,-177.74350895058407,0.0,1,-177.74350895058407,-177.74350895058407,-177.74350895058407
64,-3,-180.6146677927495,0.0,1,-180.6146677927495,-180.6146677927495,-180.6146677927495
64,-1,-182.4786416176083,0.0,1,-182.4786416176083,-182.4786416176083,-182.4786416176083
64,0,-194.7912483317477,0.0,1,-194.7912483317477,-194.7912483317477,-194.7912483317477
65,-4,-177.6098388958309,0.0,1,-177.6098388958309,-177.6098388958309,-177.6098388958309
65,-1,-179.87093883865742,0.0,1,-179.87093883865742,-179.87093883865742,-179.87093883865742
65,0,-194.73302264720763,0.0,1,-194.73302264720763,-194.73302264720763,-194.73302264720763
66,-4,-177.6098388958309,0.0,1,-177.6098388958309,-177.6098388958309,-177.6098388958309
66,-1,-179.87093883865742,0.0,1,-179.87093883865742,-179.87093883865742,-179.87093883865742
66,0,-194.73302264720763,0.0,1,-194.73302264720763,-194.73302264720763,-194.73302264720763
67,-4,-177.6098388958309,0.0,1,-177.6098388958309,-177.6098388958309,-177.6098388958309
67,-1,-179.87093883865742,0.0,1,-179.87093883865742,-179.87093883865742,-179.87093883865742
67,0,-194.73302264720763,0.0,1,-194.73302264720763,-194.73302264720763,-194.73302264720763
68,-4,-177.6098388958309,0.0,1,-177.6098388958309,-177.6098388958309,-177.6098388958309
68,-1,-179.87093883865742,0.0,1,-179.87093883865742,-179.87093883865742,-179.87093883865742
68,0,-194.62332222080062,0.0,1,-194.62332222080062,-194.62332222080062,-194.62332222080062
69,-4,-177.56596726764099,0.0,1,-177.56596726764099,-177.56596726764099,-177.56596726764099
69,-1,-179.87093883865742,0.0,1,-179.87093883865742,-179.87093883865742,-179.87093883865742
69,0,-194.62332222080062,0.0,1,-194.62332222080062,-194.62332222080062,-194.62332222080062
70,-4,-177.56596726764099,0.0,1,-177.56596726764099,-177.56596726764099,-177.56596726764099
70,-1,-179.87093883865742,0.0,1,-179.87093883865742,-179.87093883865742,-179.87093883865742
70,0,-194.62332222080062,0.0,1,-194.62332222080062,-194.62332222080062,-194.62332222080062
71,-4,-177.56596726764099,0.0,1,-177.56596726764099,-177.56596726764099,-177.56596726764099
71,-1,-179.87093883865742,0.0,1,-179.87093883865742,-179.87093883865742,-179.87093883865742
71,0,-194.60034983335464,0.0,1,-194.60034983335464,-194.60034983335464,-194.60034983335464
72,-4,-177.56596726764099,0.0,1,-177.56596726764099,-177.56596726764099,-177.56596726764099
72,-1,-179.87093883865742,0.0,1,-179.87093883865742,-179.87093883865742,-179.87093883865742
72,0,-194.60034983335464,0.0,1,-194.60034983335464,-194.60034983335464,-194.60034983335464
73,-4,-177.56596726764099,0.0,1,-177.56596726764099,-177.56596726764099,-177.56596726764099
73,-1,-179.87093883865742,0.0,1,-179.87093883865742,-179.87093883865742,-179.87093883865742
73,0,-194.60034983335464,0.0,1,-194.60034983335464,-194.60034983335464,-194.60034983335464
74,-4,-177.56596726764099,0.0,1,-177.56596726764099,-177.56596726764099,-177.56596726764099
74,-1,-179.87093883865742,0.0,1,-179.87093883865742,-179.87093883865742,-179.87093883865742
74,0,-194.58202231862887,0.0,1,-194.58202231862887,-194.58202231862887,-194.58202231862887
75,-4,-177.56596726764099,0.0,1,-177.56596726764099,-177.56596726764099,-177.56596726764099
75,-1,-179.87093883865742,0.0,1,-179.87093883865742,-179.87093883865742,-179.87093883865742
75,0,-194.58202231862887,0.0,1,-194.58202231862887,-194.58202231862887,-194.58202231862887
76,-4,-176.42003246488795,0.0,1,-176.42003246488795,-176.42003246488795,-176.42003246488795
76,-1,-178.90674112194586,0.0,1,-178.90674112194586,-178.90674112194586,-178.90674112194586
76,0,-194.57021988119263,0.0,1,-194.57021988119263,-194.57021988119263,-194.57021988119263
77,-4,-176.42003246488795,0.0,1,-176.42003246488795,-176.42003246488795,-176.42003246488795
77,-1,-178.90674112194586,0.0,1,-178.90674112194586,-178.90674112194586,-178.90674112194586
77,0,-194.57021988119263,0.0,1,-194.57021988119263,-194.57021988119263,-194.57021988119263
78,-4,-176.42003246488795,0.0,1,-176.42003246488795,-176.42003246488795,-176.42003246488795
78,-1,-178.90674112194586,0.0,1,-178.90674112194586,-178.90674112194586,-178.90674112194586
78,0,-194.57021988119263,0.0,1,-194.57021988119263,-194.57021988119263,-194.57021988119263
79,-4,-176.42003246488795,0.0,1,-176.42003246488795,-176.42003246488795,-176.42003246488795
79,-1,-178.8506374270438,0.0,1,-178.8506374270438,-178.8506374270438,-178.8506374270438
79,0,-194.32322524330945,0.0,1,-194.32322524330945,-194.32322524330945,-194.32322524330945
80,-4,-176.42003246488795,0.0,1,-176.42003246488795,-176.42003246488795,-176.42003246488795
80,-1,-178.8506374270438,0.0,1,-178.8506374270438,-178.8506374270438,-178.8506374270438
80,0,-194.32322524330945,0.0,1,-194.32322524330945,-194.32322524330945,-194.32322524330945
81,-4,-176.42003246488795,0.0,1,-176.42003246488795,-176.42003246488795,-176.42003246488795
81,-1,-178.8506374270438,0.0,1,-178.8506374270438,-178.8506374270438,-178.8506374270438
81,0,-194.32322524330945,0.0,1,-194.32322524330945,-194.32322524330945,-194.32322524330945
82,-4,-176.42003246488795,0.0,1,-176.42003246488795,-176.42003246488795,-176.42003246488795
82,-1,-178.8506374270438,0.0,1,-178.8506374270438,-178.8506374270438,-178.8506374270438
82,0,-194.32322524330945,0.0,1,-194.32322524330945,-194.32322524330945,-194.32322524330945
83,-4,-176.13032985134166,0.0,1,-176.13032985134166,-176.13032985134166,-176.13032985134166
83,-1,-178.8506374270438,0.0,1,-178.8506374270438,-178.8506374270438,-178.8506374270438
83,0,-194.32322524330945,0.0,1,-194.32322524330945,-194.32322524330945,-194.32322524330945
84,-4,-176.13032985134166,0.0,1,-176.13032985134166,-176.13032985134166,-176.13032985134166
84,-1,-178.8506374270438,0.0,1,-178.8506374270438,-178.8506374270438,-178.8506374270438
84,0,-194.32322524330945,0.0,1,-194.32322524330945,-194.32322524330945,-194.32322524330945
85,-4,-176.13032985134166,0.0,1,-176.13032985134166,-176.13032985134166,-176.13032985134166
85,-1,-178.8506374270438,0.0,1,-178.8506374270438,-178.8506374270438,-178.8506374270438
85,0,-194.32322524330945,0.0,1,-194.32322524330945,-194.32322524330945,-194.32322524330945
86,-4,-176.13032985134166,0.0,1,-176.13032985134166,-176.13032985134166,-176.13032985134166
86,-1,-178.8506374270438,0.0,1,-178.8506374270438,-178.8506374270438,-178.8506374270438
86,0,-194.32322524330945,0.0,1,-194.32322524330945,-194.32322524330945,-194.32322524330945
87,-4,-174.75934901253984,0.0,1,-174.75934901253984,-174.75934901253984,-174.75934901253984
87,-1,-178.8506374270438,0.0,1,-178.8506374270438,-178.8506374270438,-178.8506374270438
87,0,-194.32322524330945,0.0,1,-194.32322524330945,-194.32322524330945,-194.32322524330945
88,-4,-174.70802016090266,0.0,1,-174.70802016090266,-174.70802016090266,-174.70802016090266
88,-1,-178.8506374270438,0.0,1,-178.8506374270438,-178.8506374270438,-178.8506374270438
88,0,-194.32322524330945,0.0,1,-194.32322524330945,-194.32322524330945,-194.32322524330945
89,-4,-174.70802016090266,0.0,1,-174.70802016090266,-174.70802016090266,-174.70802016090266
89,-1,-178.8506374270438,0.0,1,-178.8506374270438,-178.8506374270438,-178.8506374270438
89,0,-194.2272309668211,0.0,1,-194.2272309668211,-194.2272309668211,-194.2272309668211
90,-4,-174.70802016090266,0.0,1,-174.70802016090266,-174.70802016090266,-174.70802016090266
90,-1,-178.8506374270438,0.0,1,-178.8506374270438,-178.8506374270438,-178.8506374270438
90,0,-194.2272309668211,0.0,1,-194.2272309668211,-194.2272309668211,-194.2272309668211
91,-4,-174.70802016090266,0.0,1,-174.70802016090266,-174.70802016090266,-174.70802016090266
91,-1,-178.8506374270438,0.0,1,-178.8506374270438,-178.8506374270438,-178.8506374270438
91,0,-194.2272309668211,0.0,1,-194.2272309668211,-194.2272309668211,-194.2272309668211
92,-4,-174.70802016090266,0.0,1,-174.70802016090266,-174.70802016090266,-174.70802016090266
92,-1,-178.8506374270438,0.0,1,-178.8506374270438,-178.8506374270438,-178.8506374270438
92,0,-194.2272309668211,0.0,1,-194.2272309668211,-194.2272309668211,-194.2272309668211
93,-4,-174.70802016090266,0.0,1,-174.70802016090266,-174.70802016090266,-174.70802016090266
93,-1,-178.8506374270438,0.0,1,-178.8506374270438,-178.8506374270438,-178.8506374270438
93,0,-194.2272309668211,0.0,1,-194.2272309668211,-194.2272309668211,-194.2272309668211
94,-4,-174.70802016090266,0.0,1,-174.70802016090266,-174.70802016090266,-174.70802016090266
94,-1,-178.8506374270438,0.0,1,-178.8506374270438,-178.8506374270438,-178.8506374270438
94,0,-194.2272309668211,0.0,1,-194.2272309668211,-194.2272309668211,-194.2272309668211
95,-4,-174.70802016090266,0.0,1,-174.70802016090266,-174.70802016090266,-174.70802016090266
95,-1,-178.8506374270438,0.0,1,-178.8506374270438,-178.8506374270438,-178.8506374270438
95,0,-194.20636130350061,0.0,1,-194.20636130350061,-194.20636130350061,-194.20636130350061
96,-4,-174.70802016090266,0.0,1,-174.70802016090266,-174.70802016090266,-174.70802016090266
96,-1,-178.8506374270438,0.0,1,-178.8506374270438,-178.8506374270438,-178.8506374270438
96,0,-194.20636130350061,0.0,1,-194.20636130350061,-194.20636130350061,-194.20636130350061
97,-4,-174.70802016090266,0.0,1,-174.70802016090266,-174.70802016090266,-174.70802016090266
97,-1,-178.8506374270438,0.0,1,-178.8506374270438,-178.8506374270438,-178.8506374270438
97,0,-194.20636130350061,0.0,1,-194.20636130350061,-194.20636130350061,-194.20636130350061
98,-4,-174.70802016090266,0.0,1,-174.70802016090266,-174.70802016090266,-174.70802016090266
98,-1,-178.8506374270438,0.0,1,-178.8506374270438,-178.8506374270438,-178.8506374270438
98,0,-194.16803415988878,0.0,1,-194.16803415988878,-194.16803415988878,-194.16803415988878
99,-4,-174.70802016090266,0.0,1,-174.70802016090266,-174.70802016090266,-174.70802016090266
99,-1,-178.8506374270438,0.0,1,-178.8506374270438,-178.8506374270438,-178.8506374270438
99,0,-194.16803415988878,0.0,1,-194.16803415988878,-194.16803415988878,-194.16803415988878
100,-4,-174.6641886695787,0.0,1,-174.6641886695787,-174.6641886695787,-174.6641886695787
100,-1,-178.8506374270438,0.0,1,-178.8506374270438,-178.8506374270438,-178.8506374270438
100,0,-194.16803415988878,0.0,1,-194.16803415988878,-194.16803415988878,-194.16803415988878
101,-4,-174.6641886695787,0.0,1,-174.6641886695787,-174.6641886695787,-174.6641886695787
101,-1,-178.77029922612485,0.0,1,-178.77029922612485,-178.77029922612485,-178.77029922612485
101,0,-194.15937484422554,0.0,1,-194.15937484422554,-194.15937484422554,-194.15937484422554
102,-4,-172.83907002507377,0.0,1,-172.83907002507377,-172.83907002507377,-172.83907002507377
102,-1,-178.77029922612485,0.0,1,-178.77029922612485,-178.77029922612485,-178.77029922612485
102,0,-194.15937484422554,0.0,1,-194.15937484422554,-194.15937484422554,-194.15937484422554
103,-4,-172.83907002507377,0.0,1,-172.83907002507377,-172.83907002507377,-172.83907002507377
103,-1,-178.77029922612485,0.0,1,-178.77029922612485,-178.77029922612485,-178.77029922612485
103,0,-194.15937484422554,0.0,1,-194.15937484422554,-194.15937484422554,-194.15937484422554
104,-4,-172.83907002507377,0.0,1,-172.83907002507377,-172.83907002507377,-172.83907002507377
104,-1,-178.77029922612485,0.0,1,-178.77029922612485,-178.77029922612485,-178.77029922612485
104,0,-194.15937484422554,0.0,1,-194.15937484422554,-194.15937484422554,-194.15937484422554
105,-4,-172.01720335360383,0.0,1,-172.01720335360383,-172.01720335360383,-172.01720335360383
105,-1,-178.77029922612485,0.0,1,-178.77029922612485,-178.77029922612485,-178.77029922612485
105,0,-194.15937484422554,0.0,1,-194.15937484422554,-194.15937484422554,-194.15937484422554
106,-4,-167.56144984394973,0.0,1,-167.56144984394973,-167.56144984394973,-167.56144984394973
106,-1,-178.77029922612485,0.0,1,-178.77029922612485,-178.77029922612485,-178.77029922612485
106,0,-194.15937484422554,0.0,1,-194.15937484422554,-194.15937484422554,-194.15937484422554
107,-4,-167.56144984394973,0.0,1,-167.56144984394973,-167.56144984394973,-167.56144984394973
107,-3,-173.26498084096423,0.0,1,-173.26498084096423,-173.26498084096423,-173.26498084096423
107,-1,-178.64114193356787,0.0,1,-178.64114193356787,-178.64114193356787,-178.64114193356787
107,0,-194.15937484422554,0.0,1,-194.15937484422554,-194.15937484422554,-194.15937484422554
108,-4,-167.56144984394973,0.0,1,-167.56144984394973,-167.56144984394973,-167.56144984394973
108,-3,-173.26498084096423,0.0,1,-173.26498084096423,-173.26498084096423,-173.26498084096423
108,-1,-178.3076616626634,0.0,1,-178.3076616626634,-178.3076616626634,-178.3076616626634
108,0,-194.15937484422554,0.0,1,-194.15937484422554,-194.15937484422554,-194.15937484422554
109,-4,-167.56144984394973,0.0,1,-167.56144984394973,-167.56144984394973,-167.56144984394973
109,-3,-173.26498084096423,0.0,1,-173.26498084096423,-173.26498084096423,-173.26498084096423
109,-1,-178.3076616626634,0.0,1,-178.3076616626634,-178.3076616626634,-178.3076616626634
109,0,-194.15937484422554,0.0,1,-194.15937484422554,-194.15937484422554,-194.15937484422554
110,-4,-167.56144984394973,0.0,1,-167.56144984394973,-167.56144984394973,-167.56144984394973
110,-3,-173.25089388977656,0.0,1,-173.25089388977656,-173.25089388977656,-173.25089388977656
110,-1,-178.3076616626634,0.0,1,-178.3076616626634,-178.3076616626634,-178.3076616626634
110,0,-193.95140030020355,0.0,1,-193.95140030020355,-193.95140030020355,-193.95140030020355
111,-4,-167.56144984394973,0.0,1,-167.56144984394973,-167.56144984394973,-167.56144984394973
111,-3,-173.25089388977656,0.0,1,-173.25089388977656,-173.25089388977656,-173.25089388977656
111,-1,-178.3076616626634,0.0,1,-178.3076616626634,-178.3076616626634,-178.3076616626634
111,0,-193.95140030020355,0.0,1,-193.95140030020355,-193.95140030020355,-193.95140030020355
112,-4,-167.56144984394973,0.0,1,-167.56144984394973,-167.56144984394973,-167.56144984394973
112,-3,-173.25089388977656,0.0,1,-173.25089388977656,-173.25089388977656,-173.25089388977656
112,-1,-178.3076616626634,0.0,1,-178.3076616626634,-178.3076616626634,-178.3076616626634
112,0,-193.95140030020355,0.0,1,-193.95140030020355,-193.95140030020355,-193.95140030020355
113,-4,-167.55555611655518,0.0,1,-167.55555611655518,-167.55555611655518,-167.55555611655518
113,-3,-173.22603778466515,0.0,1,-173.22603778466515,-173.22603778466515,-173.22603778466515
113,-1,-178.3076616626634,0.0,1,-178.3076616626634,-178.3076616626634,-178.3076616626634
113,0,-193.95140030020355,0.0,1,-193.95140030020355,-193.95140030020355,-193.95140030020355
114,-4,-167.55555611655518,0.0,1,-167.55555611655518,-167.55555611655518,-167.55555611655518
114,-3,-173.22603778466515,0.0,1,-173.22603778466515,-173.22603778466515,-173.22603778466515
114,-1,-178.3076616626634,0.0,1,-178.3076616626634,-178.3076616626634,-178.3076616626634
114,0,-193.95140030020355,0.0,1,-193.95140030020355,-193.95140030020355,-193.95140030020355
115,-4,-167.55555611655518,0.0,1,-167.55555611655518,-167.55555611655518,-167.55555611655518
115,-3,-173.22603778466515,0.0,1,-173.22603778466515,-173.22603778466515,-173.22603778466515
115,-1,-178.3076616626634,0.0,1,-178.3076616626634,-178.3076616626634,-178.3076616626634
115,0,-193.95140030020355,0.0,1,-193.95140030020355,-193.95140030020355,-193.95140030020355
116,-4,-167.55555611655518,0.0,1,-167.55555611655518,-167.55555611655518,-167.55555611655518
116,-3,-171.52008955639403,0.0,1,-171.52008955639403,-171.52008955639403,-171.52008955639403
116,-1,-178.3076616626634,0.0,1,-178.3076616626634,-178.3076616626634,-178.3076616626634
116,0,-193.95140030020355,0.0,1,-193.95140030020355,-193.95140030020355,-193.95140030020355
117,-4,-167.55555611655518,0.0,1,-167.55555611655518,-167.55555611655518,-167.55555611655518
117,-3,-171.52008955639403,0.0,1,-171.52008955639403,-171.52008955639403,-171.52008955639403
117,-1,-178.3076616626634,0.0,1,-178.3076616626634,-178.3076616626634,-178.3076616626634
117,0,-193.95140030020355,0.0,1,-193.95140030020355,-193.95140030020355,-193.95140030020355
118,-4,-167.55555611655518,0.0,1,-167.55555611655518,-167.55555611655518,-167.55555611655518
118,-3,-171.52008955639403,0.0,1,-171.52008955639403,-171.52008955639403,-171.52008955639403
118,-1,-178.3076616626634,0.0,1,-178.3076616626634,-178.3076616626634,-178.3076616626634
118,0,-193.95140030020355,0.0,1,-193.95140030020355,-193.95140030020355,-193.95140030020355
119,-4,-167.55555611655518,0.0,1,-167.55555611655518,-167.55555611655518,-167.55555611655518
119,-3,-171.52008955639403,0.0,1,-171.52008955639403,-171.52008955639403,-171.52008955639403
119,-1,-178.3076616626634,0.0,1,-178.3076616626634,-178.3076616626634,-178.3076616626634
119,0,-193.95140030020355,0.0,1,-193.95140030020355,-193.95140030020355,-193.95140030020355
120,-4,-166.1357973357041,0.0,1,-166.1357973357041,-166.1357973357041,-166.1357973357041
120,-3,-171.52008955639403,0.0,1,-171.52008955639403,-171.52008955639403,-171.52008955639403
120,-1,-178.3076616626634,0.0,1,-178.3076616626634,-178.3076616626634,-178.3076616626634
120,0,-193.95140030020355,0.0,1,-193.95140030020355,-193.95140030020355,-193.95140030020355
121,-4,-166.1357973357041,0.0,1,-166.1357973357041,-166.1357973357041,-166.1357973357041
121,-3,-171.52008955639403,0.0,1,-171.52008955639403,-171.52008955639403,-171.52008955639403
121,-1,-178.3076616626634,0.0,1,-178.3076616626634,-178.3076616626634,-178.3076616626634
121,0,-193.95140030020355,0.0,1,-193.95140030020355,-193.95140030020355,-193.95140030020355
122,-4,-166.1357973357041,0.0,1,-166.1357973357041,-166.1357973357041,-166.1357973357041
122,-3,-171.51754178194912,0.0,1,-171.51754178194912,-171.51754178194912,-171.51754178194912
122,-1,-178.3076616626634,0.0,1,-178.3076616626634,-178.3076616626634,-178.3076616626634
122,0,-193.95140030020355,0.0,1,-193.95140030020355,-193.95140030020355,-193.95140030020355
123,-4,-166.1357973357041,0.0,1,-166.1357973357041,-166.1357973357041,-166.1357973357041
123,-3,-171.51754178194912,0.0,1,-171.51754178194912,-171.51754178194912,-171.51754178194912
123,-1,-178.3076616626634,0.0,1,-178.3076616626634,-178.3076616626634,-178.3076616626634
123,0,-193.95140030020355,0.0,1,-193.95140030020355,-193.95140030020355,-193.95140030020355
124,-4,-166.1357973357041,0.0,1,-166.1357973357041,-166.1357973357041,-166.1357973357041
124,-3,-171.51754178194912,0.0,1,-171.51754178194912,-171.51754178194912,-171.51754178194912
124,-1,-178.3076616626634,0.0,1,-178.3076616626634,-178.3076616626634,-178.3076616626634
124,0,-193.94370811498115,0.0,1,-193.94370811498115,-193.94370811498115,-193.94370811498115
125,-4,-166.1357973357041,0.0,1,-166.1357973357041,-166.1357973357041,-166.1357973357041
125,-3,-171.51754178194912,0.0,1,-171.51754178194912,-171.51754178194912,-171.51754178194912
125,-1,-178.3076616626634,0.0,1,-178.3076616626634,-178.3076616626634,-178.3076616626634
125,0,-193.94370811498115,0.0,1,-193.94370811498115,-193.94370811498115,-193.94370811498115
126,-4,-166.1357973357041,0.0,1,-166.1357973357041,-166.1357973357041,-166.1357973357041
126,-3,-171.51754178194912,0.0,1,-171.51754178194912,-171.51754178194912,-171.51754178194912
126,-1,-178.3076616626634,0.0,1,-178.3076616626634,-178.3076616626634,-178.3076616626634
126,0,-193.94370811498115,0.0,1,-193.94370811498115,-193.94370811498115,-193.94370811498115
127,-4,-166.11510832923543,0.0,1,-166.11510832923543,-166.11510832923543,-166.11510832923543
127,-3,-171.51386104138862,0.0,1,-171.51386104138862,-171.51386104138862,-171.51386104138862
127,-1,-178.3076616626634,0.0,1,-178.3076616626634,-178.3076616626634,-178.3076616626634
127,0,-193.94370811498115,0.0,1,-193.94370811498115,-193.94370811498115,-193.94370811498115
128,-4,-166.11510832923543,0.0,1,-166.11510832923543,-166.11510832923543,-166.11510832923543
128,-3,-171.49228678548505,0.0,1,-171.49228678548505,-171.49228678548505,-171.49228678548505
128,-1,-178.3076616626634,0.0,1,-178.3076616626634,-178.3076616626634,-178.3076616626634
128,0,-193.94370811498115,0.0,1,-193.94370811498115,-193.94370811498115,-193.94370811498115
129,-4,-166.11510832923543,0.0,1,-166.11510832923543,-166.11510832923543,-166.11510832923543
129,-3,-171.49228678548505,0.0,1,-171.49228678548505,-171.49228678548505,-171.49228678548505
129,-1,-178.3076616626634,0.0,1,-178.3076616626634,-178.3076616626634,-178.3076616626634
129,0,-193.94370811498115,0.0,1,-193.94370811498115,-193.94370811498115,-193.94370811498115
130,-4,-166.11510832923543,0.0,1,-166.11510832923543,-166.11510832923543,-166.11510832923543
130,-3,-171.49228678548505,0.0,1,-171.49228678548505,-171.49228678548505,-171.49228678548505
130,-1,-178.3076616626634,0.0,1,-178.3076616626634,-178.3076616626634,-178.3076616626634
130,0,-189.02862863077175,0.0,1,-189.02862863077175,-189.02862863077175,-189.02862863077175
131,-4,-166.11510832923543,0.0,1,-166.11510832923543,-166.11510832923543,-166.11510832923543
131,-3,-167.81696037994624,0.0,1,-167.81696037994624,-167.81696037994624,-167.81696037994624
131,-1,-177.3693435473549,0.0,1,-177.3693435473549,-177.3693435473549,-177.3693435473549
131,0,-189.02862863077175,0.0,1,-189.02862863077175,-189.02862863077175,-189.02862863077175
132,-4,-166.11510832923543,0.0,1,-166.11510832923543,-166.11510832923543,-166.11510832923543
132,-3,-167.81696037994624,0.0,1,-167.81696037994624,-167.81696037994624,-167.81696037994624
132,-1,-176.21944309240288,0.0,1,-176.21944309240288,-176.21944309240288,-176.21944309240288
132,0,-179.13339927592844,0.0,1,-179.13339927592844,-179.13339927592844,-179.13339927592844
133,0,-157.90063438449246,0.0,1,-157.90063438449246,-157.90063438449246,-157.90063438449246
134,0,-157.90063438449246,0.0,1,-157.90063438449246,-157.90063438449246,-157.90063438449246
135,0,-157.90063438449246,0.0,1,-157.90063438449246,-157.90063438449246,-157.90063438449246
136,0,-157.90063438449246,0.0,1,-157.90063438449246,-157.90063438449246,-157.90063438449246
137,0,-157.90063438449246,0.0,1,-157.90063438449246,-157.90063438449246,-157.90063438449246
138,0,-157.90063438449246,0.0,1,-157.90063438449246,-157.90063438449246,-157.90063438449246
139,0,-157.90063438449246,0.0,1,-157.90063438449246,-157.90063438449246,-157.90063438449246
140,0,-157.90063438449246,0.0,1,-157.90063438449246,-157.90063438449246,-157.90063438449246
141,0,-157.90063438449246,0.0,1,-157.90063438449246,-157.90063438449246,-157.90063438449246
142,0,-151.97947048630488,0.0,1,-151.97947048630488,-151.97947048630488,-151.97947048630488
143,0,-151.97947048630488,0.0,1,-151.97947048630488,-151.97947048630488,-151.97947048630488
144,0,-151.97947048630488,0.0,1,-151.97947048630488,-151.97947048630488,-151.97947048630488
145,0,-151.97947048630488,0.0,1,-151.97947048630488,-151.97947048630488,-151.97947048630488
146,0,-151.97947048630488,0.0,1,-151.97947048630488,-151.97947048630488,-151.97947048630488
147,0,-151.74656972992602,0.0,1,-151.74656972992602,-151.74656972992602,-151.74656972992602
148,0,-151.74656972992602,0.0,1,-151.74656972992602,-151.74656972992602,-151.74656972992602
149,0,-151.37316470739776,0.0,1,-151.37316470739776,-151.37316470739776,-151.37316470739776
150,0,-151.37316470739776,0.0,1,-151.37316470739776,-151.37316470739776,-151.37316470739776
151,0,-151.33457873203875,0.0,1,-151.33457873203875,-151.33457873203875,-151.33457873203875
152,0,-150.9793837623054,0.0,1,-150.9793837623054,-150.9793837623054,-150.9793837623054
153,0,-150.9793837623054,0.0,1,-150.9793837623054,-150.9793837623054,-150.9793837623054
154,0,-150.9793837623054,0.0,1,-150.9793837623054,-150.9793837623054,-150.9793837623054
155,0,-150.9793837623054,0.0,1,-150.9793837623054,-150.9793837623054,-150.9793837623054
156,0,-150.9793837623054,0.0,1,-150.9793837623054,-150.9793837623054,-150.9793837623054
157,0,-150.9793837623054,0.0,1,-150.9793837623054,-150.9793837623054,-150.9793837623054
158,0,-150.9793837623054,0.0,1,-150.9793837623054,-150.9793837623054,-150.9793837623054
159,0,-150.96011671465195,0.0,1,-150.96011671465195,-150.96011671465195,-150.96011671465195
160,0,-150.96011671465195,0.0,1,-150.96011671465195,-150.96011671465195,-150.96011671465195
161,0,-149.97341996525753,0.0,1,-149.97341996525753,-149.97341996525753,-149.97341996525753
162,0,-149.97341996525753,0.0,1,-149.97341996525753,-149.97341996525753,-149.97341996525753
163,0,-146.8519909749316,0.0,1,-146.8519909749316,-146.8519909749316,-146.8519909749316
164,0,-146.8519909749316,0.0,1,-146.8519909749316,-146.8519909749316,-146.8519909749316
165,0,-146.8519909749316,0.0,1,-146.8519909749316,-146.8519909749316,-146.8519909749316
166,0,-146.8519909749316,0.0,1,-146.8519909749316,-146.8519909749316,-146.8519909749316
167,0,-146.8519909749316,0.0,1,-146.8519909749316,-146.8519909749316,-146.8519909749316
168,0,-146.8519909749316,0.0,1,-146.8519909749316,-146.8519909749316,-146.8519909749316
169,0,-146.8519909749316,0.0,1,-146.8519909749316,-146.8519909749316,-146.8519909749316
170,0,-146.8519909749316,0.0,1,-146.8519909749316,-146.8519909749316,-146.8519909749316
171,0,-146.8519909749316,0.0,1,-146.8519909749316,-146.8519909749316,-146.8519909749316
172,0,-146.8519909749316,0.0,1,-146.8519909749316,-146.8519909749316,-146.8519909749316
173,0,-146.8519909749316,0.0,1,-146.8519909749316,-146.8519909749316,-146.8519909749316
174,0,-146.8519909749316,0.0,1,-146.8519909749316,-146.8519909749316,-146.8519909749316
175,0,-146.8519909749316,0.0,1,-146.8519909749316,-146.8519909749316,-146.8519909749316
176,0,-146.8519909749316,0.0,1,-146.8519909749316,-146.8519909749316,-146.8519909749316
177,0,-146.8519909749316,0.0,1,-146.8519909749316,-146.8519909749316,-146.8519909749316
178,0,-146.05270098020344,0.0,1,-146.05270098020344,-146.05270098020344,-146.05270098020344
179,0,-146.05270098020344,0.0,1,-146.05270098020344,-146.05270098020344,-146.05270098020344
180,0,-146.05270098020344,0.0,1,-146.05270098020344,-146.05270098020344,-146.05270098020344
181,0,-146.05270098020344,0.0,1,-146.05270098020344,-146.05270098020344,-146.05270098020344
182,0,-146.05270098020344,0.0,1,-146.05270098020344,-146.05270098020344,-146.05270098020344
183,0,-146.05270098020344,0.0,1,-146.05270098020344,-146.05270098020344,-146.05270098020344
184,0,-146.05270098020344,0.0,1,-146.05270098020344,-146.05270098020344,-146.05270098020344
185,0,-146.05270098020344,0.0,1,-146.05270098020344,-146.05270098020344,-146.05270098020344
186,0,-146.05270098020344,0.0,1,-146.05270098020344,-146.05270098020344,-146.05270098020344
187,0,-145.3463886440088,0.0,1,-145.3463886440088,-145.3463886440088,-145.3463886440088
188,0,-143.9453996470085,0.0,1,-143.9453996470085,-143.9453996470085,-143.9453996470085
189,0,-143.9453996470085,0.0,1,-143.9453996470085,-143.9453996470085,-143.9453996470085
190,0,-143.9453996470085,0.0,1,-143.9453996470085,-143.9453996470085,-143.9453996470085
191,0,-143.9453996470085,0.0,1,-143.9453996470085,-143.9453996470085,-143.9453996470085
192,0,-143.9453996470085,0.0,1,-143.9453996470085,-143.9453996470085,-143.9453996470085
193,0,-143.9453996470085,0.0,1,-143.9453996470085,-143.9453996470085,-143.9453996470085
194,0,-143.9453996470085,0.0,1,-143.9453996470085,-143.9453996470085,-143.9453996470085
195,0,-143.8875085881645,0.0,1,-143.8875085881645,-143.8875085881645,-143.8875085881645
196,0,-143.8875085881645,0.0,1,-143.8875085881645,-143.8875085881645,-143.8875085881645
197,0,-143.8875085881645,0.0,1,-143.8875085881645,-143.8875085881645,-143.8875085881645
198,0,-143.8875085881645,0.0,1,-143.8875085881645,-143.8875085881645,-143.8875085881645
199,0,-143.71639293764713,0.0,1,-143.71639293764713,-143.71639293764713,-143.71639293764713
200,0,-143.67516476410353,0.0,1,-143.67516476410353,-143.67516476410353,-143.67516476410353
201,0,-143.67516476410353,0.0,1,-143.67516476410353,-143.67516476410353,-143.67516476410353
202,0,-143.67516476410353,0.0,1,-143.67516476410353,-143.67516476410353,-143.67516476410353
203,0,-143.67516476410353,0.0,1,-143.67516476410353,-143.67516476410353,-143.67516476410353
204,0,-143.67516476410353,0.0,1,-143.67516476410353,-143.67516476410353,-143.67516476410353
205,0,-143.67516476410353,0.0,1,-143.67516476410353,-143.67516476410353,-143.67516476410353
206,0,-143.67516476410353,0.0,1,-143.67516476410353,-143.67516476410353,-143.67516476410353
207,0,-142.74959552005024,0.0,1,-142.74959552005024,-142.74959552005024,-142.74959552005024
208,0,-142.53602176966183,0.0,1,-142.53602176966183,-142.53602176966183,-142.53602176966183
209,0,-142.53602176966183,0.0,1,-142.53602176966183,-142.53602176966183,-142.53602176966183
210,0,-142.53602176966183,0.0,1,-142.53602176966183,-142.53602176966183,-142.53602176966183
211,0,-142.53602176966183,0.0,1,-142.53602176966183,-142.53602176966183,-142.53602176966183
212,0,-142.53602176966183,0.0,1,-142.53602176966183,-142.53602176966183,-142.53602176966183
213,0,-141.87441693345562,0.0,1,-141.87441693345562,-141.87441693345562,-141.87441693345562
214,0,-141.87441693345562,0.0,1,-141.87441693345562,-141.87441693345562,-141.87441693345562
215,0,-141.84004726581634,0.0,1,-141.84004726581634,-141.84004726581634,-141.84004726581634
216,0,-141.84004726581634,0.0,1,-141.84004726581634,-141.84004726581634,-141.84004726581634
217,0,-141.84004726581634,0.0,1,-141.84004726581634,-141.84004726581634,-141.84004726581634
218,0,-141.5723567021595,0.0,1,-141.5723567021595,-141.5723567021595,-141.5723567021595
219,0,-141.5723567021595,0.0,1,-141.5723567021595,-141.5723567021595,-141.5723567021595
220,0,-141.5723567021595,0.0,1,-141.5723567021595,-141.5723567021595,-141.5723567021595
221,0,-141.5723567021595,0.0,1,-141.5723567021595,-141.5723567021595,-141.5723567021595
222,0,-141.5723567021595,0.0,1,-141.5723567021595,-141.5723567021595,-141.5723567021595
223,0,-141.5723567021595,0.0,1,-141.5723567021595,-141.5723567021595,-141.5723567021595
224,0,-141.5723567021595,0.0,1,-141.5723567021595,-141.5723567021595,-141.5723567021595
225,0,-141.5723567021595,0.0,1,-141.5723567021595,-141.5723567021595,-141.5723567021595
226,0,-141.5723567021595,0.0,1,-141.5723567021595,-141.5723567021595,-141.5723567021595
227,0,-141.5723567021595,0.0,1,-141.5723567021595,-141.5723567021595,-141.5723567021595
228,0,-141.5723567021595,0.0,1,-141.5723567021595,-141.5723567021595,-141.5723567021595
229,0,-141.5723567021595,0.0,1,-141.5723567021595,-141.5723567021595,-141.5723567021595
230,0,-141.5723567021595,0.0,1,-141.5723567021595,-141.5723567021595,-141.5723567021595
231,0,-141.5723567021595,0.0,1,-141.5723567021595,-141.5723567021595,-141.5723567021595
232,0,-141.50007918208763,0.0,1,-141.50007918208763,-141.50007918208763,-141.50007918208763
233,0,-141.50007918208763,0.0,1,-141.50007918208763,-141.50007918208763,-141.50007918208763
234,0,-141.50007918208763,0.0,1,-141.50007918208763,-141.50007918208763,-141.50007918208763
235,0,-141.50007918208763,0.0,1,-141.50007918208763,-141.50007918208763,-141.50007918208763
236,0,-141.50007918208763,0.0,1,-141.50007918208763,-141.50007918208763,-141.50007918208763
237,0,-141.50007918208763,0.0,1,-141.50007918208763,-141.50007918208763,-141.50007918208763
238,0,-141.50007918208763,0.0,1,-141.50007918208763,-141.50007918208763,-141.50007918208763
239,0,-141.50007918208763,0.0,1,-141.50007918208763,-141.50007918208763,-141.50007918208763
240,0,-141.50007918208763,0.0,1,-141.50007918208763,-141.50007918208763,-141.50007918208763
241,0,-140.01134910024908,0.0,1,-140.01134910024908,-140.01134910024908,-140.01134910024908
242,0,-140.01134910024908,0.0,1,-140.01134910024908,-140.01134910024908,-140.01134910024908
243,0,-140.01134910024908,0.0,1,-140.01134910024908,-140.01134910024908,-140.01134910024908
244,0,-140.01134910024908,0.0,1,-140.01134910024908,-140.01134910024908,-140.01134910024908
245,0,-140.01134910024908,0.0,1,-140.01134910024908,-140.01134910024908,-140.01134910024908
246,0,-140.01134910024908,0.0,1,-140.01134910024908,-140.01134910024908,-140.01134910024908
247,0,-140.01134910024908,0.0,1,-140.01134910024908,-140.01134910024908,-140.01134910024908
248,0,-140.01134910024908,0.0,1,-140.01134910024908,-140.01134910024908,-140.01134910024908
249,0,-140.01134910024908,0.0,1,-140.01134910024908,-140.01134910024908,-140.01134910024908
250,0,-140.01134910024908,0.0,1,-140.01134910024908,-140.01134910024908,-140.01134910024908
251,0,-140.01134910024908,0.0,1,-140.01134910024908,-140.01134910024908,-140.01134910024908
252,0,-140.01134910024908,0.0,1,-140.01134910024908,-140.01134910024908,-140.01134910024908
253,0,-140.01134910024908,0.0,1,-140.01134910024908,-140.01134910024908,-140.01134910024908
254,0,-140.01134910024908,0.0,1,-140.01134910024908,-140.01134910024908,-140.01134910024908
255,0,-140.01134910024908,0.0,1,-140.01134910024908,-140.01134910024908,-140.01134910024908
256,0,-140.01134910024908,0.0,1,-140.01134910024908,-140.01134910024908,-140.01134910024908
257,0,-140.01134910024908,0.0,1,-140.01134910024908,-140.01134910024908,-140.01134910024908
258,0,-139.65988065737895,0.0,1,-139.65988065737895,-139.65988065737895,-139.65988065737895
259,0,-139.65988065737895,0.0,1,-139.65988065737895,-139.65988065737895,-139.65988065737895
260,0,-139.65988065737895,0.0,1,-139.65988065737895,-139.65988065737895,-139.65988065737895
261,0,-139.65988065737895,0.0,1,-139.65988065737895,-139.65988065737895,-139.65988065737895
262,0,-139.65988065737895,0.0,1,-139.65988065737895,-139.65988065737895,-139.65988065737895
263,0,-139.65988065737895,0.0,1,-139.65988065737895,-139.65988065737895,-139.65988065737895
264,0,-139.65988065737895,0.0,1,-139.65988065737895,-139.65988065737895,-139.65988065737895
265,0,-139.65988065737895,0.0,1,-139.65988065737895,-139.65988065737895,-139.65988065737895
266,0,-139.65988065737895,0.0,1,-139.65988065737895,-139.65988065737895,-139.65988065737895
267,0,-139.65988065737895,0.0,1,-139.65988065737895,-139.65988065737895,-139.65988065737895
268,0,-139.65988065737895,0.0,1,-139.65988065737895,-139.65988065737895,-139.65988065737895
269,0,-139.65988065737895,0.0,1,-139.65988065737895,-139.65988065737895,-139.65988065737895
270,0,-139.65988065737895,0.0,1,-139.65988065737895,-139.65988065737895,-139.65988065737895
271,0,-139.65988065737895,0.0,1,-139.65988065737895,-139.65988065737895,-139.65988065737895
272,0,-139.65988065737895,0.0,1,-139.65988065737895,-139.65988065737895,-139.65988065737895
273,0,-139.65988065737895,0.0,1,-139.65988065737895,-139.65988065737895,-139.65988065737895
274,0,-139.5928666773476,0.0,1,-139.5928666773476,-139.5928666773476,-139.5928666773476
275,0,-139.5928666773476,0.0,1,-139.5928666773476,-139.5928666773476,-139.5928666773476
276,0,-139.5928666773476,0.0,1,-139.5928666773476,-139.5928666773476,-139.5928666773476
277,0,-139.5928666773476,0.0,1,-139.5928666773476,-139.5928666773476,-139.5928666773476
278,0,-139.5928666773476,0.0,1,-139.5928666773476,-139.5928666773476,-139.5928666773476
279,0,-139.5928666773476,0.0,1,-139.5928666773476,-139.5928666773476,-139.5928666773476
280,0,-139.5928666773476,0.0,1,-139.5928666773476,-139.5928666773476,-139.5928666773476
281,0,-139.5928666773476,0.0,1,-139.5928666773476,-139.5928666773476,-139.5928666773476
282,0,-139.5928666773476,0.0,1,-139.5928666773476,-139.5928666773476,-139.5928666773476
283,0,-139.56135179822812,0.0,1,-139.56135179822812,-139.56135179822812,-139.56135179822812
284,0,-139.56135179822812,0.0,1,-139.56135179822812,-139.56135179822812,-139.56135179822812
285,0,-139.56135179822812,0.0,1,-139.56135179822812,-139.56135179822812,-139.56135179822812
286,0,-139.56135179822812,0.0,1,-139.56135179822812,-139.56135179822812,-139.56135179822812
287,0,-139.56135179822812,0.0,1,-139.56135179822812,-139.56135179822812,-139.56135179822812
288,0,-139.56135179822812,0.0,1,-139.56135179822812,-139.56135179822812,-139.56135179822812
289,0,-139.56135179822812,0.0,1,-139.56135179822812,-139.56135179822812,-139.56135179822812
290,0,-139.56135179822812,0.0,1,-139.56135179822812,-139.56135179822812,-139.56135179822812
291,0,-139.56135179822812,0.0,1,-139.56135179822812,-139.56135179822812,-139.56135179822812
292,0,-139.56135179822812,0.0,1,-139.56135179822812,-139.56135179822812,-139.56135179822812
293,0,-139.56135179822812,0.0,1,-139.56135179822812,-139.56135179822812,-139.56135179822812
294,0,-139.56135179822812,0.0,1,-139.56135179822812,-139.56135179822812,-139.56135179822812
295,0,-139.56135179822812,0.0,1,-139.56135179822812,-139.56135179822812,-139.56135179822812
296,0,-139.56135179822812,0.0,1,-139.56135179822812,-139.56135179822812,-139.56135179822812
297,0,-139.5113933184514,0.0,1,-139.5113933184514,-139.5113933184514,-139.5113933184514
298,0,-139.5113933184514,0.0,1,-139.5113933184514,-139.5113933184514,-139.5113933184514
299,0,-139.5113933184514,0.0,1,-139.5113933184514,-139.5113933184514,-139.5113933184514
300,0,-139.5113933184514,0.0,1,-139.5113933184514,-139.5113933184514,-139.5113933184514
