1.023689666554836464e+01,1.029037572723861338e+01,1.013502728626193061e+01,1.008053304673002160e+01,9.917905026480141828e+00,9.551780621553504602e+00,9.227204150481895795e+00,8.896676642785655176e+00,8.561075877732434947e+00,8.065578041446103796e+00,7.433658739669271043e+00,6.773618269497251099e+00,6.037642317387987845e+00,5.216915841792165054e+00,4.099193965992788513e+00,3.195673483291397332e+00,2.135652896677759927e+00,1.108670629709850974e+00,3.774409795486555197e-02,-1.308025792050795166e+00,-2.333191091425620645e+00,-3.130342320035259807e+00,-3.430758834275011715e+00,-3.256264753144678892e+00,-2.241767263544001576e+00,-1.011736069569893592e+00,5.265780238023333171e-01,2.191885894885545749e+00,3.662650658950929561e+00,4.996457814209970927e+00,6.115346900675505459e+00,7.271474305784877856e+00,8.334538786038045544e+00,9.400293974835674859e+00,1.048820351229270820e+01
8.159916604974236876e+00,8.223610627939720530e+00,8.143219124100435025e+00,7.958321402323178084e+00,7.705781164561681607e+00,7.382566965366971878e+00,7.007945789562542771e+00,6.710897276974546521e+00,6.137065313433964775e+00,5.539379795053164912e+00,4.899553570968566696e+00,4.318092761546019176e+00,3.502739730437201882e+00,2.736477522540559981e+00,1.864868835088925980e+00,1.011442656590050282e+00,-5.918866227078375952e-02,-1.266556453008381933e+00,-2.228605482408449134e+00,-3.045453244487738242e+00,-3.252245731111181648e+00,-2.893628832733487588e+00,-2.046420069728430935e+00,-7.692281824621458597e-01,6.768232422419300232e-01,2.036201926614972013e+00,3.161214129954037944e+00,4.309330122791906525e+00,5.454000647397225343e+00,6.483881387380033168e+00,7.568012693710046257e+00,8.236955808977018734e+00,9.081141781636073773e+00,9.891664123850967272e+00,1.060600907717205210e+01
8.601409582193710435e+00,8.513287039362005260e+00,8.421813210940230832e+00,8.150149765831100623e+00,7.889267231390776125e+00,7.432904448047629842e+00,7.128424697501635876e+00,6.521700093216561633e+00,6.090123983274517983e+00,5.280903761505790328e+00,4.744316981332465488e+00,4.017064287473135487e+00,3.121112493639086161e+00,2.422379201793106507e+00,1.675187945912733456e+00,8.473282279273762763e-01,-1.014345987558699091e-01,-1.253118355306823917e+00,-2.383242048022697901e+00,-3.068810000780350489e+00,-3.093300959953360074e+00,-2.712233380192237586e+00,-1.966497808858231222e+00,-6.161796031981598976e-01,6.846294622430773025e-01,2.100582408180255989e+00,3.507032597744138780e+00,4.791634451528797634e+00,5.889169904954543178e+00,6.768206131568368811e+00,7.853595357823287770e+00,8.562055213722787883e+00,9.603667651134909278e+00,1.053828310256508871e+01,1.137290798586866636e+01
9.312582626605877323e+00,9.112971067684323856e+00,8.951178873796958868e+00,8.811518693515996148e+00,8.349546971076856394e+00,7.976002566112450509e+00,7.719460316178370363e+00,7.349860366722679395e+00,6.755075805789774179e+00,6.187920719716751172e+00,5.594051493729573110e+00,4.845112737011981530e+00,4.157387176636445858e+00,3.401427009949876457e+00,2.612895139389343147e+00,1.775155501803476366e+00,8.513800755284146593e-01,-1.357268005310508230e-01,-1.225143404146948223e+00,-2.123417879275315112e+00,-2.958711106765739007e+00,-3.191140153317927997e+00,-2.715985110094681243e+00,-1.857967857339764661e+00,-6.698028265737671072e-01,5.921838866302280291e-01,1.823053135111448064e+00,2.883069209717354031e+00,3.980700573308447954e+00,4.991116473305667434e+00,5.859387224079049439e+00,6.642605052779773089e+00,7.464724721527245421e+00,8.102919720027950135e+00,8.678320208479702202e+00
8.108057531374930349e+00,7.933455635676647688e+00,7.816748945198797927e+00,7.577270448038700756e+00,7.328217304633421136e+00,7.062037476325213170e+00,6.652724328488699435e+00,6.070364888038017881e+00,5.473454120991383398e+00,4.916635858685847182e+00,4.301750270306496482e+00,3.475505747216993235e+00,2.619048907770789469e+00,1.725825709519409834e+00,9.497295758255148712e-01,-4.056915399645501241e-02,-1.111024713673524289e+00,-2.014181349111118013e+00,-2.712090914584157186e+00,-2.898988462228242913e+00,-2.555386182338321710e+00,-1.751559380977693259e+00,-8.727967402922354179e-01,1.892093881961414981e-01,1.224649365046169835e+00,2.327031085586340087e+00,3.421813661716005761e+00,4.384926925972358447e+00,5.209833737997805692e+00,5.938532714848712146e+00,6.428979417124260465e+00,7.008614996892514881e+00,7.523980338386055067e+00,8.250458064347183651e+00,8.680426329683543329e+00
1.004146807251616735e+01,1.007257986897985802e+01,9.854530518366281910e+00,9.564900340795581712e+00,9.291767488662715735e+00,8.928740843647034353e+00,8.510349568831884426e+00,8.073925499118573157e+00,7.510098201984314770e+00,6.952227638821445233e+00,6.345183896325883310e+00,5.653474637500294442e+00,4.988917739055252376e+00,4.228860095329196156e+00,3.217367024055345137e+00,2.240563776816791197e+00,1.152082771514752579e+00,9.364322281081641219e-02,-1.000330117073951808e+00,-2.097074339775645502e+00,-2.875426572286607918e+00,-3.314770839964312543e+00,-3.184884619486779922e+00,-2.437578816381833935e+00,-1.120228988487596888e+00,2.589173439216367889e-01,1.681764718124908908e+00,3.082647447873504643e+00,4.194684369936316770e+00,5.527445387085838213e+00,6.482776736107801696e+00,7.513506530905724290e+00,8.618497626345195783e+00,9.384644289319551191e+00,1.011916633514152508e+01
9.270754576350391574e+00,8.996381403599224669e+00,8.859244152903359648e+00,8.491545808779388693e+00,8.268502914906509460e+00,7.867923781761351876e+00,7.550733412088314722e+00,7.140838259790337261e+00,6.578843858010508860e+00,6.042871911007544838e+00,5.191625905629125626e+00,4.433135980560706457e+00,3.679629734775588190e+00,2.723538155819634987e+00,1.644186254473462450e+00,6.722462160659816721e-01,-2.279607844450264320e-01,-1.202524199766786595e+00,-2.154200255597230829e+00,-2.696706931354412085e+00,-2.831828798258681168e+00,-2.694744589947710711e+00,-1.981237470633728570e+00,-1.131499143598274637e+00,8.804525570605895024e-02,1.182879527032552724e+00,2.287921178009694856e+00,3.531286791684951076e+00,4.516043913048515712e+00,5.447483951643043554e+00,6.297967424732972219e+00,7.307950214889613605e+00,8.244949992194602117e+00,8.826918989201901766e+00,9.433282911768792189e+00
9.444614411606703896e+00,9.412922031826775893e+00,9.253434723695967534e+00,9.143720198452415460e+00,8.779631289417689999e+00,8.443413954677247091e+00,8.240032820800278657e+00,7.721710859266761595e+00,7.326502361160705412e+00,7.043480369560305654e+00,6.649589010033625236e+00,6.133044752769136743e+00,5.418576534897719732e+00,4.466473756406480256e+00,3.623296866426823026e+00,2.781557829327700571e+00,1.578931233701301284e+00,4.898755198186268145e-01,-5.546744303911951279e-01,-1.679907655966997648e+00,-2.714575463870257277e+00,-3.088697339313239976e+00,-3.177487665962811292e+00,-2.484487758156511461e+00,-1.653779632691127599e+00,-2.307863904186247539e-01,1.137028157644880189e+00,2.399721547831432211e+00,3.592508545557778099e+00,4.785210477350827496e+00,5.816173143899943554e+00,6.957048555493770436e+00,7.957313508074259190e+00,8.925544693050733613e+00,9.800652373271438123e+00
6.963674494439576534e+00,7.002231650685228459e+00,7.008054649516535228e+00,6.913775768439672120e+00,6.682059155732757105e+00,6.253099213241435805e+00,5.772160153815095285e+00,5.309650480887921908e+00,4.699453778016680516e+00,4.144658415611826463e+00,3.566927725513172831e+00,3.077219383360465521e+00,2.303029082409303374e+00,1.465992498947018552e+00,4.957939186216625549e-01,-5.041789945543979634e-01,-1.432049436694496247e+00,-2.233353817376336536e+00,-2.604687966618692840e+00,-2.511282544440524234e+00,-1.993600873522112238e+00,-1.295555648715076558e+00,-2.055830422001299340e-01,5.317114958925857060e-01,1.437738144828039744e+00,2.330725968451707875e+00,2.973083806094188208e+00,3.706666081207219410e+00,4.409131006094382244e+00,5.032763842419443634e+00,5.548346656995787107e+00,5.881378338170394571e+00,6.291947188374804156e+00,6.793026372842643212e+00,7.045751820648803232e+00
8.061800656219448413e+00,7.980781482249073910e+00,7.806798291443374893e+00,7.672219952590802805e+00,7.569104026213068437e+00,7.271213193360154925e+00,7.026642970905063734e+00,6.656122951691247458e+00,6.173609552768703601e+00,5.742080231782226818e+00,4.974673850715282342e+00,4.235299906541493797e+00,3.494517597415040644e+00,2.714357690198952788e+00,1.883407885022924999e+00,9.843615782198134045e-01,-8.151300140176886977e-02,-9.888042086055550683e-01,-1.850065961149260474e+00,-2.419237778428484198e+00,-2.717820396004005268e+00,-2.589752009786183251e+00,-2.048642029492971695e+00,-1.112898991913425784e+00,-2.642669598973451661e-01,7.491491415381914543e-01,1.481602243856809942e+00,2.411296218821828763e+00,3.262211923640149447e+00,4.165804786170905771e+00,5.107712640464503018e+00,5.829055266841864480e+00,6.484222302009924555e+00,7.153713237515668233e+00,7.748602973248412518e+00
1.018288578220687057e+01,1.006164658085061525e+01,9.998614094455000156e+00,9.763617151629265578e+00,9.561703870430397600e+00,9.364060724084016130e+00,8.855072848021420029e+00,8.428560218123406500e+00,7.997052909890195238e+00,7.285463605596805614e+00,6.613204614751953869e+00,5.698296915250131711e+00,4.950203912502466608e+00,4.215328661581787095e+00,3.179691748646180205e+00,2.069370973089394550e+00,9.814773622151115040e-01,-2.706339630991955181e-01,-1.430139499125544056e+00,-2.414586112338641399e+00,-2.988261056813501071e+00,-3.092262748244722026e+00,-2.547604495901000021e+00,-1.587666797934842666e+00,-4.048143724875796212e-01,7.617041856384692000e-01,2.025326548856133169e+00,3.002069234742567261e+00,3.887811771186523657e+00,4.849332604830750348e+00,5.707856762154481345e+00,6.510397396308547080e+00,7.303474212011138000e+00,8.078538662747062560e+00,8.782181125901432850e+00
8.498988782962493715e+00,8.568496961751092655e+00,8.478570459422284600e+00,8.238208208632169516e+00,7.874878467827886475e+00,7.353675093863268231e+00,6.942745042046827741e+00,6.473973853853411065e+00,6.008391790940694754e+00,5.368110283073347588e+00,4.968883905976724691e+00,4.443101398932355117e+00,3.767886014001823547e+00,2.785067162093985083e+00,1.856878194230833889e+00,9.219680992803513941e-01,-2.205074145953833387e-01,-1.447026446309997105e+00,-2.261936278742487705e+00,-2.586393821195326126e+00,-2.627290263416121707e+00,-2.530062439126973928e+00,-1.755127807374422755e+00,-7.512200740588631520e-01,5.032786956673682699e-01,1.685097515806217139e+00,2.562731487774153827e+00,3.532027963757768507e+00,4.528482441875445907e+00,5.496553150635214990e+00,6.267634872728394591e+00,7.140426700982089869e+00,7.777122633174049504e+00,8.423661972096013528e+00,9.036198206808835565e+00
7.821321603199708150e+00,7.924276156207296751e+00,7.915442453853510862e+00,7.840768947588231619e+00,7.692337395867797412e+00,7.371096130558918880e+00,7.075437427017939207e+00,6.646685680594218049e+00,6.277474471679631129e+00,5.884088024450506715e+00,5.323275899388185906e+00,4.692293923963355873e+00,3.779302258893177946e+00,3.091136408947681158e+00,2.307520396537005247e+00,1.505821262663441740e+00,3.519418802617215736e-01,-7.627691594467636005e-01,-1.814834147192495806e+00,-2.611636638008627109e+00,-2.929543937384415653e+00,-2.964944020224111743e+00,-2.445489656664117106e+00,-1.472948279256501625e+00,-2.886869208470380088e-02,1.172034018963307167e+00,2.581534682122391011e+00,3.584317161884277514e+00,4.641306006634640546e+00,5.732033265160436208e+00,6.710986824931556072e+00,7.683991140289267996e+00,8.515743620455294760e+00,9.307277031494651354e+00,1.009909184962666373e+01
1.069883576664824432e+01,1.054292238634684153e+01,1.035678649662277806e+01,1.030411238071012647e+01,9.937245842360141523e+00,9.658960102636433120e+00,9.309572596065926575e+00,8.782436329245191686e+00,8.221960496673366592e+00,7.441672287612290937e+00,6.863152521530570205e+00,5.960095773630138538e+00,5.058657828855142924e+00,4.374768786510072616e+00,3.652328674307362189e+00,2.802309306965909741e+00,1.486915686448084806e+00,5.120885787787033960e-01,-5.249355368216446216e-01,-1.643284947076440794e+00,-2.615064335840533438e+00,-3.210647954987963626e+00,-3.175318190842840949e+00,-2.513419123408456191e+00,-1.618123117098032804e+00,-2.338898376545076041e-01,1.054708940026489961e+00,2.259657096387547082e+00,3.372144060686470102e+00,4.514516617233887530e+00,5.555373022412060990e+00,6.549953157016259020e+00,7.545994541424895452e+00,8.368074362860543403e+00,9.102995679378288685e+00
8.824604581941397186e+00,8.659761122313415882e+00,8.671530376229021897e+00,8.518018540698587771e+00,8.373354900508370946e+00,7.940742436958478478e+00,7.675327045785961033e+00,7.061506582435886692e+00,6.650708894004579541e+00,5.968617292513897610e+00,5.336261575652853750e+00,4.602736427640748751e+00,4.029375469898480056e+00,3.132320481102333076e+00,2.317894105537720240e+00,1.337482310426808985e+00,4.996388524092850725e-01,-4.259825112854563889e-01,-1.346654567919908008e+00,-2.353291499649131424e+00,-2.894090262631788590e+00,-3.091653209967829774e+00,-2.865510921856429860e+00,-1.926409302591723716e+00,-7.090842280820315313e-01,5.629726247167590181e-01,1.654489650202334960e+00,2.840761212452857176e+00,3.841370489318096659e+00,5.029249306199487179e+00,6.033938932347275852e+00,7.041426101213402511e+00,8.085096907631578844e+00,8.799780872632601003e+00,9.631823369350307473e+00
9.657590622719290252e+00,9.675787884366819469e+00,9.399543624672988429e+00,9.167024897468740718e+00,8.995231027479269059e+00,8.735395712454613104e+00,8.395208478844624622e+00,8.024007280880931958e+00,7.403301010983796893e+00,6.826429950278372516e+00,6.079814933370771612e+00,5.534944707794221763e+00,4.765187856640180186e+00,3.884432846159912689e+00,3.081673108565587960e+00,2.161242218541318927e+00,8.862177118801118914e-01,-2.262026027465218470e-01,-1.167903388907660212e+00,-2.121927281431077894e+00,-2.808290773837496701e+00,-2.967344177164526364e+00,-2.743726795749076963e+00,-2.235771896598638619e+00,-1.329476090001757704e+00,-1.787448707921338587e-01,1.090580110600787300e+00,2.271211914479786209e+00,3.500918659674585154e+00,4.750932043676639793e+00,5.812447861831510743e+00,6.857434542444972969e+00,7.893271642238488539e+00,8.634699243917225431e+00,9.410751759466576161e+00
1.025499320199969411e+01,1.015154876935313766e+01,1.010360604953980079e+01,9.828125087527633141e+00,9.622839002300411337e+00,9.270641141083563852e+00,8.755527430865495120e+00,8.432375193280229553e+00,8.023374664841048443e+00,7.481964178466832927e+00,6.755250424041802759e+00,6.078494577424847556e+00,5.470556294492376459e+00,4.607009014694053661e+00,3.617324921625941325e+00,2.594697465377726608e+00,1.434444851431257772e+00,2.622258659431500605e-01,-7.375833370263040756e-01,-1.741218583860543845e+00,-2.798166943665179041e+00,-3.267297476806304335e+00,-3.163039335101788030e+00,-2.604536839477657129e+00,-1.716197141418611682e+00,-2.025049002350035321e-01,1.274762195262553854e+00,2.699594625334794884e+00,3.973086659542061749e+00,5.140854555681960036e+00,6.254421131304654047e+00,7.531503697938048525e+00,8.577382786693020122e+00,9.572096800474520606e+00,1.040220160527972482e+01
8.108321642340424518e+00,8.002663387327000777e+00,7.672748985364978402e+00,7.514850597528623943e+00,7.205886090429555857e+00,7.072994894810810784e+00,6.646034442149624688e+00,6.213107909341018420e+00,5.642102539429468600e+00,4.897636446594979986e+00,4.332616935684105108e+00,3.636530083184593476e+00,2.944645717664058360e+00,2.124680477834921088e+00,1.149524391431479220e+00,2.094802173688907199e-01,-7.152721073537636753e-01,-1.647843894879808202e+00,-2.347267963186934203e+00,-2.774808020627030913e+00,-2.752894144135160204e+00,-2.309680460349369469e+00,-1.455728808156686593e+00,-1.931302898497447851e-01,8.534912085173953500e-01,1.996453991016397422e+00,3.148685364203426928e+00,4.210117045053713092e+00,5.049249510674153285e+00,5.993258237217078843e+00,6.656814263025063738e+00,7.475035920400099343e+00,8.199098744637542069e+00,8.775113614628672565e+00,9.200161911120465774e+00
8.479102023936556876e+00,8.322902550943583222e+00,8.253561790190362402e+00,8.223369715970095584e+00,7.857446424875026203e+00,7.465211809093281303e+00,7.034091103067338757e+00,6.510414287743182982e+00,5.948619874896110105e+00,5.285740084087759527e+00,4.543074528732525152e+00,3.743175449564890567e+00,2.902856951181003620e+00,2.263302245747186525e+00,1.329643030045991603e+00,4.596584778007475336e-01,-6.387085472868023750e-01,-1.816916402595690982e+00,-2.414561116905298288e+00,-2.716280055003752469e+00,-2.815099610496109239e+00,-2.220346709394899865e+00,-1.303379768547856976e+00,-1.474733663476729961e-01,1.052678225237974052e+00,2.250466038440624761e+00,3.133466155023895805e+00,3.964072888658966676e+00,4.622264823003242817e+00,5.579681880945671857e+00,6.396834575273956602e+00,7.105656400334996903e+00,7.733662650794341786e+00,8.337379268528065879e+00,8.843542568474747512e+00
9.213308942039905247e+00,9.184473206487565378e+00,9.119368005149873113e+00,9.052086718494411599e+00,8.932068476402655222e+00,8.569588056485647698e+00,8.155324948275005426e+00,7.737312044519493170e+00,7.313136146104387336e+00,6.740772195125745547e+00,6.107691426664032086e+00,5.528689509687508163e+00,4.834994434961991772e+00,4.036268252602616791e+00,3.278185525208801909e+00,2.371375712066290831e+00,1.213401163869144872e+00,2.646070752446655350e-02,-1.071638306530882767e+00,-1.905287112871905997e+00,-2.603414431467940382e+00,-3.057631657309872075e+00,-2.829875273653600587e+00,-2.102556411841294270e+00,-9.915558758310615284e-01,3.541908696615038155e-01,1.601848583742907062e+00,2.726151019737257375e+00,3.881968220804216774e+00,5.050163442548964099e+00,5.923858450675378862e+00,6.742418430974550070e+00,7.451297649475564278e+00,8.120093739740527283e+00,8.961653151487894320e+00
8.211138506392114067e+00,8.164260153117595564e+00,8.180941403092097275e+00,7.909641652294440384e+00,7.641864734664697068e+00,7.297880774237360590e+00,7.004693594805369017e+00,6.558722021823007786e+00,5.958293465332327621e+00,5.379766865614757698e+00,4.879912506754630286e+00,4.192982077852564160e+00,3.386738479057208817e+00,2.364279871478763617e+00,1.178152777336192836e+00,7.546127111302859680e-02,-9.556636428554724505e-01,-1.814418017799276583e+00,-2.534842953362253404e+00,-2.893793860559808806e+00,-2.750340089348239925e+00,-2.275985919128680202e+00,-1.415674512128864970e+00,-1.642300499721668638e-01,1.171652908232705403e+00,2.568173291577777739e+00,3.722880803138050254e+00,4.823340881013687742e+00,5.780233630668092815e+00,6.660167138978810186e+00,7.564648612832228558e+00,8.479947129513028869e+00,9.235268184756934673e+00,1.001260169214195628e+01,1.078829197669270279e+01
8.040976279990450948e+00,7.950543584968348121e+00,7.886420138229287780e+00,7.747575031870765905e+00,7.526538743920015762e+00,7.118983538727914784e+00,6.773358806394605303e+00,6.359944086119559969e+00,5.939250519418781238e+00,5.268169977239979040e+00,4.665904015301357788e+00,4.043945399286759113e+00,3.334948957619109589e+00,2.573153738130501633e+00,1.763523252658163010e+00,7.382861655591613781e-01,-3.155471615562521759e-01,-1.446307336884241623e+00,-2.517387120123254274e+00,-3.065620851414317283e+00,-3.128165761896228858e+00,-2.687231987368425390e+00,-1.719875807471583196e+00,-3.797792683904082089e-01,9.203952747168997472e-01,2.191770525954569226e+00,3.483285123839105601e+00,4.704851674646428172e+00,5.756724426871801192e+00,6.708491754084191072e+00,7.402216204844260794e+00,8.332141215873274831e+00,8.906410637614229131e+00,9.705737304600242865e+00,1.040605417503920016e+01
8.061385334050692464e+00,7.948791037637815471e+00,7.757390922985391235e+00,7.446302670849008543e+00,7.284081258601452724e+00,6.955369650897776701e+00,6.534235566262904804e+00,6.112027273556289053e+00,5.540216241811647180e+00,4.827064175579705463e+00,4.075083451932525413e+00,3.380550144419973257e+00,2.507470893552318003e+00,1.641802128300431374e+00,6.867243796644424414e-01,-2.453622794947199481e-01,-1.267126054080096820e+00,-1.928305460154670303e+00,-2.655477539143745069e+00,-2.955902317756459396e+00,-2.767292933035261360e+00,-2.011770011373608114e+00,-9.719238467302003803e-01,5.020347917798984039e-01,1.673731685807702707e+00,2.701585742308309612e+00,3.857206932482365236e+00,4.882057808832588108e+00,5.836855322445976491e+00,6.748447452582164274e+00,7.495798186169915667e+00,8.253792587733686403e+00,9.041138213757491826e+00,9.662654703007923729e+00,1.021788285254902995e+01
1.022842898716836935e+01,1.004593303228696399e+01,9.950864384146729691e+00,9.620278086944731299e+00,9.279188221076768883e+00,8.910646588902844556e+00,8.476859783347268973e+00,8.131057219458726948e+00,7.604221134263488224e+00,6.983464178149607626e+00,6.422923486314123132e+00,5.682931187200257916e+00,5.080987208638712005e+00,4.332609475829776180e+00,3.530181134998236825e+00,2.651382089509997098e+00,1.410427806027628295e+00,3.944503758747128219e-01,-6.934831566452945850e-01,-1.642724427492746608e+00,-2.539183712572175899e+00,-3.036973407509577783e+00,-2.965149130046269565e+00,-2.506654913301443965e+00,-1.612276248014151037e+00,-3.506505324076514829e-01,1.048383270439323889e+00,2.382774081684964074e+00,3.582962609019266331e+00,4.691414652413278930e+00,5.789881023916506386e+00,6.679028154278184637e+00,7.554094128545495224e+00,8.309204816502578694e+00,9.053461875516289226e+00
8.898162498328019865e+00,8.654253627040208841e+00,8.602359492342079861e+00,8.387141228158172979e+00,8.075114186904398750e+00,7.859605781656255452e+00,7.422720578219570875e+00,6.987851921227056451e+00,6.496523019441536206e+00,5.954097139555990736e+00,5.344941794038764016e+00,4.828878297674999764e+00,4.051519147450671987e+00,3.200706483213554776e+00,2.409799061309461976e+00,1.293915095089871237e+00,4.240005446732051375e-01,-8.522370475982044002e-01,-1.737379691003357429e+00,-2.339012729856269956e+00,-2.784676836872319594e+00,-2.954322878966612276e+00,-2.491479408830345577e+00,-1.397145888330521224e+00,-1.466004742494809721e-01,8.816158700152153527e-01,2.004226916935436975e+00,2.989537490568327627e+00,3.985330317201093653e+00,4.876658663008487160e+00,5.771794858510674864e+00,6.706940126876810737e+00,7.326967092507908674e+00,8.035990018765952314e+00,8.713755631191437701e+00
7.851906994376653515e+00,7.879554389922870605e+00,7.584184901438620230e+00,7.395802532025344433e+00,7.363390716731055718e+00,6.936603274946188336e+00,6.615238834961362890e+00,6.113476323870013829e+00,5.655874024217303564e+00,5.154448644544180169e+00,4.667868222387498989e+00,4.058006385684320705e+00,3.235271354509578146e+00,2.661694741881198034e+00,1.823985717552204511e+00,9.245026838174399408e-01,-2.772141911887497298e-02,-1.109678286257591573e+00,-2.113967205021756168e+00,-2.779061828746898222e+00,-3.033971814224646124e+00,-2.744882926022274017e+00,-1.908408350576924484e+00,-8.818778196134499092e-01,3.060220297163486758e-01,1.381465747106417119e+00,2.649526689733730844e+00,3.894644761897709806e+00,5.001492188988759580e+00,6.241291980014196383e+00,7.108220840347039271e+00,8.057958489982327777e+00,8.798009342193914506e+00,9.547056630126222743e+00,1.015234567497897977e+01
9.257034536069690844e+00,9.283826054121899318e+00,9.057887948052279370e+00,8.989452408636486425e+00,8.778085828134784663e+00,8.498116987563399505e+00,8.084487444601469619e+00,7.771438734366002521e+00,7.371160679644871649e+00,6.816876360280596181e+00,6.247539424348531156e+00,5.407213127126767382e+00,4.707274248682314699e+00,3.846906331167253779e+00,3.183497453808010302e+00,2.352639462914300150e+00,1.438977799424473014e+00,6.136618079830123973e-01,-3.673113923388542368e-01,-1.350225827590448846e+00,-2.107359443944204713e+00,-2.897367050077808592e+00,-3.015806036022712355e+00,-2.714879588610284333e+00,-1.955764783117523109e+00,-7.529584746064066358e-01,5.825126591678196908e-01,1.725832745987454286e+00,2.878714457240320712e+00,3.977552559126191323e+00,4.965793778513662105e+00,5.847209683356337173e+00,6.707365793373466722e+00,7.395950130897829489e+00,8.077559622622828783e+00
8.084472052912197171e+00,8.000367770106240783e+00,7.824237370556944349e+00,7.493855203129087705e+00,7.331254194899925913e+00,7.079665451917903418e+00,6.742285269696243866e+00,6.373419809637167255e+00,5.850273333292136613e+00,5.232728715125276153e+00,4.499731084162695183e+00,3.809455608874955601e+00,3.021813762102666168e+00,2.209329547409109473e+00,1.402153174145363668e+00,4.541076704173132583e-01,-6.786124284156409558e-01,-1.639866260697203426e+00,-2.354830274373623578e+00,-2.899769289598178812e+00,-2.900738527915679654e+00,-2.281103756627229195e+00,-1.197333028147640421e+00,-5.924274381409652679e-02,1.042318050053528067e+00,2.190268560679817345e+00,3.215708037791131790e+00,4.181546519444523824e+00,5.323411790096989726e+00,6.218423955265272696e+00,7.183649551162883284e+00,7.939550745113972852e+00,8.605959225281166525e+00,9.163110295316418075e+00,9.952449157514211109e+00
1.131201940610472079e+01,1.115418199054007253e+01,1.121255874672045927e+01,1.106726030906019176e+01,1.089395632655954316e+01,1.055859039816185430e+01,1.019322699512639652e+01,9.789306329972186305e+00,9.052893526894141729e+00,8.473597016589828002e+00,7.922319266132901383e+00,7.149527289267139096e+00,6.511639234211732408e+00,5.854200032224954775e+00,4.995417367310508894e+00,4.082031877487144911e+00,3.349046922438196461e+00,2.236183717189315967e+00,9.982741354395853195e-01,-3.177440065240958456e-01,-1.410469451149221953e+00,-2.449648049733022859e+00,-3.034821570147974157e+00,-3.411759379303675566e+00,-2.992617110607179054e+00,-2.089412638148964163e+00,-8.202653523546663550e-01,5.215876874278150277e-01,1.945528022808608926e+00,3.203911121903217030e+00,4.586846674740787222e+00,5.763153542601399337e+00,7.019138438841085126e+00,8.001461815343841266e+00,9.017535113448758466e+00
9.279533790247004532e+00,9.137699520615365500e+00,9.116901180456089548e+00,8.831008408121050479e+00,8.590976906980014149e+00,8.292903702585181946e+00,8.018621045137061643e+00,7.783672582832346087e+00,7.370028760733952744e+00,6.813798150123171915e+00,6.265168477305802952e+00,5.501118973920325672e+00,4.722701529826778710e+00,3.825851501687296263e+00,2.891965187553914518e+00,1.989464755708851618e+00,1.010011897432233186e+00,1.272643607556036005e-01,-7.146062577362803925e-01,-1.815532452830726617e+00,-2.767452179223269138e+00,-3.240743892230480316e+00,-3.264278184061596200e+00,-2.635512650510110078e+00,-1.333564176998488948e+00,-5.611748464018673221e-02,1.427393055317954795e+00,2.618742958349505212e+00,3.966633446513801786e+00,5.299343780522407066e+00,6.616063889548204457e+00,7.645197352928851053e+00,8.610991025266045540e+00,9.455705319677237597e+00,1.023804255948876651e+01
7.092960051265455590e+00,7.232372179606604945e+00,7.124880053706908356e+00,6.990034682935254651e+00,6.873604774641577819e+00,6.538921000193231414e+00,6.171767127190907587e+00,5.837044911125519597e+00,5.447755165068707939e+00,4.906998359689781708e+00,4.618761816455243085e+00,4.121008733816787561e+00,3.549805977069357077e+00,2.931998376878560020e+00,2.138256963241439657e+00,1.129093793064195550e+00,1.607799032103244263e-01,-7.076359815486934490e-01,-1.806113913793378600e+00,-2.632697083164108776e+00,-2.946118743086057368e+00,-2.733107538269175407e+00,-2.094031492912037606e+00,-1.075142729386230123e+00,1.044670790472508187e-01,1.377296805776683453e+00,2.346462429591900101e+00,3.331095119801021465e+00,4.170190568006500342e+00,5.127988161038436132e+00,5.940203997519985180e+00,6.909778713045593435e+00,7.525971734505041866e+00,8.014521411008930230e+00,8.482926263909714493e+00
9.387863480167172980e+00,9.188052941735888268e+00,9.180374522477471544e+00,9.106717380273090967e+00,8.868001848851449154e+00,8.609008147711277203e+00,8.249181861339776489e+00,7.907183118264343946e+00,7.621575362000593046e+00,7.035346315635695902e+00,6.371404282021391197e+00,5.687546478513699100e+00,5.056604576293287856e+00,4.458488090843352403e+00,3.757365361450048180e+00,2.803414690690411160e+00,1.881771046081853749e+00,7.698209782163534243e-01,-3.717200800539677830e-01,-1.545743172566609314e+00,-2.574992350104801098e+00,-3.176311249652154167e+00,-3.247781966466722015e+00,-2.659949574146871942e+00,-1.708145991890873905e+00,-3.882340063969011990e-01,1.031461822632836922e+00,2.345624239525108568e+00,3.525798206770589971e+00,4.721716202116978955e+00,5.750386019223576284e+00,6.902171731643485408e+00,7.827803647496181405e+00,8.728264489798938541e+00,9.338346644207168978e+00
8.419104475622646078e+00,8.129272582738030550e+00,7.979943458056919070e+00,7.988404387670463791e+00,7.893278302648423228e+00,7.374198247597204769e+00,6.938828225874307698e+00,6.570533850103700502e+00,6.167898081409496136e+00,5.488119236413622204e+00,4.883380681800690404e+00,4.170722999937792608e+00,3.390218620049771037e+00,2.453313770326231325e+00,1.379083314909993252e+00,3.105582442617033090e-01,-6.044255328647841763e-01,-1.657554025653458663e+00,-2.452490776147056906e+00,-2.622977142481814461e+00,-2.579623187505970972e+00,-2.327027331748914296e+00,-1.562059942836561799e+00,-1.735103104378978300e-01,9.984347119988939978e-01,2.242819334152716948e+00,3.274066308747329845e+00,4.109859421307113791e+00,5.176159083839484865e+00,5.824136303669159354e+00,6.589358702816527469e+00,7.247717056965952587e+00,7.694966473251221295e+00,8.341451686635066309e+00,8.927646416308057553e+00
8.208969043946899191e+00,7.942846075205123313e+00,7.881398014613327341e+00,7.664548493256394757e+00,7.379889970347750960e+00,7.244552362421177172e+00,6.849206685336512557e+00,6.372193692668038700e+00,5.976285794659846218e+00,5.436816904484505386e+00,4.802123658506865844e+00,4.148111244089937699e+00,3.351198397379202110e+00,2.460826088301002468e+00,1.567732214125976187e+00,6.027741655984443225e-01,-4.185248035107029252e-01,-1.520509671873786051e+00,-2.451176668197516673e+00,-2.922914946443849082e+00,-2.754742557620087684e+00,-2.326712616892361751e+00,-1.177856298146020997e+00,-1.465762033602164283e-01,9.143639221817393414e-01,1.955154033588621054e+00,2.910504068533224853e+00,3.637807945365481910e+00,4.600444574338440340e+00,5.510419671793109764e+00,6.182149215959217514e+00,6.748200556720628462e+00,7.355569297529604533e+00,7.791217236542719249e+00,8.167510914152677159e+00
7.591931703089507266e+00,7.379361072205742111e+00,7.301364876831829775e+00,7.229634284170387559e+00,7.018058782663265660e+00,6.701248767745009438e+00,6.150656219538479519e+00,5.636027949639829338e+00,5.096858466983329450e+00,4.512456855792388311e+00,3.786866896280173034e+00,3.126246247598272188e+00,2.260039698228554883e+00,1.339953794476899329e+00,4.268035304238070871e-01,-4.023590871204613117e-01,-1.453661151854024558e+00,-2.271342584584523649e+00,-2.835319820332976359e+00,-2.802602963070692788e+00,-2.386743008417318457e+00,-1.512893441456318433e+00,-4.357774509564974474e-01,6.153952410305701948e-01,1.760318716286063401e+00,2.854087059329281306e+00,3.945097401163567774e+00,4.911592885871488789e+00,5.993824047298721425e+00,6.734454601169052701e+00,7.478443812994901130e+00,8.204873624047698044e+00,8.846873540813051662e+00,9.459123092762808938e+00,9.969648212574433899e+00
9.257821741251605729e+00,9.076965036337238502e+00,8.732998796722190704e+00,8.549287423885063575e+00,8.386017103859071398e+00,7.972914398247104906e+00,7.501056082210781462e+00,7.093889432498532877e+00,6.781840547356360105e+00,6.313745669136264560e+00,5.501146662236142681e+00,4.760324740212807271e+00,3.927253246187951685e+00,3.218429326243410937e+00,2.270824765161781666e+00,1.337040958844514016e+00,2.719187434884111632e-01,-8.358717748978654605e-01,-1.792592489376716447e+00,-2.494873537413111020e+00,-3.050643527351800444e+00,-2.911786258527948590e+00,-2.506431649522192107e+00,-1.345256653535678248e+00,-1.626716421264421397e-01,9.366129155290054964e-01,2.098364756056873670e+00,3.323656071039077009e+00,4.223696144128989083e+00,5.263205706442061427e+00,6.416384656300397005e+00,7.354207856453302661e+00,8.117328244079468291e+00,8.934300744898052926e+00,9.731068432995439110e+00
9.565016963635954994e+00,9.441757413698869783e+00,9.347165958700269783e+00,9.218949972640865909e+00,8.966042351614040840e+00,8.751082587083562458e+00,8.415347443809162442e+00,8.069636820648748099e+00,7.585792431689927007e+00,6.942886600455901558e+00,6.415918515350695017e+00,5.871567214606255192e+00,5.131756288889925521e+00,4.160250656920185364e+00,3.286175408220990857e+00,2.283520359231643315e+00,1.300169511167525105e+00,2.392405827527674389e-01,-9.818708496564622079e-01,-1.906472306833508989e+00,-2.651044353643444040e+00,-2.924343226107315452e+00,-2.938589819728419261e+00,-2.427153463377455189e+00,-1.407086788706930047e+00,4.237586496297415795e-02,1.113545337792208212e+00,2.209509905784893924e+00,3.144667801420342190e+00,4.288584904676643994e+00,5.261895763450284313e+00,6.241549648771925973e+00,7.081090346872350949e+00,7.927554288289175410e+00,8.693539306693180535e+00
7.771064669055771645e+00,7.690570012301452429e+00,7.600405517675270062e+00,7.367422828219007513e+00,7.085898466424881192e+00,6.955783724930198808e+00,6.658494037371838203e+00,6.165247828623074078e+00,5.563062630130501063e+00,5.221899778826517569e+00,4.785926171635912496e+00,4.257961472532949543e+00,3.748470449189811760e+00,2.925314402418524029e+00,2.048241303077975584e+00,1.163016256569430862e+00,2.787048123899047991e-01,-8.177731471653060247e-01,-1.849599285344746491e+00,-2.448228097808120118e+00,-2.765854278276013378e+00,-2.372499873384791957e+00,-1.903331270633295880e+00,-1.229306072022153806e+00,-6.109336227090629567e-02,8.817146139794778126e-01,2.015160908403440754e+00,3.025705684263687356e+00,3.931228559416143131e+00,4.710801954506093736e+00,5.387460142510793304e+00,6.149554686588241559e+00,6.746976922121093345e+00,7.358022289408166827e+00,8.068618939295403081e+00
9.932433815956441592e+00,9.827544162627239288e+00,9.427275644620825901e+00,9.214571866686679158e+00,8.940006999413004252e+00,8.645193831265691742e+00,8.238202342023035030e+00,7.767578567224796338e+00,7.256172801818777884e+00,6.739257929069182751e+00,6.117262305949913603e+00,5.376200443917468874e+00,4.561367503188139771e+00,3.737352239656321906e+00,2.839201822833045341e+00,2.033858901735198899e+00,1.010872450154174595e+00,-1.520623333647140862e-01,-1.336550828510445932e+00,-2.332849200207541163e+00,-2.949744039579183408e+00,-3.317484333416751863e+00,-2.977686354811974745e+00,-2.082688380621581903e+00,-7.277423876761285326e-01,8.089425719636501588e-01,1.931360266791603886e+00,3.214934056419280317e+00,4.571401769734847242e+00,5.750839994229201224e+00,6.819841973510606614e+00,7.628862599874324246e+00,8.497535805410864285e+00,9.522187859111843622e+00,1.043064953446916299e+01
9.465944385815937778e+00,9.572949489300869530e+00,9.350756702626602745e+00,9.237813299030214864e+00,9.033035045800755114e+00,8.795737597280952613e+00,8.379736760433761589e+00,7.920733970097081134e+00,7.497662890290518689e+00,6.920428080857952580e+00,6.469130648586872923e+00,5.915288757452129786e+00,5.046722405865346595e+00,4.213712952271468026e+00,3.380619587012039684e+00,2.495832957572510669e+00,1.460677891679692086e+00,3.344712748892200160e-01,-8.065938058228593333e-01,-1.775960660294528815e+00,-2.456664037668142342e+00,-2.738321739071110539e+00,-2.627980331478029896e+00,-2.129170495665249074e+00,-1.162586285821645582e+00,-1.378282186082473715e-01,9.863888762829484680e-01,2.019435493129855264e+00,3.047703258481205602e+00,4.023236491291042327e+00,5.011765110402839341e+00,5.779941384096011880e+00,6.441488328115922535e+00,7.127271521128626830e+00,7.665210571563162212e+00
7.561322877056023017e+00,7.446420173840879286e+00,7.391583996629123021e+00,7.049357010239229560e+00,6.812426007932486982e+00,6.454923233362905854e+00,6.181943404496756500e+00,5.661064762932603855e+00,5.245649789291205956e+00,4.705827112765375020e+00,3.910457573098193418e+00,3.170960818364195521e+00,2.211012306058742105e+00,1.341793814640164006e+00,3.888131409571256025e-01,-6.485419527550613239e-01,-1.468231976411227713e+00,-2.251604254366210700e+00,-2.717310587434591085e+00,-2.576026025314520407e+00,-2.464456088419298307e+00,-1.655656405789244223e+00,-7.036318177040112865e-01,5.506559330760939508e-01,1.734035679425432797e+00,2.570066628501239236e+00,3.720830300704847104e+00,4.797016153879718914e+00,5.843440303245745149e+00,6.753240415892800108e+00,7.559565103048911716e+00,8.333670903501619875e+00,8.975696228674996391e+00,9.478397681327708213e+00,1.006598283239849501e+01
8.888105812976480280e+00,8.980580929080248964e+00,8.710877895886898870e+00,8.559197558715116116e+00,8.328162635202945197e+00,8.039263908123883695e+00,7.563113015775446257e+00,7.117811007745167728e+00,6.559071633876822460e+00,6.175956788491988370e+00,5.499729695278803732e+00,4.720229176804394022e+00,3.976065370143797573e+00,2.958576992844412779e+00,1.862285965252048925e+00,8.103859040963454774e-01,-2.993293142994911671e-01,-1.468782520478011611e+00,-2.367210612411915882e+00,-2.979493003527677430e+00,-2.921635920662666752e+00,-2.513857696954788334e+00,-1.454965774543071966e+00,-5.283535722256383904e-01,7.424409100533110317e-01,1.928500428575666836e+00,2.913759696069270433e+00,3.945731316323584537e+00,5.064299635505329356e+00,5.961439612748851147e+00,6.747304211784243222e+00,7.528659262173419187e+00,8.287011739204409366e+00,9.010857307785723691e+00,9.655670839403555306e+00
9.213203755264714800e+00,9.211625060768465545e+00,9.047466873822450850e+00,8.924352721699760238e+00,8.678110672895027022e+00,8.315865510124686111e+00,8.016797967941467817e+00,7.594080261062683412e+00,7.125389220184995764e+00,6.728532629846290192e+00,6.107693120148019794e+00,5.374006354755988646e+00,4.712923875039271238e+00,3.839247878042604700e+00,2.936096553154122546e+00,2.119362503782065144e+00,1.082112992152734376e+00,4.004848370036679511e-02,-1.026776580822481799e+00,-2.037029114431203602e+00,-2.688239075659744515e+00,-2.901944608504491985e+00,-2.751545485630507937e+00,-2.170630044055656072e+00,-1.223789609028842484e+00,1.015159798517178968e-01,1.313406495974611454e+00,2.295346863344638777e+00,3.365682638474737143e+00,4.346104723231383637e+00,5.230791783831594266e+00,6.120602972689213495e+00,6.824770508429859994e+00,7.651723277355609198e+00,8.357411784844085645e+00
1.005981100825049346e+01,9.921774942837775058e+00,9.636695678855856428e+00,9.558345385662704530e+00,9.205529632505555782e+00,8.829758152563309537e+00,8.382424450554557538e+00,8.094884510054638938e+00,7.376738956194966335e+00,6.699065216374825660e+00,6.058422322624529954e+00,5.230481353246460685e+00,4.360797262661675333e+00,3.631699916768774905e+00,2.629960075543113618e+00,1.432287078494750121e+00,4.769251999869655312e-01,-7.380625767626065592e-01,-1.657091999658734549e+00,-2.548348179459946294e+00,-2.958998444249711479e+00,-2.909436773418661470e+00,-2.549336049758362588e+00,-1.497795823083780675e+00,-4.876421609316816674e-01,7.248481521365219837e-01,1.885022711244686677e+00,3.041883957825597395e+00,4.141069914117894157e+00,5.216691022198157057e+00,6.143013299201871114e+00,7.002981021490017000e+00,7.935189850446874971e+00,8.737430723447488390e+00,9.470434563818722395e+00
9.057499195134116832e+00,9.036275734988308272e+00,8.991574210264152711e+00,8.776073480564807738e+00,8.466955884656913511e+00,8.311169437781376956e+00,7.972834262346695233e+00,7.631568464109331096e+00,7.087843793707328643e+00,6.687566865567696972e+00,5.946202044381710294e+00,5.354915795713673710e+00,4.549904566310128295e+00,3.826368923244837905e+00,2.865589551083168374e+00,2.045137341372034179e+00,1.285857686613106177e+00,1.094164767554776374e-01,-9.651423185173251262e-01,-2.122427850979068609e+00,-2.905622424016964800e+00,-3.066793170081617337e+00,-2.900127414159511474e+00,-2.103589228824143120e+00,-7.886813895538948849e-01,5.254155121074075563e-01,1.835726785800249949e+00,2.815894424925390549e+00,3.905024521039989871e+00,4.840229955300885401e+00,5.905883880051058021e+00,6.885900807604481422e+00,7.831583032941745515e+00,8.641317602131483255e+00,9.441544390098270512e+00
8.961614589394093500e+00,8.944939005360351914e+00,8.988544169860924526e+00,8.880266645147964155e+00,8.727740570295704714e+00,8.509089491950989625e+00,8.086553046735751593e+00,7.822728315804516441e+00,7.362888944075248077e+00,6.707098994911549816e+00,6.011464355363991707e+00,5.691556493272149631e+00,4.759044461189436248e+00,4.032344821538916158e+00,3.200359910462635682e+00,2.135037287143100926e+00,1.413175720204344676e+00,3.608390318486718873e-01,-5.947295545044696263e-01,-1.673239358340601113e+00,-2.627259922620213572e+00,-3.177144397598083980e+00,-3.203180223900385482e+00,-2.789312846485829667e+00,-1.875678283724120821e+00,-5.415920613545565088e-01,1.038632004394275166e+00,2.501381565972493615e+00,3.907507299164485026e+00,5.205020807808532268e+00,6.224522276771165430e+00,7.537703465313501994e+00,8.679619124244537076e+00,9.702959081771721728e+00,1.077004246760675876e+01
8.324471499482276826e+00,8.340824711483145748e+00,8.029219469573231294e+00,7.930042336584360640e+00,7.721609463489316205e+00,7.373625127944545277e+00,6.978867918335614817e+00,6.533628833959023829e+00,6.013649701735320541e+00,5.356717427110774032e+00,4.780022232258620996e+00,4.177089556742327403e+00,3.423327081284305073e+00,2.676549934830837696e+00,1.945142460014539942e+00,1.086353058504492042e+00,2.023739457367716710e-01,-7.784849368294370908e-01,-1.706452402655041167e+00,-2.704108170700564084e+00,-3.100624543644989295e+00,-3.104250014683477499e+00,-2.596701823510896734e+00,-1.428289346916553404e+00,-2.813673667796205979e-01,1.082100322275976634e+00,2.478783833477832932e+00,3.710391581887868995e+00,4.757460951037513652e+00,5.871651874876416599e+00,7.054616438803997802e+00,8.160702288983546993e+00,9.103637714107801315e+00,9.997713260368477961e+00,1.082066685821181728e+01
9.323151066069602422e+00,9.397915439532784632e+00,9.463195376839969697e+00,9.169674975820589324e+00,8.901318918157102189e+00,8.617377169991542019e+00,8.178895020819160422e+00,7.763636698761070321e+00,7.327371889549825212e+00,6.686357444858110455e+00,6.143307819866494768e+00,5.487879165495439082e+00,4.751228854135602475e+00,4.010352368794253053e+00,3.111104186342429134e+00,2.282532081017902392e+00,1.432955928269885382e+00,2.896589181695474191e-01,-7.699600532690060728e-01,-1.776857835309774813e+00,-2.781622403215253225e+00,-3.291051424228435884e+00,-3.163491520881821284e+00,-2.510468983235766949e+00,-1.347756155114242516e+00,7.151458127308775448e-02,1.496907968880251794e+00,2.767920364323809945e+00,3.723475160840286957e+00,4.779276400280308756e+00,5.758219453599905613e+00,6.703568110198329322e+00,7.813255499206918309e+00,8.648628290697258691e+00,9.145483183619637302e+00
9.535658774647213676e+00,9.663524071237942437e+00,9.530585349811284246e+00,9.274398537110432272e+00,9.038329000689250492e+00,8.528306422303808532e+00,8.160528541175086303e+00,7.738262332781642883e+00,7.257651977046248426e+00,6.733323243072917741e+00,6.169978929472201834e+00,5.456269115433153516e+00,4.706852202013513953e+00,3.984893434048158767e+00,3.262013953492761242e+00,2.428049664926061002e+00,1.573251564193590912e+00,3.539344884171178873e-01,-8.461542564294639579e-01,-1.817175626547460787e+00,-2.591396834793296744e+00,-3.066135859247610451e+00,-2.962902858456367916e+00,-2.389921721039365732e+00,-1.278350642022743289e+00,-1.449333027460690260e-01,1.316863644319918647e+00,2.401955717310630067e+00,3.457024054867019025e+00,4.514261666239335113e+00,5.635906102733781786e+00,6.552623437072563561e+00,7.346284660005526490e+00,8.314041251139167699e+00,9.225777398296937548e+00
9.778355447416416268e+00,9.581014877392924234e+00,9.338448137745801958e+00,9.117582884357213757e+00,8.860307416944330328e+00,8.502857704534566352e+00,8.000152305762384231e+00,7.472002228515514766e+00,6.819600708430217040e+00,6.123721961188224761e+00,5.549179497165591890e+00,4.732423761389144445e+00,3.874159292192659088e+00,2.948667924384277494e+00,2.076228696846818877e+00,1.094442169314155944e+00,1.481385414876670026e-01,-1.138805498688426621e+00,-2.001160275715438086e+00,-2.477371989840996935e+00,-2.724665496053805924e+00,-2.560397846179557568e+00,-1.928868119980414297e+00,-1.098440236388916524e+00,1.257968397401139915e-01,1.081789269396395081e+00,2.065786248626559907e+00,3.077555511180031900e+00,3.819251317539269941e+00,4.731262573193818710e+00,5.560555365326371735e+00,6.299765792136010845e+00,6.953655188394646913e+00,7.594657731362405961e+00,8.181576690494802406e+00
6.682756696330033108e+00,6.510233442135296755e+00,6.465891698645520158e+00,6.290664304642661797e+00,5.980643303760468044e+00,5.649452880516749431e+00,5.036724726628865056e+00,4.459216614214286167e+00,4.125478984469846289e+00,3.707905939374491311e+00,3.039762989328973930e+00,2.381287528426981215e+00,1.675503945041308729e+00,7.104595350829704392e-01,-1.344504061006217555e-01,-9.657756650871924808e-01,-1.955821327134172671e+00,-2.651209924496785053e+00,-2.883382913900543798e+00,-2.444487855010468280e+00,-1.679798304639593454e+00,-5.341991625648663256e-01,7.531829597219095174e-01,1.939706826510066984e+00,2.940864752719531960e+00,3.736365922915029891e+00,4.628943558605139508e+00,5.466639332708681742e+00,6.106031890125446893e+00,6.610839762262090247e+00,7.134007088416905340e+00,7.579672752455977047e+00,7.963088706600331079e+00,8.577365192186075404e+00,9.022769943735379883e+00
8.082287175199583729e+00,8.148814894446328339e+00,8.098501891638477446e+00,7.847125445256986964e+00,7.677126774732918157e+00,7.438893858267004333e+00,7.156968289198021083e+00,6.744512273807250935e+00,6.204063477686935890e+00,5.639960048100826739e+00,5.002946768599641381e+00,4.490011333465254495e+00,3.591102441574769877e+00,2.749856048500670891e+00,1.818016357498080326e+00,8.054198127706522214e-01,-1.317048744229907253e-01,-1.164607061123182241e+00,-2.104760630040479974e+00,-2.711491978563533856e+00,-2.888007172930493471e+00,-2.618742045763493120e+00,-1.685228070460311534e+00,-5.765662772672385250e-01,4.903375496462346050e-01,1.487612039418262144e+00,2.477892039199665497e+00,3.557315687021751494e+00,4.480816751011357901e+00,5.160179759159400525e+00,5.810718500493190497e+00,6.457669140114538742e+00,6.915333337118623191e+00,7.341877478464711615e+00,8.002534525105390983e+00
8.890227332688267481e+00,8.771553253523602933e+00,8.743983552374334778e+00,8.502175891854740541e+00,8.197851494903776626e+00,7.917934952851122254e+00,7.541479242779046466e+00,7.092418961331926397e+00,6.555958644963766346e+00,5.988107769837347938e+00,5.407783347370442861e+00,4.757688683615818981e+00,4.040557631478783662e+00,3.179848015166702346e+00,2.416138941611753577e+00,1.488470079369258903e+00,4.358807219149251067e-01,-7.387480062453519736e-01,-1.797428939740521869e+00,-2.501961717453976775e+00,-2.864012970401677016e+00,-2.698676639477200823e+00,-1.960166952697697917e+00,-1.003244416516140713e+00,-1.185174564068863790e-01,7.893419732882583917e-01,1.684486400989472665e+00,2.553894534189960375e+00,3.417089159848132329e+00,4.245052196686978974e+00,4.948778457942066389e+00,5.717336759811285418e+00,6.288508857540876740e+00,6.965613624045674968e+00,7.469946046661476657e+00
1.019501803745145629e+01,1.040115877981820702e+01,1.013126346484152229e+01,9.857509608472678764e+00,9.598887800170659901e+00,9.381844845493649387e+00,9.036903282492140477e+00,8.546293296251967320e+00,8.044940533541442562e+00,7.453438845576982885e+00,6.889992226125269958e+00,6.234047960569380820e+00,5.561118212898861657e+00,4.841491855967904989e+00,4.150278973354917689e+00,3.277571362113625764e+00,2.227148704965840054e+00,1.046515350184683557e+00,2.528184686700352124e-04,-1.240378608060167309e+00,-2.401093403412925209e+00,-3.369088458571553701e+00,-3.486252024725129850e+00,-3.021832553833009083e+00,-1.997770176920459440e+00,-6.838184970734336732e-01,8.501930280568446019e-01,2.177252498840935413e+00,3.641401102774946441e+00,4.937546677908740911e+00,6.293193977313327636e+00,7.428098643914558430e+00,8.369414208597497407e+00,9.396516795705121439e+00,1.046285700646518180e+01
7.229815838369132663e+00,7.376955496268083223e+00,7.262138571316692826e+00,7.045810098948689593e+00,6.852815925117251794e+00,6.481974356817814531e+00,5.966218433024651269e+00,5.348390429033375248e+00,4.882254358638933311e+00,4.150900529381505777e+00,3.504399081910229974e+00,2.856836773473131252e+00,1.961730047149891965e+00,1.087745380941810724e+00,2.374504970894696365e-01,-6.139542248787375200e-01,-1.568496508258832245e+00,-2.355611882298513926e+00,-2.915161408592879422e+00,-2.899687646129629481e+00,-2.283772853619238319e+00,-1.255411450937729212e+00,-3.760214344170713374e-02,1.261682193751124670e+00,2.516755719698200888e+00,3.380276248134570505e+00,4.458211534231709017e+00,5.376402527912833129e+00,6.167863359006340751e+00,7.056458967150454953e+00,7.685239074671972759e+00,8.500292483318213854e+00,9.263310064268651445e+00,9.779633850082587898e+00,1.012866126763564623e+01
9.316763954786729585e+00,9.186229518868298527e+00,9.003182460466847559e+00,8.820183382020291063e+00,8.403206754850730320e+00,8.018285518353133412e+00,7.534354138133807943e+00,7.065945195018526803e+00,6.475920343789369760e+00,6.028824130708376750e+00,5.387858467178594069e+00,4.570923614105730337e+00,3.752571271603731606e+00,2.701740647533183548e+00,1.905301535145119907e+00,1.034576859331491905e+00,-5.503159659544533400e-02,-1.191195656539642211e+00,-2.284659440606489067e+00,-3.192571087137304531e+00,-3.508234190208372905e+00,-3.157891267680502878e+00,-2.287462792664844091e+00,-9.085323607307156379e-01,7.117853624370331644e-01,2.197093681778324648e+00,3.507987777188575684e+00,4.735695052847431974e+00,5.984618935212363766e+00,7.133641865094804579e+00,8.335416894736097149e+00,9.307421889834138540e+00,1.028901650701033255e+01,1.106906626646537539e+01,1.202267230928264041e+01
7.947573089222732534e+00,7.975659235379983336e+00,7.885968275611241474e+00,7.753195253269675291e+00,7.607455735377495643e+00,7.160134772492495081e+00,6.596371352814071720e+00,6.044525533132921069e+00,5.614448194094611821e+00,5.086342168689680143e+00,4.261292983264400647e+00,3.512624603521888211e+00,2.583497170438278534e+00,1.767305405804967533e+00,1.056125731713737137e+00,9.134004233503498216e-02,-9.280987450257826010e-01,-1.702227595100967772e+00,-2.284057459438219251e+00,-2.701921092129098589e+00,-2.639764045354927813e+00,-2.117012737869186090e+00,-1.209294879864996064e+00,-3.068434460444750822e-02,1.112933425745506355e+00,2.118208477309088344e+00,3.109233525291049460e+00,3.934240330623175907e+00,4.708156774683166290e+00,5.517847133085960643e+00,6.016009142051236047e+00,6.507181971829289147e+00,7.150217080842810269e+00,7.807945025820877127e+00,8.292921869506098886e+00
1.090367022042734391e+01,1.089108421425795648e+01,1.081257769306811589e+01,1.051031973441681266e+01,1.020115713919316036e+01,9.809510596357810641e+00,9.519822482717604117e+00,9.186118634519642612e+00,8.806197071351324013e+00,8.295870657902597145e+00,7.743519150630906900e+00,6.893642875530646030e+00,6.208172163598826288e+00,5.322284711289173131e+00,4.565522631162569844e+00,3.617049439832834334e+00,2.599273256304473811e+00,1.395065291426012655e+00,2.884306204027252685e-01,-1.153283567076505145e+00,-2.290532448634852614e+00,-3.107679207013545941e+00,-3.388998572782696339e+00,-3.273303101107845059e+00,-2.556279518534780415e+00,-1.390459582514810055e+00,-4.519177585628547655e-02,1.307656689975123410e+00,2.860707512493229743e+00,4.313458076057790969e+00,5.827635038186842031e+00,7.177500237206631439e+00,8.366986106985214278e+00,9.588726249360231435e+00,1.080092805302948200e+01
7.356640843472536773e+00,7.293699125292593344e+00,7.166327639597872334e+00,6.768630242128622854e+00,6.649659689487077863e+00,6.482022312954158316e+00,6.068879283677810044e+00,5.602508597412580116e+00,4.974136576129284393e+00,4.426636391123863312e+00,3.764375861932047762e+00,2.974093100623429464e+00,2.110059371115547311e+00,1.288628017075986731e+00,4.088939162286874818e-01,-8.162651578742367020e-01,-1.897558043908293524e+00,-2.361433263842861230e+00,-2.568806745173494832e+00,-2.450390714382315149e+00,-2.067469209558567833e+00,-1.281938887483147882e+00,1.142577996752286440e-02,9.711494549338147708e-01,2.080929269351856181e+00,3.073169167042122840e+00,3.904868925696394655e+00,4.726668945352987095e+00,5.565629542032962895e+00,6.205256554768965316e+00,6.739481515395345568e+00,7.213945149050142724e+00,7.594896677177799482e+00,8.028032413196680039e+00,8.444655382044551573e+00
1.110011920490807569e+01,1.106926853792115750e+01,1.095430575806074458e+01,1.081568993215809016e+01,1.057666040413158370e+01,1.031398631223227369e+01,1.000501596841266405e+01,9.609097500785100721e+00,9.226750709157098385e+00,8.842394942595182883e+00,8.281519078140201273e+00,7.590434167469779503e+00,7.005479730717161679e+00,6.052968662402713917e+00,5.252699041742501684e+00,4.613899100427466315e+00,3.485699559364405786e+00,2.606615043247916930e+00,1.423112542674671799e+00,2.128886567907030680e-01,-1.198480268003763394e+00,-2.308274801857412406e+00,-3.113072009974806154e+00,-3.466756447770179772e+00,-3.030247017105195617e+00,-2.134631114625391568e+00,-7.922689352553676789e-01,8.250800981503988440e-01,2.246484251080997474e+00,3.501888621180886396e+00,4.705454174250335520e+00,5.735775657114692727e+00,6.665088846681880064e+00,7.824267935185915235e+00,8.931892331364267079e+00
9.469123169400555540e+00,9.289921113635454475e+00,9.216911854154805184e+00,9.005371911864674672e+00,8.855798867060018509e+00,8.461163247570468116e+00,8.139332244334349653e+00,7.740086489088876753e+00,6.991425674747270058e+00,6.552929239640395309e+00,6.042542257585590271e+00,5.485547423523409627e+00,4.652982476650048937e+00,3.878246444899377199e+00,2.902167880980142556e+00,2.109050175916537206e+00,9.870849477519458848e-01,2.735067688463185820e-02,-1.048787680732152561e+00,-2.189984693068542043e+00,-2.946605495724455182e+00,-3.200884702389479752e+00,-2.856562652633661159e+00,-2.323516352642711169e+00,-1.173175442667770518e+00,2.072697121989193758e-01,1.530178252383291859e+00,2.559066602530205348e+00,3.764820164350112464e+00,4.885435715254706324e+00,5.689366175970072881e+00,6.628277424199469969e+00,7.626009078911899941e+00,8.313591130638846138e+00,9.031896931882641866e+00
9.804839867164233169e+00,9.753084114120017745e+00,9.663817199956858062e+00,9.607270684881273226e+00,9.337428913983826462e+00,8.845008574051126615e+00,8.514303169639083180e+00,8.194154502087512171e+00,7.580493924632757619e+00,7.078397610416685914e+00,6.625356258006338983e+00,5.953315016536076421e+00,5.181608174087042329e+00,4.428502262439470982e+00,3.743929974252914850e+00,2.776486056002680058e+00,1.789045706288767468e+00,7.340268800498792601e-01,-5.029501451319565719e-01,-1.439108871853901794e+00,-2.417534956487979336e+00,-2.873372283976754815e+00,-2.988888551924282933e+00,-2.626337588665679235e+00,-1.721445390866384928e+00,-5.836777511958510800e-01,7.252159957255195355e-01,1.836402327869258277e+00,2.797828300117229716e+00,3.813153049949025153e+00,4.817818597488961352e+00,5.733658699720064256e+00,6.397822672135164090e+00,6.963235208895098616e+00,7.790413627529322760e+00
7.824268075236613385e+00,7.754952048954844024e+00,7.699570197851746123e+00,7.310474464686367746e+00,7.237927202052491182e+00,6.944057388796522012e+00,6.556552908282636594e+00,6.106363604989724081e+00,5.718814218245388048e+00,5.038673132129063426e+00,4.355882326396087301e+00,3.599467784229924749e+00,2.861816449113218308e+00,2.032194616772282192e+00,1.109257493443346343e+00,2.141085985092924526e-01,-8.357949646465220317e-01,-1.994405431813666807e+00,-2.685181853663910712e+00,-3.004788811484978783e+00,-2.843342615517568284e+00,-2.102565568272608765e+00,-9.004028488579477463e-01,2.499195936201040746e-01,1.382662063932038166e+00,2.588956807169144891e+00,3.696081023113581221e+00,4.786157381936544830e+00,5.888104985761384746e+00,7.012809809561931118e+00,7.924232944674239221e+00,8.812033879554448390e+00,9.516804488481156454e+00,1.011073868718654367e+01,1.079554574395736921e+01
9.917357539282653178e+00,9.890477775758499845e+00,9.678328877649409634e+00,9.450572721278147625e+00,9.041407120017076693e+00,8.771107205833741816e+00,8.583119336196752158e+00,7.981992358083645378e+00,7.520876341398648357e+00,7.029914798967848100e+00,6.382942639141989005e+00,5.656894272280313274e+00,5.049959160010098813e+00,4.283566073410677966e+00,3.575971792132750959e+00,2.748095544448485583e+00,1.791701508734541148e+00,8.784369170761833212e-01,-2.515927648163748809e-01,-1.378966021008613207e+00,-2.400544240045301869e+00,-2.811571676949812915e+00,-3.030753149243913480e+00,-2.810751120599908504e+00,-2.196218193097810190e+00,-8.430653254446306422e-01,4.911952748889142351e-01,1.887140014694805412e+00,3.073244061526527737e+00,4.219953683816229706e+00,5.352167880997369842e+00,6.450450743365498951e+00,7.435091785915499685e+00,8.359961676092344973e+00,9.156004242394224946e+00
7.985305475307431067e+00,7.758907425505771727e+00,7.713936366644897902e+00,7.574283981630462570e+00,7.164028049781155261e+00,7.079833302111644855e+00,6.641467119104798478e+00,6.224812393426470081e+00,5.615764453824631630e+00,4.984311361520017414e+00,4.320528011166887339e+00,3.752805112195066961e+00,3.085776899597888256e+00,2.293792157820870870e+00,1.406698891936017715e+00,4.894901355732897419e-01,-5.292497420980623035e-01,-1.460214196765903027e+00,-2.394323986927399339e+00,-2.994545520093514490e+00,-2.994578723673850362e+00,-2.554082962232202547e+00,-1.516218792797274784e+00,-4.852327047284791250e-01,7.875076374405642898e-01,2.072517838150151004e+00,3.364210469240109358e+00,4.509311642858854441e+00,5.669952096961742072e+00,6.816896465841728592e+00,7.811531417244774289e+00,8.784741893432908455e+00,9.607469044765108990e+00,1.048617517637877761e+01,1.110989175185782507e+01
9.053786078550102090e+00,9.110152877294460438e+00,9.123888932716704758e+00,8.857317934754114219e+00,8.520221171030547325e+00,8.362018370021202074e+00,7.861714990540955128e+00,7.689261739949001750e+00,7.343466864861828647e+00,6.817970185832563423e+00,6.313283719778103986e+00,5.553290138639974671e+00,4.735802268095414824e+00,3.814653194187620056e+00,2.765348034366798657e+00,1.712735644720238426e+00,7.288524809788905490e-01,-4.297475605853312008e-01,-1.529213334739006891e+00,-2.682674096181938417e+00,-3.319718828008737077e+00,-3.328940035978597223e+00,-2.797332242174022543e+00,-1.764426486643669412e+00,-2.265960566025153333e-01,1.059538659456340959e+00,2.470402023213076781e+00,3.768982766589661804e+00,4.876193100880578335e+00,5.902559679650985380e+00,7.051577292319504586e+00,8.041295579571880126e+00,9.058343103475268165e+00,9.952120371803250265e+00,1.063333637444759638e+01
8.481822909190402271e+00,8.366784601616787498e+00,8.297931858766059321e+00,8.035303265493524805e+00,7.810207083799297401e+00,7.368889751495482976e+00,6.886658888344353358e+00,6.373213304506471388e+00,6.005440845747050282e+00,5.355567954657082019e+00,4.844134204314270775e+00,4.211943099226593823e+00,3.498199182084379188e+00,2.779571101598905969e+00,1.870736568239755426e+00,9.267789564590451779e-01,-5.544197700430202047e-02,-1.151408704120017390e+00,-2.303806021319458441e+00,-2.907072097330255289e+00,-3.043154399128724208e+00,-2.722325237719366520e+00,-1.736902973171963183e+00,-6.798673740930237797e-01,5.113904130303764672e-01,1.700328559377348503e+00,2.584876070746477073e+00,3.551194035001874916e+00,4.409422788213760214e+00,5.224934794438879315e+00,6.167411372900670763e+00,6.919783736667535656e+00,7.537989525966930060e+00,8.336427032295134154e+00,8.886582776567774289e+00
7.771916894999961301e+00,7.728752757692011421e+00,7.638409718235974921e+00,7.388993563769154171e+00,7.085718337599439032e+00,6.787696890652349602e+00,6.537017591368462277e+00,6.011900640721793643e+00,5.399022955830060866e+00,4.935613332265850417e+00,4.392050798207957740e+00,3.538862463727044716e+00,2.719164375815477985e+00,1.927987803593714133e+00,1.053758599977286714e+00,1.945394019259756857e-01,-6.372707180025891649e-01,-1.470828147638615357e+00,-2.333451056869910722e+00,-2.813619278593345374e+00,-2.856239784299791307e+00,-2.396156859346735946e+00,-1.493725506786565571e+00,-3.237333095235413460e-01,8.860264940782793808e-01,1.940546193578113199e+00,3.099176731542057084e+00,4.044703750957683752e+00,4.895365863346914814e+00,5.865156251542454235e+00,6.757891212393268177e+00,7.477969951270141635e+00,8.144766329167687502e+00,8.598604009251090474e+00,9.118422431195106981e+00
8.377580781087676343e+00,8.427640902823215541e+00,8.350388603443031244e+00,8.094600545763141142e+00,7.809502055723793745e+00,7.397465183008079315e+00,7.205473839629520150e+00,6.824883252904943021e+00,6.249584913507027828e+00,5.639549842065444629e+00,4.991283707386273250e+00,4.398046559162081870e+00,3.636535435360580770e+00,2.665860765316795167e+00,1.691999897699401290e+00,5.876502516398520726e-01,-5.017775303724121283e-01,-1.531325645390081203e+00,-2.361037493297002854e+00,-2.705763023878003271e+00,-2.975248068560161663e+00,-2.589735801432059947e+00,-1.713474552929311834e+00,-3.940121692579493518e-01,8.961334486599102922e-01,2.172402645028405743e+00,3.192548976595069199e+00,4.054650781311295304e+00,5.002653841887117814e+00,5.694542747678364769e+00,6.581452959149839188e+00,7.455679498172115949e+00,8.443578865106257325e+00,9.081525606779649706e+00,9.797108400419803687e+00
9.133754779792111478e+00,9.172994905389954212e+00,9.024692768891325656e+00,8.920097106302064205e+00,8.784252302085883812e+00,8.619757419399803666e+00,8.251748426600382658e+00,7.711272252073236189e+00,7.174303951935907087e+00,6.680053995461737060e+00,6.165805879076035723e+00,5.398005032817295046e+00,4.590188577777105650e+00,3.629364946181897089e+00,2.989211224450210924e+00,2.288293758904392128e+00,1.433260815331055760e+00,2.867320877447233629e-01,-8.023741284277841057e-01,-1.766563955234429217e+00,-2.779606782709226565e+00,-3.155495225743377041e+00,-3.047339294827596579e+00,-2.496072713405847132e+00,-1.476945230557290767e+00,-2.443130137974579841e-01,1.106011339983521191e+00,2.354082198289363159e+00,3.610622227656089311e+00,4.931189688936825632e+00,5.951487758111493775e+00,6.885396745004056740e+00,7.852861876595111035e+00,8.760660696041409068e+00,9.541418580467434296e+00
7.481957760315132155e+00,7.529276313626441564e+00,7.505322787966761666e+00,7.165906907007745907e+00,6.836389340926945835e+00,6.490826251711672157e+00,6.012781921622832648e+00,5.636019310681316341e+00,5.157189399284753506e+00,4.398598782932898743e+00,3.756611348600249478e+00,2.920041112031844133e+00,2.176584005602802740e+00,1.504425327937842338e+00,6.071200185615748257e-01,-3.770272856527155936e-01,-1.301729027822813078e+00,-2.268902310670104949e+00,-2.910928918196241888e+00,-3.080562118895048496e+00,-2.687772671832922455e+00,-1.653693417799982024e+00,-4.155480479951160766e-01,8.811610686917213942e-01,2.213460537260120820e+00,3.550699442164510167e+00,4.678293283938883995e+00,5.688004503314527227e+00,6.610046625612815419e+00,7.445182332255613211e+00,8.339887660940608072e+00,9.117826961141478392e+00,9.957105709294111762e+00,1.054737403154698683e+01,1.118429848147601113e+01
9.235307924928289225e+00,9.280039073843804331e+00,9.200297937725840924e+00,8.929397481884814525e+00,8.520879463677385246e+00,8.151567455820378783e+00,7.772565669187420312e+00,7.198280627844983570e+00,6.655127034829163790e+00,6.027322553215975987e+00,5.553122350132767338e+00,4.693978490404182580e+00,3.860720695692248849e+00,2.919157809588198038e+00,1.938342999142590006e+00,9.146474593391776819e-01,-1.546604821471744551e-01,-1.244914513095259245e+00,-2.302869516220606982e+00,-3.075532368213699907e+00,-3.243654813907656642e+00,-2.849260345706919662e+00,-2.083982008290637289e+00,-9.388178489468734789e-01,5.886817923239402450e-01,1.907159849239671967e+00,3.198909300018260904e+00,4.350059809550081980e+00,5.513105691676180697e+00,6.542732381688638021e+00,7.559790714255155919e+00,8.476346964989424748e+00,9.405048762817271424e+00,1.012294649620548093e+01,1.086624910552970746e+01
9.593464006185190129e+00,9.521791748086014806e+00,9.402340170136499253e+00,9.217204268550270641e+00,8.927697164988709133e+00,8.525009914670850009e+00,8.244146162452478777e+00,7.770266841327607921e+00,7.456347964392960215e+00,6.808138615148367379e+00,6.147464591155180180e+00,5.299290295462800948e+00,4.517743893917919529e+00,3.683110561640830394e+00,2.704099609347293764e+00,1.779070031556597709e+00,8.122868706065909938e-01,-3.417967066239605556e-01,-1.449406231406676904e+00,-2.475605295429436303e+00,-3.097183233943001657e+00,-3.122704447246891668e+00,-2.638800155033106609e+00,-1.831900678370817825e+00,-6.297597137034930403e-01,7.513917819165495393e-01,2.069646414096236509e+00,3.419340300863852988e+00,4.556613481164738744e+00,5.582999436303815344e+00,6.823097248968385209e+00,7.725276562043661421e+00,8.896889050281259870e+00,9.712143651047201232e+00,1.056722982248339626e+01
9.181279980650202788e+00,8.956039361937561338e+00,8.749969025309351167e+00,8.582470043237512058e+00,8.320489032156377363e+00,8.069653195342540997e+00,7.709557496359724205e+00,7.267518302296883448e+00,6.749705720643714990e+00,6.262159529732744367e+00,5.616837211776527283e+00,4.928794841329495746e+00,4.144509826948147513e+00,3.321512002640389039e+00,2.618659161724066209e+00,1.717735157989001893e+00,7.278347682664765284e-01,-3.379907069605406211e-01,-1.531350584955792460e+00,-2.499708782593076606e+00,-3.035701772632309670e+00,-3.249025673662992997e+00,-2.709415954387881520e+00,-1.827491385082521402e+00,-4.393906533374092316e-01,1.100428025867938864e+00,2.346207908915467044e+00,3.584532479256480109e+00,4.697072905253672381e+00,5.882063904217873507e+00,7.184030281956932384e+00,7.992268335563222692e+00,9.022749836158498127e+00,9.891543499458528288e+00,1.087231009482624877e+01
8.980706310757906152e+00,8.777799587213550581e+00,8.849975603003043645e+00,8.662517393646650632e+00,8.447146099782450790e+00,7.911306696982689957e+00,7.661857201640329684e+00,7.327803033811370881e+00,6.809678956767595714e+00,6.113251627087545437e+00,5.527135970468584958e+00,4.914034278718171223e+00,4.217485660508793366e+00,3.237734346887976233e+00,2.418812622589358252e+00,1.563007350190362965e+00,6.846375799493101821e-01,-2.886217529779485647e-01,-1.430852386996900982e+00,-2.345067568866662011e+00,-2.929847516763338433e+00,-3.053069371403230203e+00,-2.610857468372763890e+00,-1.898629952878687188e+00,-8.270272437451312575e-01,5.432579101223595774e-01,1.762609930008166792e+00,2.981121426779470340e+00,4.285375087237158098e+00,5.225492901814821067e+00,6.236662662471993634e+00,6.977350959981730050e+00,7.938530660404957473e+00,8.635829797701470412e+00,9.350844033534480459e+00
8.481697158452805141e+00,8.386868716593644635e+00,8.327337359800889516e+00,8.174477237440555655e+00,7.821203781974253921e+00,7.374174368037899718e+00,6.932250917351333364e+00,6.660749279687166791e+00,6.273477808515031562e+00,5.753297572437388041e+00,5.272680816055402175e+00,4.731960833519793574e+00,3.905998465143205589e+00,3.210616045846912403e+00,2.197118177233223335e+00,1.208759528204247147e+00,1.651144258907181750e-01,-8.419251595373862251e-01,-1.950338009224353408e+00,-2.753361034910554839e+00,-3.144445125633149374e+00,-2.821312330685742165e+00,-1.911682546132642546e+00,-7.420597934248626126e-01,4.360008505633864995e-01,1.753115059176551416e+00,2.863783252927436518e+00,3.789084118009427904e+00,4.709449944069572958e+00,5.634833132134666300e+00,6.442049454179229251e+00,7.254343368557451655e+00,7.968628871503696587e+00,8.628779272740707995e+00,9.324734761807588868e+00
8.320529291972624364e+00,8.280748770332492015e+00,8.229727031691718153e+00,8.022420054604591400e+00,7.843064664055616753e+00,7.632806862300980377e+00,7.163700829652231761e+00,6.846459708935597632e+00,6.439842116154693485e+00,6.034788461042520424e+00,5.359005536674847470e+00,4.689140863956512639e+00,4.016812425192217262e+00,3.253167045200808793e+00,2.456100196687111215e+00,1.614066342642638707e+00,7.274594315749929319e-01,-2.927469858199074348e-01,-1.359585527031883956e+00,-2.265540012746450671e+00,-2.915687770894237030e+00,-3.064813732727354800e+00,-2.545862924938290917e+00,-1.932457461908911878e+00,-8.012565139510002821e-01,5.763394172148401662e-01,1.739222028281123711e+00,2.900202874802561226e+00,4.019291275203810798e+00,5.067076493557096661e+00,6.090704261546794562e+00,6.866206809203664108e+00,7.781050286772250857e+00,8.556683074746599615e+00,9.435436221866739359e+00
8.237256470496392424e+00,8.210350065995699609e+00,8.231368952379257919e+00,7.928068428529069678e+00,7.655450910110855212e+00,7.321310485149829184e+00,6.857659037671923308e+00,6.400100608348499698e+00,5.940996422241838992e+00,5.139941303887912483e+00,4.353060345033519241e+00,3.584207739810991722e+00,2.803797629521723955e+00,2.081842752013396414e+00,1.354309036025706625e+00,5.197878924051494431e-01,-5.366736406807627313e-01,-1.632039096554846580e+00,-2.392698967601919247e+00,-2.719752251382284935e+00,-2.728726148370150373e+00,-2.167775885669122271e+00,-1.308012323897749463e+00,-1.853579310251940448e-01,8.422826950786954647e-01,1.843134645149131501e+00,2.987211379846905768e+00,4.045983320934398719e+00,4.862482540543614284e+00,5.765348697038795045e+00,6.386671587461900224e+00,7.152444334942036797e+00,7.887343297530763131e+00,8.531002272730619396e+00,9.035030538106109788e+00
8.106065221874651172e+00,8.059577162744087531e+00,7.896042881455120899e+00,7.753868622946655798e+00,7.245744423355873209e+00,6.863726017482630226e+00,6.542461558141234867e+00,5.971512746358814461e+00,5.598256069886939912e+00,5.026569013727275603e+00,4.426677152599341802e+00,3.770524916195979515e+00,2.854370883827896943e+00,2.010664173943460309e+00,1.152044894430393818e+00,3.436188150769736716e-02,-8.534741570679773570e-01,-1.841200868088876508e+00,-2.515594238222330414e+00,-2.863906590343069603e+00,-2.729154373955698709e+00,-2.092566525183210402e+00,-1.146245968817126037e+00,-1.273605921663615026e-01,1.116262556730025945e+00,2.220362533972515706e+00,3.264698108347164673e+00,4.182850629620432414e+00,5.273850432550660550e+00,5.994300217382400930e+00,6.683895405937209766e+00,7.371618205456010209e+00,8.021181958333091444e+00,8.647111052383120722e+00,9.332475873710153635e+00
1.019810510531145908e+01,9.955276945486973617e+00,9.986163322726246960e+00,9.856027052564105162e+00,9.616695224676920617e+00,9.461782853369488322e+00,9.181731043534901104e+00,8.805483596660007350e+00,8.330034937828672881e+00,7.549735074068181007e+00,6.826827216105881391e+00,6.214117333210504412e+00,5.434306142301494447e+00,4.685191377168667515e+00,4.098579075046709264e+00,3.060839033296694822e+00,2.218856152341357912e+00,1.105148661743056371e+00,-3.415156133131704019e-02,-1.210140516984616665e+00,-2.317660558145892669e+00,-3.098499660339248063e+00,-3.444979550357288201e+00,-3.099815780152724187e+00,-2.265316203509417647e+00,-1.008297104734121374e+00,2.775746561155335579e-01,1.578830706993734845e+00,2.922000970127276887e+00,4.061253105292969678e+00,5.212027978232385728e+00,6.252688447142857875e+00,7.198429589532138628e+00,8.045910009119957351e+00,8.900947218972380170e+00
8.494090412417769187e+00,8.529199389615667926e+00,8.578484299063944718e+00,8.349747290509947462e+00,7.957819261548113587e+00,7.677001152683495810e+00,7.260439363361711251e+00,6.749789099598642927e+00,6.251773360087661047e+00,5.822029288781989997e+00,5.204948427423535584e+00,4.224961155965891280e+00,3.451385043706332922e+00,2.451258447987557432e+00,1.490256581529843860e+00,3.699478119987944513e-01,-6.463273286561812547e-01,-1.668940181079210161e+00,-2.450353141807442903e+00,-2.919555510401550258e+00,-3.192931111643309894e+00,-2.576450425014972900e+00,-1.611233861128013256e+00,-9.792279347249338572e-02,1.174954646985534090e+00,2.501642812632600688e+00,3.713915772991304820e+00,5.039065814364493967e+00,6.142711887314250774e+00,7.056878370597951644e+00,7.991103864579062410e+00,8.907453928818908295e+00,9.758522677277822410e+00,1.066447777633266725e+01,1.136620730856798112e+01
9.376716723179825408e+00,9.183828158639089523e+00,9.030715543769556319e+00,8.780957087644972958e+00,8.680419131276929434e+00,8.476135515586168623e+00,7.993353046342126511e+00,7.612151752879960931e+00,7.208932301876736837e+00,6.474453937594371489e+00,5.899473909659527671e+00,5.018551138685506174e+00,4.189955457000771766e+00,3.255502902538754295e+00,2.604451791243916681e+00,1.638042483536015226e+00,5.972687416908752933e-01,-5.228455653684460636e-01,-1.430302744039228635e+00,-2.294720843820211797e+00,-2.984070597383037260e+00,-3.204293276906358567e+00,-2.717718594173252900e+00,-1.842170454111569100e+00,-5.842795882755522641e-01,7.980783567375085985e-01,2.085126311076292094e+00,3.532589613542286955e+00,4.861580702765354367e+00,5.958368209651294656e+00,7.001501445259333600e+00,7.849570524025947904e+00,8.904149752006643936e+00,9.725620084002157384e+00,1.040018962745175379e+01
9.615648170311505538e+00,9.595668714883919037e+00,9.269593741109117602e+00,9.174473998040037159e+00,8.765922731170377347e+00,8.281188554121030165e+00,7.981334117029492248e+00,7.618461462178089505e+00,7.104515122137823546e+00,6.505118618137855968e+00,5.934045823984664736e+00,5.363663341706155663e+00,4.610454534759665712e+00,3.723977228341998735e+00,2.880596827107151814e+00,2.055231414630242615e+00,1.156242045271108854e+00,8.404743431384562036e-02,-1.015978891362660175e+00,-1.915936116522523935e+00,-2.796574651837835823e+00,-3.023393557045534141e+00,-3.038756138185879419e+00,-2.310279774044325940e+00,-1.055585077569395125e+00,7.778578533431138031e-02,1.137695778145778158e+00,2.339472015822687823e+00,3.291509205167616692e+00,4.254281737552868314e+00,5.204293334415679873e+00,6.134300328017834758e+00,7.103476832336493629e+00,7.636438710862714530e+00,8.340530498963804718e+00
9.193816763128999980e+00,9.166766359320336122e+00,9.131869091214365852e+00,8.873726655291362064e+00,8.550742808662818106e+00,8.194541346900129142e+00,7.822861663059509141e+00,7.426656327717761741e+00,6.874524243198366413e+00,6.277545255827646997e+00,5.691431193229880670e+00,4.993758969303101480e+00,4.243365873540398070e+00,3.337266353575132793e+00,2.562674387169889823e+00,1.679140442532961019e+00,5.783966854517497147e-01,-5.147827880461330885e-01,-1.419414092731141164e+00,-2.307613180578161227e+00,-2.916798670028313722e+00,-3.008276866322372456e+00,-2.519229453644456385e+00,-1.646258452512694870e+00,-4.416386491727661290e-01,7.572463340019867095e-01,1.721165304863099488e+00,2.680675712351971551e+00,3.571156548568403366e+00,4.507997299796684842e+00,5.461511558291824997e+00,6.346690257094441456e+00,7.057855054497974123e+00,7.720850351862396543e+00,8.475436984232015192e+00
1.068546329764385305e+01,1.071515303903648153e+01,1.056555169791097981e+01,1.052857519008929366e+01,1.018740861137386489e+01,9.818997105845898687e+00,9.507483756168879196e+00,9.176346080295527230e+00,8.728855301684992796e+00,8.158312614696656695e+00,7.479078725959168672e+00,6.848812882638058319e+00,6.037803472015916384e+00,5.131915959772316072e+00,4.302011898911683119e+00,3.368879279057845011e+00,2.325754517818458211e+00,9.120613817560976333e-01,-2.010225020201271140e-01,-1.415875895274494756e+00,-2.466259662402729091e+00,-3.201811550582362109e+00,-3.370996451623944345e+00,-2.831058320822527286e+00,-1.868098168691104233e+00,-4.618333920919548419e-01,8.350238414393490460e-01,2.020845678824631175e+00,3.320866055143721240e+00,4.367292281309982371e+00,5.641067404885495407e+00,6.742995614551838379e+00,7.788791933879942064e+00,8.596234380958307497e+00,9.759798833708103416e+00
7.016268106722461262e+00,7.077540317349011012e+00,7.048191786348988686e+00,6.909299034313371557e+00,6.757194302287345522e+00,6.423056265121292796e+00,6.071947187336429685e+00,5.745875252155122404e+00,5.223576960969365857e+00,4.601840407395027199e+00,4.085211785981047505e+00,3.341293446366493392e+00,2.628146120206880543e+00,1.861699736125661753e+00,8.972791221129123862e-01,3.852736200438910963e-03,-1.352348409407540419e+00,-2.345701722400101108e+00,-2.844805198388687728e+00,-2.799055253918771413e+00,-2.367593676472877995e+00,-1.528374787096355325e+00,-4.465426022644480852e-01,7.020842873576947918e-01,1.933845937874837384e+00,2.738293076941034965e+00,3.645475093320455162e+00,4.568200159477374456e+00,5.317512803397268506e+00,6.022443906752934950e+00,6.856377332160109361e+00,7.423500075112083429e+00,8.112271095141156962e+00,8.626468584472609891e+00,9.096848025170306329e+00
6.848131888618834040e+00,6.617384943137290421e+00,6.553952773571947610e+00,6.237141802220772746e+00,5.846274429645026416e+00,5.534141751139082466e+00,5.387740996100080615e+00,4.891263602877331529e+00,4.282373271808074477e+00,3.735700157662953380e+00,3.073251690676216175e+00,2.225475024770603216e+00,1.360177739448561463e+00,5.393783542096578509e-01,-2.824069655074004093e-01,-1.283078633372200628e+00,-2.022388630668198406e+00,-2.520704711664654152e+00,-2.608326334675284741e+00,-2.229398363999409938e+00,-1.514992290898301786e+00,-8.472306553034363308e-01,4.964304568666862982e-01,1.762856227839481482e+00,2.883005262508809174e+00,3.765605003440370524e+00,4.902917959044252427e+00,5.550888126868575689e+00,6.280880527030639371e+00,6.987429433086859376e+00,7.496200518220988762e+00,7.987050225975717233e+00,8.406652538019534049e+00,8.814099014045137181e+00,9.124226030285582212e+00
9.281006870765658334e+00,9.268109354795866395e+00,9.034992790292934117e+00,8.949081927150718485e+00,8.705523542225865441e+00,8.307106631360927196e+00,8.057516110722392710e+00,7.468076425707582011e+00,6.879259819797352904e+00,6.289429097322726037e+00,5.800393911817223191e+00,5.025460680214046683e+00,4.226761982585747646e+00,3.398540975223628635e+00,2.740004409908171290e+00,1.916903787588088548e+00,8.418551694637939065e-01,-3.321598383237063246e-01,-1.470889744215401196e+00,-2.541477632440614975e+00,-3.268245076808377725e+00,-3.448208167575250727e+00,-2.922372363126557016e+00,-1.828977274419384180e+00,-5.687322340303593293e-01,7.490469317680661376e-01,2.219616572744933958e+00,3.622793585043539988e+00,4.751886972203216430e+00,5.957429259139416899e+00,7.151318327675492803e+00,8.183187256158051426e+00,9.269839656439692988e+00,1.048409227551255007e+01,1.147303222854496596e+01
8.445776640670056068e+00,8.402126617030427624e+00,8.133659493139660412e+00,7.902210844412810964e+00,7.588975692504619452e+00,7.225863382522233813e+00,6.622041537881493412e+00,6.044693233649859110e+00,5.419764609293655333e+00,4.720203762605147624e+00,3.999933579374944870e+00,3.306195626162735657e+00,2.443248008965985818e+00,1.377958063203028827e+00,3.906130631848111490e-01,-7.120808484701911523e-01,-1.668259396041326559e+00,-2.520499918702163722e+00,-2.779510797593473193e+00,-2.762359207169215125e+00,-2.158189071924980329e+00,-1.204329664959212787e+00,-5.916125858624957101e-02,9.819376775270860502e-01,2.148508121914294300e+00,3.146344913094406781e+00,3.989672761566641412e+00,5.033873319545685732e+00,5.922173705023593193e+00,6.673767222855206072e+00,7.431135229992899660e+00,8.242022065910051154e+00,8.917376600238139162e+00,9.449913770975987504e+00,9.958580827731410068e+00
9.647147468764908140e+00,9.537454673257030890e+00,9.317032175591711152e+00,9.057121986009686765e+00,8.860284117525328185e+00,8.651481874104169023e+00,8.428474359746218170e+00,8.047264713990159635e+00,7.635572532866563122e+00,7.124989218733003504e+00,6.492415618085465745e+00,5.825800420501380472e+00,5.103810514703359225e+00,4.407200667630323032e+00,3.532087572108970619e+00,2.523656106084294581e+00,1.806423189882372604e+00,6.916667379196216325e-01,-4.089095150853827021e-01,-1.582632416228279659e+00,-2.441430517810566414e+00,-3.025922755867749725e+00,-3.212585466791515465e+00,-2.867458244330595818e+00,-1.815233127513810274e+00,-4.999294557621544732e-01,7.217075600214729603e-01,2.047734321065932672e+00,3.487922723044823314e+00,4.712882794919087459e+00,5.880896107961002706e+00,7.124891554593098419e+00,8.068729054201511985e+00,9.092543260215441236e+00,9.869819598871002242e+00
8.534154834866640726e+00,8.489120578558521757e+00,8.220135823451672152e+00,8.024719489939542427e+00,7.776002587287610623e+00,7.359741404719993163e+00,6.899085380682322466e+00,6.426410872639263694e+00,5.920817470392965909e+00,5.177178708424762910e+00,4.448717521332630653e+00,3.620097424619808990e+00,2.991181071321968865e+00,2.012216234617703936e+00,1.145072554917575536e+00,1.499173992988744875e-01,-8.016664423492173563e-01,-1.834475099043527679e+00,-2.503609326166059024e+00,-2.738772902669125209e+00,-2.717053628684984901e+00,-1.998647568881622094e+00,-1.100379705341063108e+00,9.722574739098960306e-02,1.032400638941931570e+00,1.971819495012654189e+00,2.844087541285772236e+00,3.562892846210309106e+00,4.451541313132356237e+00,5.057757896993856583e+00,5.602452580761184464e+00,6.265133044864613865e+00,6.717855927445981479e+00,7.172230021993245330e+00,7.687561454006366368e+00
1.022638778874234511e+01,1.008041682847772869e+01,9.890998226561805495e+00,9.711431101054090576e+00,9.403645009619745920e+00,9.050596510704256303e+00,8.677497014748817961e+00,8.197433381864206225e+00,7.595834594836162523e+00,6.973960697129251152e+00,6.278182953803533195e+00,5.571098042948371187e+00,4.913842598090409020e+00,4.227172926658040453e+00,3.444580329555570586e+00,2.309897205426836742e+00,1.255961343273328090e+00,1.189306088099294639e-01,-8.974299914790455635e-01,-1.804034844238332047e+00,-2.607333307504945186e+00,-3.053817464175994534e+00,-3.007993364655832114e+00,-2.339394997134698784e+00,-1.303768815158500516e+00,-4.296374163225182008e-02,1.437102711705914526e+00,2.747885807391358348e+00,4.039750934148995221e+00,5.275990986101451341e+00,6.464758875356725554e+00,7.355640909543593509e+00,8.375169727130815645e+00,9.054116203055398771e+00,9.781620343971514586e+00
6.672514984949183159e+00,6.540376636130282861e+00,6.260786018362255234e+00,5.984133921371878273e+00,5.710316047299784259e+00,5.349251441938204898e+00,5.069891547665134723e+00,4.551503968296277236e+00,4.269805875282391305e+00,3.576779142973872450e+00,2.994770561565036626e+00,2.238028100298307344e+00,1.335782126002952985e+00,4.479565033165023302e-01,-4.465464124233741172e-01,-1.389167030022412597e+00,-1.990761994864064466e+00,-2.382481875195332943e+00,-2.521989564618651425e+00,-2.128050374458551719e+00,-1.396022517895699311e+00,-4.634853605752439210e-01,4.827905454140588026e-01,1.505597460472729132e+00,2.337443427174379806e+00,3.127845730305733429e+00,3.833807273542350735e+00,4.576832829420330206e+00,5.336241424349768003e+00,5.952945300162002518e+00,6.224140881086803745e+00,6.734448184413023952e+00,7.211457775254801028e+00,7.681058645420997699e+00,7.960653263124499723e+00
8.035407332395857694e+00,8.101544777220093252e+00,8.020306303125249059e+00,8.039200317600668555e+00,7.865463790895065976e+00,7.720987153368668920e+00,7.225259438689972669e+00,6.740480798548897035e+00,6.148733680076142960e+00,5.618580079950395323e+00,4.852252396423943459e+00,4.091691573163770634e+00,3.342544355629226249e+00,2.546776036353069372e+00,1.540984015080020253e+00,6.440694777085297362e-01,-4.041709889037650161e-01,-1.472412507117767833e+00,-2.441575053188260735e+00,-2.978645785704688631e+00,-2.976036449079869861e+00,-2.490790768918073717e+00,-1.600557852430084527e+00,-4.813972576683440141e-01,6.796961455405907682e-01,2.028080212817021888e+00,3.029447351927352816e+00,4.218814130714093835e+00,5.208076942144333366e+00,6.090107276849633600e+00,6.966173261073453915e+00,7.816627742420000580e+00,8.642281673300203693e+00,9.516650319108054035e+00,1.023073557703891723e+01
8.945085420578852364e+00,8.881580246081490770e+00,8.679547207847894796e+00,8.404047735879906611e+00,8.134139004839289200e+00,7.848247676653661742e+00,7.450458289690458535e+00,7.012539625432349766e+00,6.530071222375436690e+00,5.924772139450423580e+00,5.396514192787373432e+00,4.764007598858839287e+00,3.924395437606364112e+00,3.217016854445352791e+00,2.177840605020988640e+00,1.252048824534855997e+00,2.834964611561462400e-01,-7.176164382558327670e-01,-1.663481470494775127e+00,-2.566720696883530106e+00,-3.125916518918178344e+00,-2.953667304926964832e+00,-2.410672943624359910e+00,-1.481471321195379609e+00,-1.024281766878482047e-02,1.330214595695930369e+00,2.609383718761049131e+00,3.832658144292775848e+00,4.851606641087976790e+00,5.856355035934129205e+00,6.825773510155685564e+00,7.700170760554193805e+00,8.529750857870439518e+00,9.448124182357531708e+00,1.004658557624572168e+01
7.843942329602024088e+00,7.793741349548212405e+00,7.684710588100338136e+00,7.732390944136444233e+00,7.632685839007780970e+00,7.301407950936336100e+00,6.965974458672185676e+00,6.514242619387883515e+00,5.928478098600775681e+00,5.504660051948107480e+00,4.886416405428711585e+00,4.234351221854025127e+00,3.427448587674458924e+00,2.542484858873229836e+00,1.846859975083424921e+00,8.456891115415576810e-01,-1.941170944146095867e-01,-1.435722956662866201e+00,-2.267606493348014673e+00,-2.616703610293281912e+00,-2.701407993539603591e+00,-2.288700254304143922e+00,-1.418390173237323193e+00,-5.625118731545415418e-01,5.295891506404423188e-01,1.397508142221839833e+00,2.404452214662504250e+00,3.217665509888979702e+00,4.070660205502412587e+00,4.745704574394676634e+00,5.490615569825972209e+00,6.228872333203406164e+00,6.715325084909516740e+00,7.331586909380253481e+00,7.691490456609949788e+00
8.886625198190042596e+00,8.946828330706864563e+00,8.751663129263640428e+00,8.553230401587418541e+00,8.356942086894127542e+00,8.095644348435147464e+00,7.623474836136415966e+00,7.331871644954905953e+00,6.913535731518995142e+00,6.303884300122212458e+00,5.771198933068133918e+00,5.089599260643227652e+00,4.405725557867280706e+00,3.800762001079168506e+00,3.133496245027351357e+00,2.317986677044014066e+00,1.270244810850284178e+00,4.387729281156113048e-01,-5.813106626155745138e-01,-1.693253660184344200e+00,-2.641754767820132077e+00,-3.030479678928334586e+00,-3.163635463249243607e+00,-2.561283862482410356e+00,-1.467982645580551138e+00,-1.602857409984123072e-01,1.176427643934173650e+00,2.126751744636863339e+00,3.207344062067279289e+00,4.242716534256325112e+00,5.229200357260324061e+00,6.234242124197364454e+00,6.922546974626385463e+00,7.793079055989765358e+00,8.744943510346049109e+00
9.341910980596408010e+00,9.372809267976192515e+00,9.244796769361020239e+00,9.087374080692821821e+00,8.871439963644663251e+00,8.451347901985561961e+00,7.880149877198946662e+00,7.373417382418462118e+00,6.884838281792888814e+00,6.274698414165497340e+00,5.509083030520730340e+00,4.888841679933135786e+00,4.117345117600616611e+00,3.223267261464201283e+00,2.442447639369718981e+00,1.550407533027084339e+00,7.103494840277060351e-01,-4.136634833292983648e-01,-1.459114668883274346e+00,-2.535467358473524779e+00,-3.132225230403886673e+00,-3.143767014884896405e+00,-2.601593379489925084e+00,-1.551654071657780465e+00,-5.439919224412880228e-01,7.148835922555519806e-01,1.748615435411515984e+00,2.992941730419398372e+00,4.061138322713902404e+00,5.175154106173581070e+00,6.021028815478980611e+00,7.031070166338253991e+00,7.730687874447913721e+00,8.728981971097299564e+00,9.477606708175345673e+00
9.569711413405611822e+00,9.586631113180722252e+00,9.354063479593261121e+00,9.140043976728829733e+00,8.675968310379543524e+00,8.373800780230848062e+00,8.018219027037723379e+00,7.483124540097409572e+00,7.061290614172916591e+00,6.559195176872822941e+00,6.124894169901217822e+00,5.377280100930163620e+00,4.331556464125480232e+00,3.267472124621789487e+00,2.281572695341166135e+00,1.352650478584838778e+00,6.082709662988111665e-01,-3.927743099763649770e-01,-1.558968067920337708e+00,-2.446651321544110136e+00,-3.018565828213631175e+00,-3.118442318379867295e+00,-2.616469347819409208e+00,-1.689780417373664578e+00,-3.300245329481141798e-01,8.715293648623618772e-01,2.175321066646565438e+00,3.362221316241557290e+00,4.503622041382664420e+00,5.582686979074547473e+00,6.702277475549753838e+00,7.538749295411443896e+00,8.594012419917193668e+00,9.344428944057490583e+00,1.022822339833960825e+01
8.299260242818450095e+00,8.254853043157417858e+00,8.207542063462279103e+00,7.889192207004074753e+00,7.576679203649699268e+00,7.064641091777596138e+00,6.499208859126375692e+00,5.959836654752764140e+00,5.398406310098271099e+00,4.824715046045701783e+00,4.120053243313295255e+00,3.584570078413650496e+00,2.742836927672652969e+00,1.944212999226480498e+00,9.608050135030650196e-01,-1.724965185904467346e-03,-9.808121373832558998e-01,-2.011257088462576004e+00,-2.841918591786008363e+00,-3.062203287723079814e+00,-2.925280319788500449e+00,-2.322932843286760196e+00,-1.109535401043819425e+00,2.786369808286152105e-01,1.695946417318124233e+00,2.860616896067114112e+00,3.997716125604567683e+00,5.132990231092920297e+00,6.096162645649463308e+00,6.839117440493826194e+00,7.772767523058424999e+00,8.639599337855045746e+00,9.334601251738746441e+00,9.955456462302104015e+00,1.039776545826127929e+01
