median	q25	q75	median_independent	q25_independent	q75_independent
-187.503	-260.155	-139.734	-123.652	-131.093	-117.454
-135.177	-145.939	-130.852	-118.316	-122.266	-115.27
-126.283	-139.329	-122.392	-114.538	-116.31	-110.23
-123.85	-130.466	-118.341	-110.998	-115.472	-105.48
-119.43	-123.35	-114.641	-108.057	-113.158	-104.821
-117.515	-120.285	-112.632	-106.047	-108.012	-104.596
-114.774	-117.936	-102.351	-104.742	-107.225	-103.008
-110.166	-116.743	-102.351	-103.258	-105.229	-102.202
-110.166	-115.285	-97.811	-101.596	-102.716	-100.388
-103.941	-110.748	-97.811	-101.016	-101.761	-98.666
-102.995	-108.911	-96.266	-100.519	-101.761	-98.666
-99.918	-108.271	-93.733	-100.111	-101.691	-97.762
-99.43	-106.34	-93.733	-99.525	-101.401	-97.537
-98.088	-104.55	-93.334	-97.751	-99.047	-96.035
-94.174	-103.129	-87.437	-97.29	-99.047	-96.035
-92.942	-101.962	-85.246	-97.222	-98.959	-96.035
-92.769	-98.063	-85.246	-95.958	-98.34	-94.117
-91.95	-97.25	-85.246	-95.764	-97.976	-93.837
-91.95	-96.102	-85.246	-94.646	-96.595	-93.764
-91.95	-95.72	-84.583	-94.646	-96.134	-93.764
-91.022	-95.72	-84.244	-94.63	-96.112	-93.764
-90.836	-93.531	-84.095	-94.264	-96.091	-93.746
-88.59	-92.65	-84.084	-93.389	-94.21	-91.904
-88.59	-92.65	-82.566	-93.225	-94.21	-91.904
-88.397	-92.65	-82.488	-92.391	-92.923	-91.61
-88.393	-92.631	-82.44	-92.197	-92.885	-91.602
-88.393	-91.933	-82.44	-92.197	-92.885	-91.254
-87.769	-91.586	-82.25	-91.91	-92.885	-90.85
-87.368	-91.421	-82.25	-91.44	-92.446	-90.824
-87.285	-91.421	-80.611	-91.192	-91.999	-90.685
-87.285	-91.421	-80.565	-91.192	-91.999	-90.345
-87.076	-91.421	-80.422	-91.133	-91.999	-90.253
-87.033	-91.421	-80.422	-90.775	-91.558	-90.253
-86.947	-90.943	-80.422	-90.747	-91.522	-90.161
-86.601	-90.715	-80.381	-90.747	-91.522	-89.739
-86.488	-90.57	-80.233	-90.747	-91.123	-89.721
-86.347	-90.57	-80.117	-90.638	-91.123	-89.721
-85.689	-90.266	-80.117	-90.578	-91.123	-89.721
-84.966	-90.096	-80.117	-90.399	-91.06	-89.512
-84.34	-85.804	-80.117	-90.399	-90.916	-89.512
-84.324	-85.804	-79.998	-90.399	-90.701	-89.512
-83.892	-85.752	-79.998	-90.288	-90.497	-89.301
-82.891	-85.591	-79.938	-90.166	-90.497	-89.275
-82.891	-85.591	-79.938	-90.046	-90.379	-89.223
-82.19	-85.591	-79.938	-89.976	-90.148	-89.197
-82.19	-84.637	-79.938	-89.976	-90.148	-89.197
-81.899	-84.637	-79.887	-89.875	-90.08	-89.163
-81.899	-84.423	-79.887	-89.796	-90.059	-89.002
-81.501	-84.081	-79.505	-89.73	-89.898	-89.001
-81.501	-83.969	-79.505	-89.726	-89.898	-88.995
-81.352	-83.969	-79.505	-89.685	-89.896	-88.995
-81.352	-83.969	-78.76	-89.685	-89.896	-88.989
-81.352	-83.661	-78.459	-89.58	-89.896	-88.907
-81.255	-83.661	-78.365	-89.58	-89.896	-88.896
-81.255	-83.459	-78.365	-89.546	-89.896	-88.618
-81.255	-83.459	-78.365	-89.537	-89.755	-88.578
-81.255	-83.417	-78.164	-89.288	-89.619	-88.561
-81.255	-83.361	-77.685	-89.139	-89.619	-88.543
-81.255	-83.361	-77.637	-89.139	-89.619	-88.543
-81.255	-83.361	-77.637	-89.136	-89.613	-88.46
-81.101	-82.923	-77.637	-89.087	-89.613	-88.457
-80.964	-82.923	-77.637	-89.087	-89.55	-88.42
-80.85	-82.922	-77.272	-89.087	-89.55	-88.42
-80.85	-82.922	-77.272	-89.087	-89.55	-88.386
-80.797	-82.906	-77.272	-89.087	-89.55	-88.386
-80.797	-82.904	-77.272	-89.009	-89.481	-88.386
-80.797	-82.904	-77.263	-89.009	-89.458	-88.35
-80.746	-82.832	-77.245	-89.009	-89.094	-88.321
-80.746	-81.968	-77.245	-88.988	-89.053	-88.313
-80.746	-81.968	-77.245	-88.988	-89.053	-88.251
-80.746	-81.968	-77.245	-88.988	-89.053	-88.251
-80.709	-81.964	-77.245	-88.988	-89.053	-88.251
-80.709	-81.964	-77.245	-88.988	-89.053	-88.217
-80.709	-81.936	-77.245	-88.988	-89.053	-88.217
-80.69	-81.936	-77.245	-88.988	-89.021	-88.217
-80.69	-81.936	-77.245	-88.988	-89.021	-88.217
-80.69	-81.936	-77.245	-88.988	-89.021	-88.196
-80.69	-81.936	-77.245	-88.988	-89.021	-88.196
-80.69	-81.936	-76.596	-88.988	-89.012	-88.196
-80.69	-81.936	-76.596	-88.988	-89.012	-88.196
-80.69	-81.936	-76.596	-88.988	-88.999	-88.175
-80.69	-81.936	-76.596	-88.988	-88.999	-88.175
-80.69	-81.936	-76.596	-88.97	-88.999	-88.175
-80.69	-81.867	-76.596	-88.931	-88.996	-88.175
-80.69	-81.867	-76.596	-88.882	-88.996	-88.175
-80.69	-81.867	-75.627	-88.612	-88.996	-88.167
-80.531	-81.867	-75.627	-88.612	-88.996	-88.167
-80.531	-81.867	-75.627	-88.597	-88.996	-88.167
-80.526	-81.867	-74.96	-88.558	-88.977	-88.167
-80.526	-81.867	-74.909	-88.558	-88.911	-88.167
-80.526	-81.861	-74.909	-88.558	-88.907	-88.128
-80.5	-81.861	-74.909	-88.506	-88.907	-87.986
-80.5	-81.861	-74.909	-88.506	-88.907	-87.986
-80.334	-81.861	-74.679	-88.506	-88.907	-87.986
-80.333	-81.861	-74.679	-88.506	-88.907	-87.982
-80.333	-81.861	-74.679	-88.506	-88.907	-87.982
-80.333	-81.814	-74.679	-88.491	-88.902	-87.982
-80.333	-81.814	-74.679	-88.362	-88.889	-87.982
-80.333	-81.812	-74.679	-88.353	-88.889	-87.935
-80.333	-81.812	-74.663	-88.353	-88.862	-87.935
-80.297	-81.792	-74.578	-88.353	-88.862	-87.933
-80.297	-81.146	-74.578	-88.353	-88.862	-87.933
-80.297	-81.071	-74.578	-88.353	-88.857	-87.916
-80.297	-81.069	-74.578	-88.353	-88.857	-87.916
-80.297	-81.069	-74.578	-88.353	-88.857	-87.898
-80.297	-81.069	-74.574	-88.353	-88.857	-87.881
-80.297	-81.069	-74.574	-88.353	-88.857	-87.881
-80.297	-81.069	-74.458	-88.353	-88.857	-87.881
-80.297	-81.069	-74.458	-88.353	-88.857	-87.877
-80.297	-81.069	-74.458	-88.353	-88.857	-87.85
-80.297	-81.069	-74.458	-88.353	-88.847	-87.85
-80.247	-81.069	-74.458	-88.353	-88.847	-87.85
-80.247	-81.069	-74.436	-88.353	-88.847	-87.85
-80.247	-81.059	-74.436	-88.347	-88.847	-87.85
-80.247	-81.059	-74.436	-88.347	-88.847	-87.82
-80.247	-81.059	-74.436	-88.306	-88.847	-87.82
-80.242	-81.059	-74.436	-88.306	-88.844	-87.768
-80.162	-81.059	-74.436	-88.292	-88.844	-87.768
-80.069	-81.059	-74.436	-88.292	-88.844	-87.767
-80.069	-81.059	-74.436	-88.272	-88.844	-87.766
-80.069	-81.059	-74.436	-88.272	-88.844	-87.766
-80.069	-81.031	-74.436	-88.272	-88.844	-87.766
-80.069	-81.031	-74.436	-88.205	-88.844	-87.766
-80.069	-81.031	-74.436	-88.205	-88.823	-87.766
-80.06	-81.031	-74.436	-88.205	-88.823	-87.766
-80.06	-81.028	-74.436	-88.205	-88.823	-87.766
-80.06	-81.028	-74.436	-88.205	-88.823	-87.766
-80.06	-81.028	-74.436	-88.205	-88.823	-87.76
-80.059	-81.028	-74.436	-88.205	-88.823	-87.76
-80.059	-81.028	-74.435	-88.205	-88.823	-87.757
-79.996	-81.028	-74.435	-88.205	-88.823	-87.757
-79.996	-81.028	-74.435	-88.205	-88.819	-87.757
-79.947	-81.028	-74.433	-88.205	-88.819	-87.757
-79.947	-81.028	-74.433	-88.205	-88.818	-87.757
-79.947	-81.028	-74.433	-88.205	-88.812	-87.757
-79.947	-81.027	-74.429	-88.192	-88.812	-87.757
-79.363	-80.916	-74.354	-88.186	-88.812	-87.757
-79.363	-80.916	-74.354	-88.186	-88.812	-87.732
-79.363	-80.916	-74.354	-88.186	-88.812	-87.702
-79.363	-80.916	-74.354	-88.185	-88.812	-87.702
-79.363	-80.916	-74.354	-88.185	-88.812	-87.702
-79.363	-80.916	-74.354	-88.184	-88.812	-87.702
-79.363	-80.916	-74.335	-88.167	-88.812	-87.661
-79.363	-80.916	-74.335	-88.167	-88.794	-87.63
-79.313	-80.916	-74.335	-88.167	-88.794	-87.618
-79.313	-80.914	-74.335	-88.167	-88.794	-87.614
-79.313	-80.914	-74.335	-88.165	-88.794	-87.614
-79.313	-80.863	-74.335	-88.165	-88.794	-87.581
-79.313	-80.863	-74.335	-88.165	-88.786	-87.581
-79.313	-80.863	-74.335	-88.165	-88.786	-87.58
-79.313	-80.863	-74.335	-88.102	-88.786	-87.58
-79.313	-80.863	-74.332	-88.102	-88.786	-87.58
-79.313	-80.863	-74.332	-88.102	-88.786	-87.58
-79.303	-80.863	-74.332	-88.102	-88.786	-87.58
-79.303	-80.863	-74.332	-88.102	-88.786	-87.576
-79.002	-79.978	-74.303	-88.102	-88.786	-87.574
-79.002	-79.978	-74.303	-88.099	-88.786	-87.574
-79.002	-79.978	-74.303	-88.099	-88.786	-87.574
-79.002	-79.978	-74.303	-88.099	-88.786	-87.568
-79.002	-79.978	-74.303	-88.099	-88.786	-87.568
-79.002	-79.978	-74.303	-88.099	-88.786	-87.568
-79.002	-79.959	-74.303	-88.099	-88.786	-87.568
-79.002	-79.959	-74.303	-88.099	-88.786	-87.568
-78.944	-79.959	-74.285	-88.099	-88.786	-87.568
-78.944	-79.959	-74.285	-88.099	-88.786	-87.555
-78.944	-79.959	-74.285	-88.099	-88.786	-87.555
-78.944	-79.959	-74.285	-88.099	-88.786	-87.555
-78.908	-79.937	-74.277	-88.098	-88.786	-87.555
-78.908	-79.937	-74.277	-88.098	-88.786	-87.547
-78.852	-79.937	-74.277	-88.09	-88.786	-87.547
-78.852	-79.937	-74.277	-88.09	-88.786	-87.537
-78.852	-79.937	-74.277	-88.09	-88.786	-87.537
-78.852	-79.937	-74.277	-88.09	-88.786	-87.537
-78.852	-79.937	-74.277	-88.09	-88.786	-87.537
-78.852	-79.937	-74.277	-88.09	-88.786	-87.537
-78.852	-79.937	-74.242	-88.09	-88.786	-87.537
-78.852	-79.937	-74.242	-88.071	-88.786	-87.537
-78.852	-79.937	-74.242	-88.071	-88.786	-87.537
-78.852	-79.937	-74.242	-88.071	-88.785	-87.532
-78.852	-79.937	-74.242	-88.071	-88.785	-87.529
-78.852	-79.937	-74.242	-88.071	-88.785	-87.529
-78.852	-79.937	-74.242	-88.071	-88.785	-87.529
-78.749	-79.937	-74.228	-88.071	-88.785	-87.529
-78.749	-79.935	-74.228	-88.071	-88.785	-87.529
-78.749	-79.935	-74.228	-88.071	-88.785	-87.526
-78.749	-79.935	-74.228	-88.071	-88.785	-87.521
-78.749	-79.935	-74.228	-88.071	-88.785	-87.52
-78.658	-79.935	-74.228	-88.07	-88.784	-87.52
-78.658	-79.935	-74.228	-88.07	-88.784	-87.52
-78.658	-79.935	-74.211	-88.07	-88.784	-87.52
-78.658	-79.935	-74.211	-88.07	-88.784	-87.52
-78.658	-79.935	-74.211	-88.07	-88.784	-87.52
-78.625	-79.935	-74.211	-88.07	-88.784	-87.52
-78.625	-79.879	-74.211	-88.07	-88.784	-87.52
-78.625	-79.879	-74.211	-88.07	-88.784	-87.52
-78.625	-79.879	-74.211	-88.07	-88.784	-87.52
-78.625	-79.879	-74.167	-88.07	-88.784	-87.52
-78.625	-79.879	-74.164	-88.07	-88.784	-87.52
-78.625	-79.879	-74.164	-88.069	-88.784	-87.52
-78.625	-79.879	-74.164	-88.069	-88.784	-87.52
-78.625	-79.859	-74.164	-88.06	-88.784	-87.52
-78.582	-79.859	-74.149	-88.06	-88.784	-87.52
-78.483	-79.859	-74.128	-88.06	-88.783	-87.52
-78.483	-79.859	-74.128	-88.034	-88.783	-87.52
-78.483	-79.859	-74.128	-88.034	-88.783	-87.52
-78.483	-79.859	-74.128	-88.034	-88.783	-87.52
-78.483	-79.859	-74.128	-88.034	-88.783	-87.52
-78.483	-79.859	-74.128	-88.01	-88.783	-87.52
-78.481	-79.859	-74.128	-88.01	-88.783	-87.52
-78.481	-79.859	-74.128	-87.988	-88.783	-87.517
-78.467	-79.859	-74.128	-87.988	-88.783	-87.517
-78.467	-79.859	-74.128	-87.953	-88.783	-87.517
-78.461	-79.859	-74.128	-87.915	-88.783	-87.517
-78.461	-79.859	-74.128	-87.915	-88.783	-87.517
-78.461	-79.859	-74.128	-87.915	-88.783	-87.517
-78.461	-79.859	-74.126	-87.915	-88.783	-87.517
-78.461	-79.859	-74.126	-87.915	-88.783	-87.517
-78.461	-79.849	-74.126	-87.885	-88.783	-87.437
-78.461	-79.849	-74.126	-87.885	-88.783	-87.437
-78.461	-79.849	-74.126	-87.885	-88.783	-87.437
-78.461	-79.849	-74.126	-87.885	-88.783	-87.437
-78.461	-79.849	-74.126	-87.885	-88.783	-87.437
-78.461	-79.849	-74.126	-87.885	-88.783	-87.437
-78.44	-79.849	-74.125	-87.885	-88.783	-87.437
-78.44	-79.83	-74.125	-87.885	-88.783	-87.437
-78.44	-79.83	-74.125	-87.885	-88.783	-87.437
-78.44	-79.83	-74.125	-87.885	-88.783	-87.437
-78.44	-79.83	-74.125	-87.885	-88.783	-87.437
-78.44	-79.83	-74.125	-87.839	-88.783	-87.427
-78.44	-79.83	-74.125	-87.839	-88.783	-87.427
-78.44	-79.83	-74.125	-87.839	-88.783	-87.427
-78.44	-79.83	-74.125	-87.839	-88.783	-87.427
-78.44	-79.83	-74.125	-87.839	-88.783	-87.427
-78.44	-79.83	-74.125	-87.839	-88.783	-87.427
-78.438	-79.83	-74.125	-87.839	-88.783	-87.427
-78.438	-79.83	-74.122	-87.839	-88.783	-87.426
-78.437	-79.83	-74.122	-87.839	-88.783	-87.426
-78.437	-79.83	-74.122	-87.839	-88.783	-87.426
-78.431	-79.83	-74.122	-87.839	-88.783	-87.426
-78.431	-79.83	-74.122	-87.839	-88.783	-87.426
-78.431	-79.83	-74.122	-87.839	-88.783	-87.426
-78.431	-79.83	-74.122	-87.839	-88.783	-87.424
-78.431	-79.83	-74.121	-87.839	-88.783	-87.424
-78.43	-79.83	-74.1	-87.839	-88.783	-87.424
-78.43	-79.83	-74.1	-87.839	-88.783	-87.423
-78.43	-79.83	-74.1	-87.839	-88.783	-87.423
-78.43	-79.83	-74.1	-87.839	-88.783	-87.419
-78.426	-79.83	-74.081	-87.839	-88.783	-87.419
-78.426	-79.761	-74.081	-87.838	-88.783	-87.419
-78.426	-79.761	-74.081	-87.838	-88.783	-87.419
-78.426	-79.761	-74.081	-87.838	-88.766	-87.419
-78.426	-79.761	-74.081	-87.838	-88.766	-87.419
-78.426	-79.761	-74.081	-87.838	-88.766	-87.418
-78.426	-79.761	-74.081	-87.838	-88.766	-87.418
-78.426	-79.761	-74.081	-87.838	-88.766	-87.418
-78.426	-79.761	-74.081	-87.838	-88.765	-87.418
-78.426	-79.761	-74.081	-87.838	-88.765	-87.417
-78.426	-79.425	-74.081	-87.838	-88.765	-87.417
-78.426	-79.425	-74.081	-87.838	-88.765	-87.417
-78.426	-79.425	-74.081	-87.838	-88.765	-87.415
-78.388	-79.418	-74.081	-87.838	-88.765	-87.415
-78.388	-79.108	-74.081	-87.838	-88.765	-87.415
-78.388	-79.108	-74.081	-87.838	-88.765	-87.415
-78.388	-79.105	-74.081	-87.838	-88.765	-87.413
-78.388	-79.105	-74.081	-87.838	-88.765	-87.413
-77.931	-79.062	-73.761	-87.838	-88.765	-87.413
-77.931	-79.062	-73.761	-87.838	-88.765	-87.413
-77.931	-79.062	-73.761	-87.838	-88.765	-87.413
-77.931	-79.062	-73.761	-87.838	-88.765	-87.413
-77.931	-78.853	-73.761	-87.838	-88.765	-87.413
-77.923	-78.853	-73.761	-87.838	-88.765	-87.413
-77.923	-78.853	-73.761	-87.838	-88.765	-87.413
-77.923	-78.853	-73.631	-87.838	-88.765	-87.413
-77.923	-78.853	-73.631	-87.838	-88.757	-87.413
-77.922	-78.853	-73.631	-87.838	-88.757	-87.413
-77.887	-78.853	-73.631	-87.838	-88.757	-87.413
-77.876	-78.853	-73.626	-87.838	-88.757	-87.413
-77.876	-78.853	-73.626	-87.838	-88.757	-87.413
-77.876	-78.853	-73.626	-87.838	-88.757	-87.413
-77.876	-78.853	-73.626	-87.838	-88.757	-87.411
-77.876	-78.853	-73.626	-87.838	-88.757	-87.411
-77.876	-78.853	-73.626	-87.838	-88.757	-87.411
-77.876	-78.853	-73.626	-87.77	-88.757	-87.411
-77.876	-78.853	-73.626	-87.77	-88.757	-87.411
-77.876	-78.853	-73.626	-87.77	-88.757	-87.41
-77.816	-78.853	-73.626	-87.767	-88.757	-87.41
-77.816	-78.853	-73.626	-87.767	-88.757	-87.41
-77.816	-78.853	-73.626	-87.767	-88.757	-87.409
-77.413	-78.853	-73.584	-87.767	-88.757	-87.409
-77.413	-78.853	-73.584	-87.767	-88.743	-87.409
-77.413	-78.853	-73.561	-87.767	-88.743	-87.409
-77.413	-78.853	-73.542	-87.767	-88.743	-87.409
-77.413	-78.853	-73.383	-87.767	-88.742	-87.409
-77.412	-78.853	-73.383	-87.767	-88.742	-87.409
-77.412	-78.853	-73.383	-87.767	-88.742	-87.409
-77.412	-78.853	-73.36	-87.767	-88.742	-87.409
-77.412	-78.853	-73.36	-87.767	-88.727	-87.409
-77.412	-78.853	-73.36	-87.767	-88.727	-87.407
-77.412	-78.853	-73.356	-87.767	-88.727	-87.407
-77.412	-78.852	-73.356	-87.767	-88.727	-87.407
-77.395	-78.852	-73.347	-87.767	-88.727	-87.407
-77.395	-78.852	-73.347	-87.767	-88.727	-87.407
-77.395	-78.852	-73.347	-87.767	-88.727	-87.407
-77.395	-78.852	-73.33	-87.766	-88.727	-87.404
-77.395	-78.852	-73.33	-87.766	-88.727	-87.404
-77.395	-78.852	-73.33	-87.766	-88.727	-87.404
-77.395	-78.851	-73.327	-87.766	-88.727	-87.404
-77.395	-78.851	-73.327	-87.766	-88.727	-87.404
-77.395	-78.851	-73.327	-87.766	-88.727	-87.402
-77.395	-78.851	-73.327	-87.766	-88.727	-87.402
-77.395	-78.851	-73.327	-87.766	-88.727	-87.402
-77.395	-78.851	-73.327	-87.765	-88.727	-87.402
-77.395	-78.851	-73.327	-87.765	-88.727	-87.402
-77.395	-78.851	-73.327	-87.765	-88.727	-87.402
-77.389	-78.851	-73.322	-87.765	-88.727	-87.402
-77.389	-78.851	-73.314	-87.765	-88.727	-87.402
-77.389	-78.851	-73.314	-87.765	-88.727	-87.4
-77.389	-78.851	-73.314	-87.765	-88.727	-87.4
-77.389	-78.851	-73.314	-87.765	-88.727	-87.4
-77.389	-78.851	-73.314	-87.765	-88.727	-87.4
-77.389	-78.851	-73.314	-87.765	-88.727	-87.4
-77.389	-78.851	-73.314	-87.765	-88.721	-87.4
-77.387	-78.851	-73.314	-87.765	-88.721	-87.4
-77.387	-78.851	-73.314	-87.765	-88.721	-87.4
-77.387	-78.851	-73.314	-87.765	-88.721	-87.4
-77.387	-78.851	-73.314	-87.765	-88.721	-87.4
-77.344	-78.851	-73.314	-87.765	-88.717	-87.4
-77.344	-78.851	-73.313	-87.765	-88.717	-87.4
-77.344	-78.851	-73.313	-87.765	-88.717	-87.4
-77.344	-78.851	-73.313	-87.765	-88.717	-87.4
-77.344	-78.851	-73.313	-87.765	-88.717	-87.4
-77.31	-78.851	-73.313	-87.765	-88.717	-87.4
-77.31	-78.851	-73.313	-87.765	-88.717	-87.4
-77.31	-78.851	-73.313	-87.764	-88.717	-87.4
-77.31	-78.851	-73.313	-87.764	-88.717	-87.4
-77.31	-78.851	-73.313	-87.764	-88.717	-87.398
-77.31	-78.851	-73.313	-87.764	-88.717	-87.398
-77.31	-78.851	-73.313	-87.764	-88.69	-87.398
-77.31	-78.851	-73.302	-87.764	-88.684	-87.398
-77.142	-78.519	-73.302	-87.764	-88.684	-87.398
-77.142	-78.519	-73.302	-87.764	-88.684	-87.398
-75.805	-78.519	-73.139	-87.764	-88.684	-87.398
-75.805	-78.519	-73.139	-87.764	-88.684	-87.398
-75.805	-78.518	-73.139	-87.764	-88.684	-87.398
-75.804	-78.518	-73.139	-87.764	-88.684	-87.398
-75.804	-78.473	-73.06	-87.764	-88.684	-87.398
-75.804	-78.473	-73.06	-87.764	-88.684	-87.398
-75.804	-78.473	-73.06	-87.764	-88.684	-87.398
-75.804	-78.473	-73.06	-87.764	-88.684	-87.398
-75.804	-78.473	-73.06	-87.764	-88.678	-87.398
-75.804	-78.473	-73.06	-87.764	-88.678	-87.398
-75.804	-78.44	-73.06	-87.764	-88.678	-87.398
-75.799	-78.44	-73.06	-87.764	-88.678	-87.398
-75.799	-78.44	-73.06	-87.764	-88.678	-87.398
-75.792	-78.44	-73.06	-87.764	-88.678	-87.398
-75.792	-78.44	-73.06	-87.764	-88.678	-87.398
-75.712	-78.44	-73.06	-87.764	-88.678	-87.394
-75.712	-78.44	-73.06	-87.764	-88.678	-87.394
-75.712	-78.44	-73.06	-87.764	-88.678	-87.394
-75.712	-78.44	-73.047	-87.764	-88.678	-87.394
-75.712	-78.44	-73.047	-87.764	-88.678	-87.394
-75.703	-78.44	-73.047	-87.764	-88.678	-87.394
-75.703	-78.44	-73.047	-87.764	-88.678	-87.394
-75.703	-78.44	-73.047	-87.764	-88.678	-87.394
-75.703	-78.44	-73.047	-87.764	-88.678	-87.394
-75.703	-78.44	-73.047	-87.764	-88.678	-87.394
-75.703	-78.44	-73.047	-87.764	-88.678	-87.394
-75.703	-78.44	-73.047	-87.764	-88.678	-87.39
-75.703	-78.44	-73.047	-87.764	-88.678	-87.39
-75.703	-78.44	-73.047	-87.764	-88.678	-87.39
-75.703	-78.44	-72.956	-87.764	-88.678	-87.39
-75.703	-78.44	-72.956	-87.764	-88.678	-87.39
-75.703	-78.44	-72.956	-87.764	-88.678	-87.39
-75.676	-78.44	-72.956	-87.764	-88.678	-87.39
-75.653	-78.44	-72.956	-87.764	-88.678	-87.39
-75.653	-78.44	-72.956	-87.764	-88.678	-87.39
-75.653	-78.44	-72.951	-87.764	-88.678	-87.39
-75.653	-78.44	-72.951	-87.764	-88.678	-87.39
-75.653	-78.44	-72.951	-87.764	-88.678	-87.39
-75.653	-78.44	-72.951	-87.764	-88.678	-87.39
-75.653	-78.44	-72.874	-87.764	-88.678	-87.39
-75.653	-78.44	-72.874	-87.764	-88.678	-87.39
-75.653	-78.44	-72.874	-87.764	-88.678	-87.39
-75.653	-78.437	-72.874	-87.764	-88.678	-87.39
-75.653	-78.437	-72.874	-87.764	-88.678	-87.39
-75.653	-78.437	-72.874	-87.764	-88.678	-87.39
-75.653	-78.437	-72.874	-87.764	-88.678	-87.39
-75.653	-78.437	-72.874	-87.764	-88.678	-87.39
-75.646	-78.437	-72.874	-87.764	-88.678	-87.39
-75.637	-78.437	-72.874	-87.764	-88.678	-87.39
-75.637	-78.437	-72.874	-87.764	-88.678	-87.39
-75.637	-78.437	-72.874	-87.764	-88.678	-87.389
-75.637	-78.437	-72.874	-87.764	-88.678	-87.389
-75.637	-78.437	-72.874	-87.764	-88.678	-87.389
-75.637	-78.437	-72.874	-87.764	-88.678	-87.389
-75.583	-78.437	-72.874	-87.764	-88.678	-87.389
-75.583	-78.437	-72.874	-87.764	-88.678	-87.389
-75.583	-78.437	-72.874	-87.764	-88.677	-87.389
-75.583	-78.437	-72.874	-87.764	-88.677	-87.389
-75.583	-78.437	-72.874	-87.764	-88.677	-87.389
-75.583	-78.437	-72.874	-87.764	-88.677	-87.389
-75.583	-78.437	-72.874	-87.764	-88.677	-87.389
-75.536	-78.437	-72.874	-87.764	-88.677	-87.389
-75.536	-78.425	-72.874	-87.764	-88.677	-87.389
-75.536	-78.425	-72.874	-87.764	-88.677	-87.389
-75.536	-78.425	-72.874	-87.764	-88.677	-87.389
-75.536	-78.425	-72.874	-87.764	-88.677	-87.389
-75.536	-78.425	-72.874	-87.764	-88.677	-87.389
-75.536	-78.425	-72.874	-87.764	-88.677	-87.389
-75.536	-78.425	-72.874	-87.764	-88.677	-87.389
-75.536	-78.425	-72.874	-87.764	-88.677	-87.389
-75.536	-78.425	-72.874	-87.764	-88.677	-87.389
-75.536	-78.425	-72.844	-87.764	-88.677	-87.389
-75.521	-78.425	-72.844	-87.764	-88.677	-87.389
-75.521	-78.425	-72.844	-87.764	-88.677	-87.389
-75.521	-78.425	-72.844	-87.764	-88.677	-87.389
-75.521	-78.413	-72.844	-87.764	-88.676	-87.389
-75.521	-78.413	-72.844	-87.764	-88.562	-87.389
-75.521	-78.413	-72.844	-87.764	-88.562	-87.389
-75.447	-78.413	-72.844	-87.764	-88.562	-87.389
-75.447	-78.413	-72.844	-87.764	-88.562	-87.389
-75.447	-78.413	-72.781	-87.764	-88.562	-87.389
-75.447	-78.413	-72.781	-87.764	-88.562	-87.389
-75.447	-78.406	-72.781	-87.764	-88.562	-87.389
-75.417	-78.406	-72.781	-87.764	-88.546	-87.389
-75.417	-78.406	-72.781	-87.764	-88.546	-87.389
-75.417	-78.406	-72.781	-87.764	-88.546	-87.389
-75.417	-78.406	-72.781	-87.764	-88.546	-87.389
-75.417	-78.406	-72.781	-87.764	-88.546	-87.389
-75.417	-78.406	-72.781	-87.764	-88.546	-87.389
-75.417	-78.406	-72.781	-87.764	-88.546	-87.389
-75.417	-78.406	-72.781	-87.764	-88.546	-87.389
-75.417	-78.406	-72.781	-87.764	-88.546	-87.389
-75.417	-78.406	-72.781	-87.764	-88.546	-87.389
-75.417	-78.406	-72.781	-87.764	-88.546	-87.389
-75.417	-78.406	-72.781	-87.764	-88.546	-87.389
-75.417	-78.406	-72.781	-87.764	-88.546	-87.389
-75.417	-78.406	-72.781	-87.764	-88.546	-87.389
-75.417	-78.406	-72.781	-87.764	-88.546	-87.389
-75.417	-78.406	-72.781	-87.764	-88.546	-87.389
-75.417	-78.406	-72.781	-87.764	-88.546	-87.389
-75.417	-78.406	-72.781	-87.764	-88.546	-87.389
-75.417	-78.406	-72.781	-87.764	-88.546	-87.389
-75.417	-78.406	-72.781	-87.764	-88.546	-87.389
-75.417	-78.406	-72.778	-87.764	-88.546	-87.389
-75.417	-78.406	-72.778	-87.764	-88.546	-87.389
-75.417	-78.406	-72.778	-87.764	-88.546	-87.389
-75.417	-78.406	-72.778	-87.764	-88.546	-87.389
-75.417	-78.406	-72.778	-87.764	-88.546	-87.389
-75.417	-78.406	-72.778	-87.764	-88.546	-87.389
-75.417	-78.406	-72.778	-87.764	-88.546	-87.389
-75.417	-78.406	-72.778	-87.764	-88.546	-87.389
-75.417	-78.406	-72.778	-87.764	-88.546	-87.389
-75.417	-78.406	-72.778	-87.764	-88.546	-87.389
-75.417	-78.406	-72.778	-87.764	-88.546	-87.389
-75.417	-78.406	-72.778	-87.764	-88.546	-87.389
-75.417	-78.406	-72.778	-87.764	-88.546	-87.389
-75.417	-78.406	-72.778	-87.764	-88.546	-87.389
-75.417	-78.406	-72.778	-87.764	-88.546	-87.389
-75.417	-78.406	-72.778	-87.764	-88.546	-87.389
-75.417	-78.406	-72.778	-87.764	-88.546	-87.389
-75.416	-78.406	-72.778	-87.764	-88.546	-87.389
-75.416	-78.406	-72.778	-87.764	-88.546	-87.389
-75.416	-78.406	-72.778	-87.764	-88.546	-87.389
-75.416	-78.406	-72.778	-87.764	-88.546	-87.388
-75.416	-78.406	-72.778	-87.764	-88.546	-87.388
-75.403	-78.406	-72.778	-87.764	-88.546	-87.388
-75.403	-78.406	-72.778	-87.764	-88.546	-87.388
-75.403	-78.403	-72.778	-87.764	-88.546	-87.388
-75.403	-78.403	-72.778	-87.764	-88.546	-87.388
-75.403	-78.403	-72.778	-87.764	-88.546	-87.388
-75.403	-78.392	-72.778	-87.764	-88.546	-87.388
-75.403	-78.392	-72.778	-87.764	-88.546	-87.388
-75.403	-78.392	-72.761	-87.764	-88.546	-87.388
-75.403	-78.392	-72.761	-87.764	-88.546	-87.388
-75.403	-78.392	-72.761	-87.764	-88.546	-87.388
-75.403	-78.392	-72.761	-87.764	-88.546	-87.381
-75.403	-78.392	-72.761	-87.764	-88.546	-87.381
-75.403	-78.392	-72.761	-87.764	-88.546	-87.381
-75.403	-78.392	-72.761	-87.764	-88.546	-87.381
-75.403	-78.392	-72.761	-87.764	-88.546	-87.381
-75.403	-78.392	-72.761	-87.764	-88.546	-87.381
-75.384	-78.392	-72.761	-87.764	-88.546	-87.381
-75.384	-78.392	-72.745	-87.764	-88.546	-87.381
-75.384	-78.392	-72.745	-87.764	-88.546	-87.381
-75.384	-78.392	-72.743	-87.764	-88.546	-87.381
-75.384	-78.392	-72.743	-87.764	-88.546	-87.381
-75.384	-78.392	-72.743	-87.764	-88.546	-87.381
-75.38	-78.39	-72.742	-87.764	-88.546	-87.381
-75.38	-78.39	-72.742	-87.764	-88.546	-87.381
-75.38	-78.39	-72.742	-87.764	-88.546	-87.381
-75.38	-78.39	-72.742	-87.764	-88.546	-87.381
-75.38	-78.39	-72.742	-87.764	-88.546	-87.381
-75.378	-78.39	-72.742	-87.764	-88.525	-87.381
-75.378	-78.39	-72.742	-87.764	-88.525	-87.381
-75.378	-78.39	-72.742	-87.764	-88.264	-87.381
-75.378	-78.39	-72.742	-87.764	-88.264	-87.381
-75.378	-78.39	-72.742	-87.764	-88.264	-87.381
-75.378	-78.39	-72.742	-87.764	-88.263	-87.381
-75.378	-78.39	-72.742	-87.764	-88.263	-87.381
-75.378	-78.381	-72.742	-87.764	-88.263	-87.381
-75.378	-78.381	-72.742	-87.764	-88.263	-87.381
-75.378	-78.381	-72.742	-87.764	-88.263	-87.381
-75.378	-78.381	-72.742	-87.764	-88.263	-87.381
-75.378	-78.381	-72.742	-87.764	-88.263	-87.381
-75.378	-78.381	-72.742	-87.764	-88.263	-87.381
-75.378	-78.381	-72.742	-87.764	-88.263	-87.381
-75.378	-78.381	-72.742	-87.764	-88.263	-87.381
-75.378	-78.381	-72.741	-87.764	-88.263	-87.381
-75.378	-78.381	-72.741	-87.764	-88.255	-87.381
-75.355	-78.381	-72.741	-87.764	-88.255	-87.381
-75.355	-78.381	-72.741	-87.764	-88.255	-87.381
-75.355	-78.369	-72.741	-87.764	-88.255	-87.381
-75.355	-78.369	-72.741	-87.764	-88.255	-87.381
-75.355	-78.369	-72.74	-87.764	-88.255	-87.381
-75.355	-78.369	-72.74	-87.764	-88.255	-87.381
-75.355	-78.369	-72.74	-87.764	-88.255	-87.381
-75.355	-78.369	-72.74	-87.764	-88.255	-87.381
-75.355	-78.369	-72.74	-87.764	-88.255	-87.381
-75.355	-78.369	-72.74	-87.764	-88.255	-87.381
-75.351	-78.369	-72.74	-87.764	-88.255	-87.381
-75.351	-78.369	-72.74	-87.764	-88.255	-87.381
-75.351	-78.369	-72.74	-87.764	-88.255	-87.381
-75.351	-78.369	-72.74	-87.764	-88.255	-87.381
-75.351	-78.369	-72.74	-87.764	-88.255	-87.381
-75.351	-78.369	-72.74	-87.764	-88.255	-87.381
-75.351	-78.369	-72.74	-87.764	-88.255	-87.381
-75.351	-78.369	-72.74	-87.764	-88.255	-87.381
-75.351	-78.369	-72.74	-87.764	-88.255	-87.381
-75.351	-78.369	-72.74	-87.764	-88.255	-87.381
-75.351	-78.369	-72.74	-87.764	-88.255	-87.381
-75.351	-78.369	-72.74	-87.764	-88.255	-87.381
-75.351	-78.369	-72.74	-87.764	-88.255	-87.381
-75.351	-78.369	-72.74	-87.764	-88.255	-87.381
-75.351	-78.368	-72.74	-87.764	-88.255	-87.381
-75.351	-78.368	-72.74	-87.764	-88.255	-87.381
-75.351	-78.368	-72.74	-87.764	-88.255	-87.381
-75.351	-78.368	-72.74	-87.764	-88.255	-87.381
-75.351	-78.368	-72.74	-87.764	-88.255	-87.381
-75.351	-78.368	-72.74	-87.764	-88.255	-87.381
-75.351	-78.368	-72.74	-87.764	-88.255	-87.381
-75.351	-78.368	-72.74	-87.764	-88.255	-87.381
-75.351	-78.368	-72.737	-87.764	-88.255	-87.381
-75.351	-78.368	-72.737	-87.764	-88.255	-87.381
-75.351	-78.368	-72.736	-87.764	-88.255	-87.381
-75.351	-78.368	-72.736	-87.764	-88.255	-87.381
-75.351	-78.368	-72.736	-87.764	-88.255	-87.381
-75.351	-78.368	-72.736	-87.764	-88.255	-87.381
-75.351	-78.368	-72.736	-87.764	-88.255	-87.381
-75.351	-78.368	-72.736	-87.764	-88.255	-87.381
-75.351	-78.368	-72.736	-87.764	-88.255	-87.381
-75.341	-78.368	-72.736	-87.764	-88.255	-87.381
-75.341	-78.368	-72.736	-87.764	-88.255	-87.381
-75.341	-78.368	-72.736	-87.764	-88.255	-87.381
-75.341	-78.368	-72.736	-87.764	-88.255	-87.381
-75.341	-78.368	-72.736	-87.764	-88.255	-87.381
-75.341	-78.368	-72.736	-87.764	-88.255	-87.381
-75.341	-78.336	-72.736	-87.764	-88.255	-87.381
-75.341	-78.336	-72.736	-87.764	-88.255	-87.381
-75.341	-78.336	-72.736	-87.764	-88.255	-87.381
-75.341	-78.336	-72.736	-87.764	-88.255	-87.381
-75.341	-78.336	-72.736	-87.764	-88.255	-87.381
-75.341	-78.336	-72.736	-87.764	-88.255	-87.381
-75.341	-78.336	-72.736	-87.764	-88.255	-87.381
-75.341	-78.336	-72.736	-87.764	-88.255	-87.381
-75.341	-78.336	-72.736	-87.764	-88.255	-87.381
-75.341	-78.336	-72.736	-87.764	-88.255	-87.381
-75.341	-78.336	-72.736	-87.764	-88.255	-87.381
-75.341	-78.336	-72.736	-87.764	-88.255	-87.381
-75.341	-78.336	-72.736	-87.764	-88.255	-87.381
-75.341	-78.336	-72.736	-87.764	-88.255	-87.381
-75.341	-78.336	-72.736	-87.764	-88.255	-87.381
-75.341	-78.336	-72.736	-87.764	-88.255	-87.381
-75.341	-78.336	-72.736	-87.764	-88.255	-87.381
-75.341	-78.336	-72.736	-87.764	-88.255	-87.381
-75.341	-78.336	-72.736	-87.764	-88.255	-87.381
-75.341	-78.336	-72.736	-87.764	-88.255	-87.381
-75.341	-78.336	-72.736	-87.764	-88.255	-87.381
-75.341	-78.336	-72.736	-87.764	-88.255	-87.381
-75.341	-78.336	-72.736	-87.764	-88.255	-87.381
-75.316	-78.336	-72.736	-87.764	-88.255	-87.381
-75.315	-78.336	-72.736	-87.764	-88.255	-87.381
-75.311	-78.336	-72.736	-87.764	-88.255	-87.381
-75.311	-78.336	-72.736	-87.764	-88.255	-87.381
-75.311	-78.336	-72.736	-87.764	-88.255	-87.381
-75.311	-78.336	-72.736	-87.764	-88.255	-87.381
-75.311	-78.336	-72.736	-87.764	-88.255	-87.381
-75.311	-78.336	-72.736	-87.764	-88.255	-87.381
-75.311	-78.336	-72.736	-87.764	-88.255	-87.381
-75.311	-78.336	-72.736	-87.764	-88.255	-87.381
-75.311	-78.336	-72.736	-87.764	-88.255	-87.381
-75.31	-78.336	-72.736	-87.764	-88.255	-87.381
-75.31	-78.336	-72.736	-87.764	-88.255	-87.381
-75.31	-78.336	-72.736	-87.733	-88.255	-87.381
-75.31	-78.336	-72.736	-87.733	-88.255	-87.381
-75.309	-78.336	-72.736	-87.733	-88.255	-87.381
-75.309	-78.336	-72.736	-87.733	-88.255	-87.381
-75.309	-78.336	-72.736	-87.733	-88.255	-87.381
-75.309	-78.336	-72.736	-87.733	-88.255	-87.381
-75.309	-78.336	-72.736	-87.733	-88.255	-87.381
-75.287	-78.336	-72.736	-87.733	-88.255	-87.381
-75.287	-78.336	-72.736	-87.733	-88.255	-87.381
-75.287	-78.336	-72.736	-87.733	-88.255	-87.381
-75.287	-78.336	-72.736	-87.733	-88.255	-87.381
-75.287	-78.336	-72.736	-87.733	-88.255	-87.381
-75.287	-78.336	-72.736	-87.733	-88.255	-87.381
-75.287	-78.336	-72.736	-87.733	-88.255	-87.381
-75.287	-78.336	-72.736	-87.729	-88.255	-87.381
-75.287	-78.336	-72.736	-87.729	-88.255	-87.381
-75.287	-78.336	-72.736	-87.729	-88.255	-87.381
-75.287	-78.336	-72.736	-87.729	-88.255	-87.381
-75.287	-78.336	-72.736	-87.729	-88.255	-87.381
-75.287	-78.336	-72.736	-87.729	-88.255	-87.381
-75.287	-78.336	-72.735	-87.729	-88.255	-87.381
-75.287	-78.336	-72.735	-87.693	-88.255	-87.381
-75.287	-78.336	-72.735	-87.693	-88.255	-87.381
-75.287	-78.336	-72.735	-87.693	-88.255	-87.381
-75.287	-78.336	-72.735	-87.693	-88.255	-87.381
-75.287	-78.336	-72.735	-87.693	-88.255	-87.381
-75.282	-78.336	-72.735	-87.693	-88.255	-87.381
-75.282	-78.336	-72.735	-87.693	-88.255	-87.381
-75.282	-78.336	-72.735	-87.693	-88.255	-87.381
-75.282	-78.336	-72.735	-87.693	-88.255	-87.379
-75.282	-78.336	-72.735	-87.693	-88.255	-87.379
-75.282	-78.336	-72.735	-87.693	-88.255	-87.379
-75.282	-78.336	-72.735	-87.693	-88.255	-87.379
-75.282	-78.321	-72.735	-87.693	-88.255	-87.379
-75.282	-78.321	-72.735	-87.693	-88.255	-87.379
-75.282	-78.321	-72.735	-87.693	-88.255	-87.379
-75.282	-78.321	-72.735	-87.693	-88.255	-87.379
-75.282	-78.321	-72.735	-87.693	-88.255	-87.379
-75.282	-78.321	-72.735	-87.693	-88.255	-87.379
-75.282	-78.321	-72.735	-87.693	-88.255	-87.379
-75.282	-78.321	-72.735	-87.693	-88.255	-87.379
-75.282	-78.321	-72.735	-87.688	-88.255	-87.379
-75.282	-78.321	-72.735	-87.688	-88.255	-87.379
-75.282	-78.321	-72.735	-87.679	-88.255	-87.379
-75.282	-78.321	-72.735	-87.671	-88.255	-87.368
-75.282	-78.321	-72.735	-87.671	-88.255	-87.36
-75.282	-78.321	-72.735	-87.653	-88.255	-87.36
-75.282	-78.321	-72.735	-87.653	-88.255	-87.36
-75.282	-78.321	-72.735	-87.653	-88.255	-87.36
-75.282	-78.321	-72.735	-87.653	-88.255	-87.36
-75.282	-78.321	-72.735	-87.653	-88.255	-87.359
-75.282	-78.321	-72.735	-87.653	-88.255	-87.359
-75.282	-78.321	-72.735	-87.653	-88.255	-87.359
-75.282	-78.321	-72.735	-87.653	-88.255	-87.359
-75.282	-78.321	-72.735	-87.653	-88.255	-87.359
-75.282	-78.321	-72.735	-87.653	-88.255	-87.359
-75.282	-78.321	-72.735	-87.653	-88.255	-87.359
-75.282	-78.321	-72.735	-87.653	-88.255	-87.359
-75.282	-78.321	-72.735	-87.653	-88.255	-87.359
-75.282	-78.321	-72.735	-87.653	-88.255	-87.359
-75.282	-78.321	-72.735	-87.653	-88.255	-87.359
-75.282	-78.321	-72.735	-87.653	-88.255	-87.359
-75.282	-78.321	-72.735	-87.653	-88.255	-87.359
-75.282	-78.321	-72.735	-87.653	-88.255	-87.359
-75.282	-78.321	-72.735	-87.653	-88.255	-87.359
-75.282	-78.321	-72.735	-87.653	-88.255	-87.359
-75.282	-78.321	-72.735	-87.653	-88.255	-87.359
-75.282	-78.321	-72.735	-87.653	-88.255	-87.359
-75.282	-78.321	-72.735	-87.653	-88.255	-87.359
-75.282	-78.321	-72.735	-87.653	-88.255	-87.359
-75.282	-78.321	-72.735	-87.653	-88.255	-87.359
-75.282	-78.321	-72.735	-87.653	-88.255	-87.359
-75.282	-78.321	-72.735	-87.653	-88.255	-87.359
-75.282	-78.321	-72.735	-87.653	-88.255	-87.359
-75.282	-78.321	-72.735	-87.653	-88.255	-87.359
-75.282	-78.321	-72.735	-87.652	-88.255	-87.359
-75.282	-78.321	-72.735	-87.652	-88.255	-87.359
-75.282	-78.321	-72.735	-87.652	-88.255	-87.359
-75.282	-78.317	-72.735	-87.652	-88.255	-87.359
-75.282	-78.317	-72.735	-87.652	-88.255	-87.359
-75.282	-78.317	-72.735	-87.652	-88.255	-87.359
-75.282	-78.317	-72.735	-87.652	-88.255	-87.359
-75.282	-78.317	-72.735	-87.652	-88.255	-87.359
-75.282	-78.317	-72.735	-87.652	-88.255	-87.359
-75.279	-78.317	-72.735	-87.652	-88.255	-87.359
-75.279	-78.317	-72.735	-87.652	-88.255	-87.359
-75.279	-78.317	-72.735	-87.652	-88.255	-87.359
-75.279	-78.317	-72.735	-87.652	-88.255	-87.359
-75.279	-78.317	-72.735	-87.652	-88.24	-87.359
-75.279	-78.317	-72.735	-87.652	-88.24	-87.359
-75.279	-78.317	-72.735	-87.652	-88.24	-87.359
-75.279	-78.317	-72.735	-87.652	-88.24	-87.359
-75.279	-78.317	-72.735	-87.652	-88.24	-87.359
-75.279	-78.317	-72.735	-87.652	-88.24	-87.359
-75.279	-78.317	-72.735	-87.652	-88.24	-87.359
-75.279	-78.317	-72.735	-87.652	-88.24	-87.359
-75.279	-78.317	-72.735	-87.652	-88.24	-87.359
-75.279	-78.317	-72.735	-87.652	-88.24	-87.359
-75.279	-78.317	-72.735	-87.652	-88.232	-87.359
-75.279	-78.317	-72.735	-87.652	-88.232	-87.359
-75.279	-78.317	-72.735	-87.652	-88.232	-87.359
-75.279	-78.317	-72.735	-87.652	-88.232	-87.359
-75.279	-78.317	-72.735	-87.652	-88.232	-87.359
-75.279	-78.317	-72.735	-87.652	-88.232	-87.359
-75.278	-78.254	-72.735	-87.652	-88.232	-87.359
-75.278	-78.254	-72.735	-87.652	-88.231	-87.359
-75.278	-78.254	-72.735	-87.652	-88.231	-87.355
-75.278	-78.254	-72.735	-87.652	-88.231	-87.355
-75.278	-78.254	-72.735	-87.652	-88.231	-87.355
-75.278	-78.254	-72.735	-87.652	-88.231	-87.355
-75.278	-78.254	-72.735	-87.652	-88.231	-87.355
-75.273	-78.254	-72.735	-87.652	-88.231	-87.355
-75.262	-78.254	-72.735	-87.652	-88.231	-87.355
-75.262	-78.254	-72.735	-87.652	-88.231	-87.355
-75.262	-78.254	-72.735	-87.652	-88.231	-87.355
-74.994	-78.254	-72.735	-87.652	-88.231	-87.355
-74.994	-78.254	-72.735	-87.652	-88.231	-87.355
-74.887	-78.254	-72.735	-87.652	-88.231	-87.355
-74.887	-78.254	-72.735	-87.652	-88.231	-87.355
-74.887	-78.254	-72.735	-87.652	-88.231	-87.355
-74.887	-78.254	-72.735	-87.652	-88.231	-87.355
-74.887	-78.254	-72.735	-87.652	-88.231	-87.355
-74.887	-78.254	-72.735	-87.652	-88.229	-87.355
-74.887	-78.254	-72.735	-87.652	-88.229	-87.355
-74.887	-78.254	-72.735	-87.652	-88.229	-87.355
-74.887	-78.254	-72.735	-87.652	-88.229	-87.355
-74.887	-78.254	-72.735	-87.652	-88.229	-87.353
-74.887	-78.253	-72.735	-87.652	-88.229	-87.353
-74.887	-78.253	-72.735	-87.652	-88.229	-87.353
-74.839	-78.253	-72.735	-87.652	-88.229	-87.353
-74.839	-78.253	-72.735	-87.652	-88.229	-87.353
-74.839	-78.253	-72.735	-87.652	-88.229	-87.353
-74.839	-78.253	-72.735	-87.652	-88.229	-87.353
-74.839	-78.253	-72.735	-87.652	-88.229	-87.353
-74.839	-78.253	-72.735	-87.652	-88.229	-87.353
-74.839	-78.253	-72.735	-87.652	-88.229	-87.353
-74.839	-78.253	-72.735	-87.652	-88.229	-87.353
-74.839	-78.253	-72.735	-87.652	-88.229	-87.353
-74.839	-78.253	-72.735	-87.652	-88.229	-87.353
-74.839	-78.253	-72.735	-87.652	-88.229	-87.353
-74.839	-78.253	-72.735	-87.652	-88.229	-87.353
-74.839	-78.253	-72.735	-87.652	-88.229	-87.353
-74.839	-78.253	-72.735	-87.652	-88.229	-87.353
-74.839	-78.253	-72.735	-87.65	-88.229	-87.353
-74.839	-78.253	-72.735	-87.65	-88.229	-87.353
-74.839	-78.253	-72.735	-87.65	-88.229	-87.353
-74.839	-78.253	-72.735	-87.65	-88.229	-87.353
-74.839	-78.253	-72.735	-87.65	-88.229	-87.353
-74.839	-78.253	-72.735	-87.65	-88.229	-87.351
-74.839	-78.253	-72.735	-87.65	-88.229	-87.351
-74.839	-78.253	-72.735	-87.65	-88.229	-87.351
-74.839	-78.253	-72.735	-87.65	-88.229	-87.351
-74.839	-78.253	-72.735	-87.65	-88.229	-87.351
-74.803	-78.253	-72.735	-87.65	-88.229	-87.351
-74.803	-78.253	-72.735	-87.65	-88.229	-87.351
-74.803	-78.253	-72.735	-87.65	-88.229	-87.351
-74.803	-78.253	-72.735	-87.65	-88.229	-87.351
-74.803	-78.253	-72.735	-87.65	-88.229	-87.351
-74.803	-78.253	-72.735	-87.65	-88.229	-87.351
-74.799	-78.253	-72.735	-87.65	-88.229	-87.351
-74.799	-78.253	-72.735	-87.65	-88.229	-87.351
-74.799	-78.253	-72.735	-87.65	-88.229	-87.351
-74.799	-78.253	-72.735	-87.65	-88.229	-87.351
-74.799	-78.253	-72.735	-87.65	-88.229	-87.351
-74.799	-78.253	-72.735	-87.65	-88.229	-87.351
-74.799	-78.253	-72.735	-87.65	-88.229	-87.351
-74.799	-78.253	-72.735	-87.65	-88.229	-87.351
-74.799	-78.253	-72.735	-87.65	-88.229	-87.351
-74.799	-78.253	-72.735	-87.65	-88.229	-87.351
-74.799	-78.253	-72.735	-87.65	-88.229	-87.351
-74.799	-78.253	-72.735	-87.65	-88.229	-87.351
-74.799	-78.253	-72.735	-87.65	-88.229	-87.351
-74.791	-78.253	-72.735	-87.65	-88.229	-87.351
-74.789	-78.253	-72.735	-87.65	-88.229	-87.351
-74.789	-78.25	-72.735	-87.65	-88.229	-87.351
-74.789	-78.25	-72.735	-87.65	-88.229	-87.351
-74.789	-78.25	-72.735	-87.65	-88.229	-87.351
-74.789	-78.25	-72.735	-87.65	-88.229	-87.351
-74.789	-78.25	-72.735	-87.65	-88.229	-87.351
-74.789	-78.25	-72.735	-87.65	-88.229	-87.351
-74.789	-78.25	-72.735	-87.649	-88.229	-87.351
-74.789	-78.25	-72.735	-87.649	-88.229	-87.351
-74.789	-78.25	-72.735	-87.649	-88.229	-87.351
-74.782	-78.25	-72.735	-87.649	-88.229	-87.351
-74.782	-78.25	-72.735	-87.649	-88.229	-87.351
-74.782	-78.25	-72.735	-87.649	-88.229	-87.351
-74.776	-78.25	-72.735	-87.649	-88.229	-87.351
-74.776	-78.25	-72.735	-87.649	-88.229	-87.348
-74.776	-78.25	-72.735	-87.649	-88.229	-87.348
-74.776	-78.25	-72.735	-87.649	-88.229	-87.348
-74.776	-78.249	-72.735	-87.649	-88.229	-87.348
-74.776	-78.249	-72.735	-87.649	-88.229	-87.348
-74.776	-78.249	-72.735	-87.649	-88.229	-87.348
-74.776	-78.243	-72.735	-87.649	-88.229	-87.348
-74.776	-78.243	-72.735	-87.649	-88.229	-87.348
-74.776	-78.243	-72.735	-87.649	-88.229	-87.348
-74.776	-78.243	-72.735	-87.649	-88.229	-87.348
-74.776	-78.243	-72.735	-87.649	-88.229	-87.348
-74.776	-78.243	-72.735	-87.649	-88.229	-87.348
-74.776	-78.243	-72.735	-87.649	-88.229	-87.348
-74.776	-78.243	-72.735	-87.649	-88.229	-87.348
-74.776	-78.243	-72.735	-87.649	-88.229	-87.348
-74.776	-78.243	-72.735	-87.649	-88.229	-87.348
-74.776	-78.243	-72.735	-87.649	-88.229	-87.348
-74.776	-78.243	-72.735	-87.649	-88.229	-87.348
-74.776	-78.243	-72.735	-87.649	-88.229	-87.348
-74.776	-78.243	-72.735	-87.649	-88.229	-87.348
-74.776	-78.243	-72.735	-87.649	-88.229	-87.348
-74.776	-78.243	-72.735	-87.649	-88.229	-87.348
-74.776	-78.243	-72.735	-87.649	-88.229	-87.348
-74.776	-78.243	-72.735	-87.649	-88.229	-87.348
-74.776	-78.243	-72.735	-87.649	-88.229	-87.348
-74.776	-78.243	-72.735	-87.649	-88.229	-87.348
-74.776	-78.243	-72.735	-87.649	-88.229	-87.348
-74.356	-78.243	-71.292	-87.649	-88.229	-87.348
-74.356	-78.243	-71.292	-87.649	-88.229	-87.348
-74.356	-78.243	-71.292	-87.649	-88.229	-87.348
-74.356	-78.243	-71.292	-87.649	-88.229	-87.348
-74.356	-78.243	-71.292	-87.649	-88.229	-87.348
-74.356	-78.243	-71.292	-87.649	-88.229	-87.348
-74.356	-78.243	-71.292	-87.649	-88.229	-87.348
-74.354	-78.243	-71.292	-87.649	-88.229	-87.348
-74.354	-78.243	-71.292	-87.649	-88.229	-87.348
-74.354	-78.243	-71.292	-87.649	-88.229	-87.348
-74.354	-78.243	-71.292	-87.649	-88.229	-87.348
-74.354	-78.243	-71.292	-87.649	-88.229	-87.348
-74.354	-78.243	-71.292	-87.649	-88.229	-87.348
-74.354	-78.243	-71.292	-87.649	-88.229	-87.348
-74.354	-78.243	-71.292	-87.649	-88.229	-87.348
-74.354	-78.243	-71.292	-87.649	-88.229	-87.348
-74.354	-78.243	-71.292	-87.649	-88.229	-87.348
-74.354	-78.243	-71.292	-87.649	-88.229	-87.348
-74.354	-78.243	-71.292	-87.649	-88.229	-87.348
-74.354	-78.243	-71.292	-87.649	-88.229	-87.348
-74.354	-78.243	-71.292	-87.649	-88.229	-87.348
-74.354	-78.243	-71.292	-87.649	-88.229	-87.348
-74.354	-78.243	-71.292	-87.649	-88.229	-87.348
-74.354	-78.243	-71.292	-87.649	-88.229	-87.348
-74.354	-78.243	-71.292	-87.649	-88.229	-87.348
-74.354	-78.243	-71.292	-87.649	-88.229	-87.348
-74.354	-78.243	-71.292	-87.649	-88.229	-87.348
-74.354	-78.243	-71.292	-87.649	-88.229	-87.348
-74.354	-78.243	-71.292	-87.649	-88.229	-87.348
-74.354	-78.243	-71.292	-87.649	-88.229	-87.348
-74.354	-78.243	-71.292	-87.649	-88.229	-87.348
-74.354	-78.243	-71.292	-87.649	-88.229	-87.348
-74.354	-78.243	-71.292	-87.649	-88.229	-87.348
-74.354	-78.243	-71.292	-87.649	-88.229	-87.348
-74.354	-78.243	-71.292	-87.649	-88.229	-87.348
-74.354	-78.243	-71.292	-87.649	-88.229	-87.348
-74.354	-78.243	-71.292	-87.649	-88.229	-87.348
-74.354	-78.243	-71.292	-87.649	-88.229	-87.348
-74.354	-78.243	-71.292	-87.649	-88.229	-87.348
-74.354	-78.243	-71.292	-87.649	-88.229	-87.348
-74.354	-78.243	-71.292	-87.649	-88.229	-87.348
-74.354	-78.243	-71.292	-87.649	-88.229	-87.348
-74.354	-78.243	-71.292	-87.649	-88.229	-87.348
-74.354	-78.243	-71.292	-87.649	-88.229	-87.348
-74.354	-78.243	-71.292	-87.649	-88.229	-87.348
-74.354	-78.243	-71.292	-87.649	-88.229	-87.346
-74.354	-78.243	-71.292	-87.649	-88.229	-87.346
-74.354	-78.243	-71.292	-87.649	-88.229	-87.346
-74.354	-78.243	-71.292	-87.649	-88.229	-87.345
-74.354	-78.243	-71.292	-87.649	-88.229	-87.345
-74.354	-78.243	-71.292	-87.649	-88.229	-87.345
-74.354	-78.243	-71.292	-87.649	-88.229	-87.345
-74.354	-78.243	-71.292	-87.649	-88.229	-87.345
-74.354	-78.243	-71.292	-87.649	-88.229	-87.345
-74.354	-78.243	-71.292	-87.649	-88.229	-87.345
-74.354	-78.243	-71.292	-87.649	-88.229	-87.345
-74.354	-78.243	-71.292	-87.649	-88.229	-87.345
-74.354	-78.243	-71.292	-87.649	-88.229	-87.345
-74.354	-78.243	-71.292	-87.649	-88.229	-87.345
-74.354	-78.243	-71.292	-87.649	-88.229	-87.345
-74.354	-78.243	-71.292	-87.649	-88.229	-87.345
-74.354	-78.243	-71.292	-87.649	-88.229	-87.345
-74.354	-78.243	-71.292	-87.649	-88.229	-87.344
-74.354	-78.243	-71.292	-87.649	-88.229	-87.344
-74.354	-78.243	-71.292	-87.649	-88.229	-87.344
-74.354	-78.243	-71.292	-87.649	-88.229	-87.344
-74.354	-78.243	-71.292	-87.649	-88.229	-87.344
-74.354	-78.243	-71.292	-87.649	-88.229	-87.344
-74.354	-78.243	-71.292	-87.649	-88.229	-87.344
-74.354	-78.243	-71.292	-87.649	-88.229	-87.344
-74.354	-78.243	-71.292	-87.649	-88.229	-87.344
-74.354	-78.243	-71.292	-87.649	-88.229	-87.344
-74.354	-78.243	-71.292	-87.649	-88.229	-87.344
-74.354	-78.243	-71.292	-87.649	-88.229	-87.344
-74.354	-78.243	-71.292	-87.649	-88.229	-87.344
-74.354	-78.243	-71.292	-87.649	-88.229	-87.344
-74.354	-78.243	-71.292	-87.649	-88.229	-87.344
-74.354	-78.243	-71.292	-87.649	-88.229	-87.344
-74.354	-78.243	-71.292	-87.649	-88.229	-87.344
-74.354	-78.243	-71.292	-87.649	-88.229	-87.344
-74.354	-78.243	-71.292	-87.649	-88.229	-87.344
-74.354	-78.243	-71.292	-87.649	-88.229	-87.344
-74.354	-78.243	-71.292	-87.649	-88.229	-87.344
-74.354	-78.243	-71.292	-87.649	-88.229	-87.344
-74.354	-78.243	-71.292	-87.649	-88.229	-87.344
-74.354	-78.243	-71.292	-87.649	-88.229	-87.344
-74.354	-78.243	-71.292	-87.649	-88.229	-87.344
-74.354	-78.243	-71.292	-87.649	-88.229	-87.344
-74.354	-78.243	-71.292	-87.649	-88.229	-87.344
-74.354	-78.243	-71.292	-87.649	-88.229	-87.344
-74.354	-78.243	-71.292	-87.649	-88.229	-87.344
-74.354	-78.243	-71.292	-87.649	-88.229	-87.343
-74.354	-78.243	-71.292	-87.649	-88.229	-87.343
-74.354	-78.243	-71.292	-87.649	-88.229	-87.343
-74.354	-78.243	-71.292	-87.649	-88.229	-87.343
-74.354	-78.243	-71.292	-87.649	-88.229	-87.343
-74.354	-78.243	-71.292	-87.649	-88.229	-87.343
-74.354	-78.243	-71.292	-87.649	-88.229	-87.343
-74.354	-78.243	-71.292	-87.649	-88.229	-87.343
-74.354	-78.243	-71.292	-87.649	-88.229	-87.343
-74.354	-78.242	-71.292	-87.649	-88.229	-87.343
-74.354	-78.242	-71.292	-87.649	-88.229	-87.343
-74.354	-78.242	-71.292	-87.649	-88.229	-87.343
-74.354	-78.242	-71.292	-87.649	-88.229	-87.343
-74.354	-78.242	-71.292	-87.649	-88.229	-87.343
-74.354	-78.242	-71.292	-87.649	-88.229	-87.343
-74.354	-78.242	-71.292	-87.649	-88.229	-87.343
-74.354	-78.241	-71.292	-87.649	-88.229	-87.343
-74.354	-78.241	-71.292	-87.649	-88.229	-87.343
-74.354	-78.241	-71.292	-87.648	-88.229	-87.343
-74.354	-78.241	-71.292	-87.648	-88.229	-87.343
-74.354	-78.241	-71.292	-87.648	-88.229	-87.343
-74.354	-78.241	-71.292	-87.648	-88.229	-87.343
-74.354	-78.241	-71.292	-87.648	-88.229	-87.343
-74.354	-78.241	-71.292	-87.648	-88.229	-87.343
-74.354	-78.241	-71.292	-87.648	-88.229	-87.343
-74.354	-78.241	-71.292	-87.648	-88.229	-87.343
-74.354	-78.241	-71.292	-87.648	-88.229	-87.343
-74.354	-78.241	-71.292	-87.648	-88.229	-87.343
-74.354	-78.241	-71.292	-87.648	-88.229	-87.343
-74.354	-78.241	-71.292	-87.648	-88.229	-87.343
-74.354	-78.241	-71.292	-87.648	-88.229	-87.343
-74.354	-78.241	-71.292	-87.648	-88.229	-87.343
-74.354	-78.241	-71.292	-87.648	-88.229	-87.343
-74.354	-78.241	-71.292	-87.648	-88.229	-87.343
-74.354	-78.241	-71.292	-87.648	-88.229	-87.343
-74.354	-78.241	-71.292	-87.648	-88.229	-87.343
-74.354	-78.241	-71.292	-87.648	-88.229	-87.343
-74.354	-78.241	-71.292	-87.648	-88.229	-87.343
-74.354	-78.241	-71.292	-87.648	-88.229	-87.343
-74.354	-78.241	-71.292	-87.648	-88.229	-87.343
-74.354	-78.241	-71.292	-87.648	-88.229	-87.343
-74.354	-78.241	-71.292	-87.648	-88.229	-87.343
-74.354	-78.241	-71.292	-87.648	-88.229	-87.343
-74.354	-78.241	-71.292	-87.648	-88.229	-87.343
-74.354	-78.241	-71.292	-87.648	-88.229	-87.343
-74.354	-78.241	-71.292	-87.648	-88.229	-87.343
-74.354	-78.241	-71.292	-87.648	-88.229	-87.343
-74.354	-78.241	-71.292	-87.648	-88.229	-87.343
-74.354	-78.241	-71.292	-87.648	-88.229	-87.343
-74.354	-78.241	-71.292	-87.648	-88.229	-87.343
-74.354	-78.241	-71.292	-87.648	-88.229	-87.343
-74.354	-78.241	-71.292	-87.648	-88.229	-87.343
-74.354	-78.241	-71.292	-87.648	-88.229	-87.343
-74.354	-78.232	-71.292	-87.648	-88.229	-87.343
-74.354	-78.232	-71.292	-87.648	-88.229	-87.343
-74.354	-78.232	-71.292	-87.648	-88.229	-87.342
-74.354	-78.232	-71.292	-87.648	-88.229	-87.342
-74.354	-78.232	-71.292	-87.648	-88.229	-87.342
-74.354	-78.232	-71.292	-87.648	-88.229	-87.342
-74.354	-78.232	-71.292	-87.648	-88.229	-87.342
-74.354	-78.232	-71.292	-87.648	-88.229	-87.342
-74.354	-78.232	-71.292	-87.648	-88.229	-87.342
-74.354	-78.232	-71.292	-87.648	-88.229	-87.342
-74.354	-78.232	-71.292	-87.648	-88.229	-87.342
-74.354	-78.232	-71.292	-87.648	-88.229	-87.342
-74.354	-78.232	-71.292	-87.648	-88.229	-87.342
-74.354	-78.232	-71.292	-87.648	-88.229	-87.342
-74.354	-78.232	-71.292	-87.648	-88.229	-87.342
-74.354	-78.232	-71.292	-87.648	-88.229	-87.342
-74.354	-78.232	-71.292	-87.648	-88.229	-87.342
-74.354	-78.232	-71.292	-87.648	-88.229	-87.342
-74.354	-78.232	-71.292	-87.648	-88.229	-87.342
-74.354	-78.232	-71.292	-87.648	-88.229	-87.342
-74.354	-78.232	-71.292	-87.648	-88.229	-87.342
-74.353	-78.232	-71.292	-87.648	-88.229	-87.342
-74.353	-78.232	-71.292	-87.648	-88.229	-87.342
-74.353	-78.232	-71.292	-87.648	-88.229	-87.342
-74.353	-78.232	-71.292	-87.648	-88.229	-87.342
-74.353	-78.232	-71.292	-87.648	-88.229	-87.342
-74.353	-78.232	-71.292	-87.648	-88.229	-87.342
-74.353	-78.232	-71.292	-87.648	-88.229	-87.342
-74.353	-78.232	-71.292	-87.648	-88.229	-87.342
-74.353	-78.232	-71.292	-87.648	-88.229	-87.342
-74.353	-78.232	-71.292	-87.648	-88.229	-87.342
-74.353	-78.232	-71.292	-87.648	-88.229	-87.342
-74.353	-78.232	-71.292	-87.648	-88.229	-87.342
-74.353	-78.232	-71.292	-87.648	-88.229	-87.342
-74.353	-78.232	-71.292	-87.648	-88.229	-87.342
-74.353	-78.232	-71.292	-87.648	-88.229	-87.342
-74.353	-78.232	-71.292	-87.648	-88.229	-87.342
-74.353	-78.232	-71.292	-87.648	-88.229	-87.342
-74.353	-78.232	-71.292	-87.648	-88.229	-87.342
-74.353	-78.232	-71.292	-87.648	-88.229	-87.342
-74.353	-78.232	-71.292	-87.648	-88.229	-87.342
-74.353	-78.232	-71.292	-87.648	-88.229	-87.342
-74.353	-78.232	-71.292	-87.648	-88.229	-87.342
-74.353	-78.232	-71.292	-87.648	-88.229	-87.342
-74.353	-78.232	-71.292	-87.648	-88.229	-87.342
-74.353	-78.232	-71.292	-87.648	-88.229	-87.342
-74.353	-78.232	-71.292	-87.648	-88.229	-87.342
-74.353	-78.232	-71.292	-87.648	-88.229	-87.342
-74.353	-78.232	-71.292	-87.648	-88.229	-87.342
-74.353	-78.232	-71.292	-87.648	-88.229	-87.342
-74.353	-78.232	-71.292	-87.648	-88.229	-87.342
-74.353	-78.232	-71.292	-87.648	-88.229	-87.342
-74.353	-78.232	-71.292	-87.648	-88.229	-87.342
-74.353	-78.232	-71.292	-87.648	-88.229	-87.342
-74.353	-78.232	-71.292	-87.648	-88.229	-87.342
-74.353	-78.232	-71.292	-87.648	-88.229	-87.342
-74.353	-78.232	-71.292	-87.648	-88.229	-87.342
-74.353	-78.232	-71.292	-87.648	-88.229	-87.342
-74.353	-78.232	-71.292	-87.648	-88.229	-87.342
-74.353	-78.232	-71.292	-87.648	-88.229	-87.342
-74.353	-78.232	-71.292	-87.648	-88.229	-87.342
-74.353	-78.232	-71.292	-87.648	-88.229	-87.342
-74.353	-78.232	-71.292	-87.648	-88.229	-87.342
-74.353	-78.232	-71.292	-87.648	-88.229	-87.342
-74.353	-78.232	-71.292	-87.648	-88.229	-87.342
-74.353	-78.232	-71.292	-87.648	-88.229	-87.342
-74.353	-78.232	-71.292	-87.648	-88.229	-87.342
-74.353	-78.232	-71.292	-87.648	-88.229	-87.342
-74.353	-78.232	-71.292	-87.648	-88.229	-87.342
-74.353	-78.232	-71.292	-87.648	-88.229	-87.342
-74.353	-78.232	-71.292	-87.648	-88.229	-87.342
-74.353	-78.232	-71.292	-87.648	-88.229	-87.342
-74.353	-78.232	-71.292	-87.648	-88.229	-87.342
-74.353	-78.232	-71.292	-87.648	-88.229	-87.342
-74.353	-78.232	-71.292	-87.648	-88.229	-87.342
-74.353	-78.232	-71.292	-87.648	-88.229	-87.342
-74.353	-78.232	-71.292	-87.648	-88.229	-87.342
-74.353	-78.232	-71.292	-87.648	-88.229	-87.342
-74.353	-78.232	-71.292	-87.648	-88.229	-87.342
-74.353	-78.232	-71.292	-87.648	-88.229	-87.342
-74.353	-78.232	-71.292	-87.648	-88.229	-87.342
-74.353	-78.232	-71.292	-87.648	-88.229	-87.342
-74.353	-78.232	-71.292	-87.648	-88.229	-87.342
-74.353	-78.232	-71.292	-87.648	-88.229	-87.342
-74.353	-78.232	-71.292	-87.648	-88.229	-87.342
-74.353	-78.232	-71.292	-87.648	-88.229	-87.294
-74.353	-78.232	-71.292	-87.648	-88.229	-87.294
-74.353	-78.232	-71.292	-87.648	-88.229	-87.294
-74.353	-78.232	-71.292	-87.648	-88.229	-87.294
-74.353	-78.232	-71.292	-87.648	-88.229	-87.294
-74.353	-78.232	-71.292	-87.648	-88.229	-87.294
-74.353	-78.232	-71.292	-87.648	-88.229	-87.294
-74.353	-78.232	-71.292	-87.648	-88.229	-87.294
-74.353	-78.232	-71.292	-87.648	-88.229	-87.294
-74.353	-78.232	-71.292	-87.648	-88.229	-87.294
-74.353	-78.232	-71.292	-87.648	-88.229	-87.294
-74.353	-78.232	-71.292	-87.648	-88.229	-87.294
-74.353	-78.232	-71.292	-87.648	-88.229	-87.294
-74.353	-78.232	-71.292	-87.648	-88.229	-87.294
-74.353	-78.232	-71.292	-87.648	-88.229	-87.294
-74.353	-78.232	-71.292	-87.648	-88.229	-87.294
-74.353	-78.232	-71.292	-87.648	-88.229	-87.294
-74.353	-78.232	-71.292	-87.648	-88.229	-87.294
-74.353	-78.232	-71.292	-87.648	-88.229	-87.294
-74.353	-78.232	-71.292	-87.648	-88.229	-87.294
-74.353	-78.232	-71.292	-87.648	-88.229	-87.294
-74.353	-78.232	-71.292	-87.648	-88.229	-87.294
-74.353	-78.232	-71.292	-87.648	-88.229	-87.294
-74.353	-78.232	-71.292	-87.648	-88.229	-87.294
-74.353	-78.232	-71.292	-87.648	-88.229	-87.294
-74.353	-78.232	-71.292	-87.648	-88.229	-87.294
-74.353	-78.232	-71.292	-87.648	-88.229	-87.294
-74.353	-78.232	-71.292	-87.648	-88.229	-87.294
-74.353	-78.232	-71.292	-87.648	-88.229	-87.294
-74.353	-78.232	-71.292	-87.648	-88.229	-87.294
-74.353	-78.232	-71.292	-87.648	-88.229	-87.294
-74.353	-78.232	-71.292	-87.648	-88.229	-87.294
-74.353	-78.232	-71.292	-87.648	-88.229	-87.294
-74.353	-78.232	-71.292	-87.648	-88.229	-87.294
-74.353	-78.232	-71.292	-87.648	-88.229	-87.294
-74.353	-78.232	-71.292	-87.648	-88.229	-87.294
-74.352	-78.232	-71.292	-87.648	-88.229	-87.294
-74.352	-78.232	-71.292	-87.648	-88.229	-87.294
-74.352	-78.232	-71.292	-87.648	-88.229	-87.294
-74.352	-78.232	-71.292	-87.648	-88.229	-87.294
-74.352	-78.232	-71.292	-87.648	-88.229	-87.294
-74.352	-78.232	-71.292	-87.648	-88.229	-87.294
-74.352	-78.232	-71.292	-87.648	-88.229	-87.294
-74.352	-78.232	-71.292	-87.648	-88.229	-87.294
-74.352	-78.232	-71.292	-87.648	-88.229	-87.294
-74.352	-78.232	-71.292	-87.648	-88.229	-87.294
-74.352	-78.232	-71.292	-87.648	-88.229	-87.294
-74.352	-78.232	-71.292	-87.648	-88.229	-87.294
-74.352	-78.232	-71.292	-87.648	-88.229	-87.294
-74.352	-78.232	-71.292	-87.648	-88.229	-87.294
-74.352	-78.232	-71.292	-87.648	-88.229	-87.294
-74.352	-78.232	-71.292	-87.648	-88.229	-87.294
-74.352	-78.232	-71.292	-87.648	-88.229	-87.294
-74.352	-78.232	-71.292	-87.648	-88.229	-87.294
-74.352	-78.232	-71.292	-87.648	-88.229	-87.294
-74.352	-78.232	-71.292	-87.648	-88.229	-87.294
-74.352	-78.232	-71.292	-87.648	-88.229	-87.269
-74.352	-78.231	-71.292	-87.648	-88.229	-87.269
-74.352	-78.231	-71.292	-87.648	-88.229	-87.269
-74.352	-78.231	-71.292	-87.648	-88.229	-87.269
-74.352	-78.231	-71.292	-87.648	-88.229	-87.269
-74.352	-78.231	-71.292	-87.648	-88.229	-87.269
-74.352	-78.231	-71.292	-87.648	-88.229	-87.269
-74.352	-78.231	-71.292	-87.648	-88.229	-87.269
-74.352	-78.231	-71.292	-87.648	-88.229	-87.269
-74.352	-78.231	-71.292	-87.648	-88.229	-87.269
-74.352	-78.231	-71.292	-87.648	-88.229	-87.269
-74.352	-78.231	-71.292	-87.648	-88.229	-87.269
-74.352	-78.231	-71.292	-87.648	-88.229	-87.269
-74.352	-78.231	-71.292	-87.648	-88.229	-87.269
-74.352	-78.231	-71.292	-87.648	-88.229	-87.269
-74.352	-78.231	-71.292	-87.648	-88.229	-87.269
-74.352	-78.231	-71.292	-87.648	-88.229	-87.269
-74.352	-78.231	-71.292	-87.648	-88.229	-87.268
-74.352	-78.231	-71.292	-87.648	-88.229	-87.268
-74.352	-78.231	-71.292	-87.648	-88.229	-87.268
-74.352	-78.231	-71.292	-87.648	-88.229	-87.268
-74.352	-78.231	-71.292	-87.648	-88.229	-87.268
-74.352	-78.231	-71.292	-87.648	-88.229	-87.268
-74.352	-78.231	-71.292	-87.648	-88.229	-87.268
-74.352	-78.231	-71.292	-87.648	-88.229	-87.268
-74.352	-78.231	-71.292	-87.648	-88.229	-87.268
-74.352	-78.231	-71.292	-87.648	-88.229	-87.268
-74.352	-78.231	-71.292	-87.648	-88.229	-87.268
-74.352	-78.231	-71.292	-87.648	-88.229	-87.268
-74.352	-78.231	-71.292	-87.648	-88.229	-87.268
-74.352	-78.231	-71.292	-87.648	-88.229	-87.268
-74.352	-78.231	-71.292	-87.648	-88.229	-87.268
-74.352	-78.231	-71.292	-87.648	-88.229	-87.268
-74.352	-78.231	-71.292	-87.648	-88.229	-87.268
-74.352	-78.231	-71.292	-87.648	-88.229	-87.268
-74.352	-78.231	-71.292	-87.648	-88.229	-87.268
-74.352	-78.231	-71.292	-87.648	-88.229	-87.268
-74.352	-78.231	-71.292	-87.648	-88.229	-87.268
-74.352	-78.231	-71.292	-87.648	-88.229	-87.268
-74.352	-78.231	-71.292	-87.648	-88.229	-87.268
-74.352	-78.231	-71.292	-87.648	-88.229	-87.268
-74.352	-78.231	-71.292	-87.648	-88.229	-87.268
-74.352	-78.231	-71.292	-87.648	-88.229	-87.268
-74.352	-78.231	-71.292	-87.648	-88.229	-87.268
-74.352	-78.231	-71.292	-87.648	-88.229	-87.268
-74.352	-78.231	-71.292	-87.648	-88.229	-87.268
-74.352	-78.231	-71.292	-87.648	-88.229	-87.268
-74.352	-78.231	-71.292	-87.648	-88.229	-87.268
-74.352	-78.231	-71.292	-87.648	-88.229	-87.268
-74.352	-78.231	-71.292	-87.648	-88.229	-87.268
-74.352	-78.231	-71.292	-87.648	-88.229	-87.268
-74.352	-78.231	-71.292	-87.648	-88.229	-87.268
-74.352	-78.231	-71.292	-87.648	-88.229	-87.268
-74.352	-78.231	-71.292	-87.648	-88.229	-87.268
-74.352	-78.231	-71.292	-87.648	-88.229	-87.268
-74.352	-78.231	-71.292	-87.648	-88.229	-87.268
-74.352	-78.231	-71.292	-87.648	-88.229	-87.268
-74.352	-78.231	-71.292	-87.648	-88.229	-87.268
-74.352	-78.231	-71.292	-87.648	-88.229	-87.268
-74.352	-78.231	-71.292	-87.648	-88.229	-87.268
-74.352	-78.231	-71.292	-87.648	-88.229	-87.268
-74.352	-78.231	-71.292	-87.648	-88.229	-87.268
-74.352	-78.231	-71.292	-87.648	-88.229	-87.268
-74.352	-78.231	-71.292	-87.648	-88.229	-87.268
-74.352	-78.231	-71.292	-87.648	-88.229	-87.268
-74.352	-78.231	-71.292	-87.648	-88.229	-87.268
-74.352	-78.231	-71.292	-87.648	-88.229	-87.268
-74.352	-78.231	-71.292	-87.648	-88.229	-87.268
-74.352	-78.231	-71.292	-87.648	-88.229	-87.268
-74.352	-78.231	-71.292	-87.648	-88.229	-87.268
-74.352	-78.231	-71.292	-87.648	-88.229	-87.266
-74.352	-78.231	-71.292	-87.648	-88.229	-87.266
-74.352	-78.231	-71.292	-87.648	-88.229	-87.266
-74.352	-78.231	-71.292	-87.648	-88.229	-87.266
-74.352	-78.231	-71.292	-87.648	-88.229	-87.266
-74.352	-78.231	-71.292	-87.648	-88.229	-87.266
-74.352	-78.231	-71.292	-87.648	-88.229	-87.266
-74.352	-78.231	-71.292	-87.648	-88.229	-87.266
-74.352	-78.231	-71.292	-87.648	-88.229	-87.266
-74.352	-78.231	-71.292	-87.648	-88.229	-87.266
-74.352	-78.231	-71.292	-87.648	-88.229	-87.266
-74.352	-78.231	-71.292	-87.648	-88.229	-87.266
-74.352	-78.231	-71.292	-87.648	-88.229	-87.266
-74.352	-78.231	-71.292	-87.648	-88.229	-87.266
-74.352	-78.231	-71.292	-87.648	-88.229	-87.266
-74.352	-78.231	-71.292	-87.648	-88.229	-87.266
-74.352	-78.231	-71.292	-87.648	-88.229	-87.266
-74.352	-78.231	-71.292	-87.648	-88.229	-87.251
-74.352	-78.231	-71.292	-87.648	-88.229	-87.251
-74.352	-78.231	-71.292	-87.648	-88.229	-87.251
-74.352	-78.231	-71.292	-87.648	-88.229	-87.251
-74.352	-78.231	-71.292	-87.648	-88.229	-87.251
-74.352	-78.231	-71.292	-87.648	-88.229	-87.251
-74.352	-78.231	-71.292	-87.648	-88.229	-87.251
-74.352	-78.231	-71.292	-87.648	-88.229	-87.251
-74.352	-78.231	-71.292	-87.648	-88.229	-87.251
-74.352	-78.231	-71.292	-87.648	-88.229	-87.251
-74.352	-78.231	-71.292	-87.648	-88.229	-87.251
-74.352	-78.231	-71.292	-87.648	-88.229	-87.251
-74.352	-78.231	-71.292	-87.648	-88.229	-87.251
-74.352	-78.231	-71.292	-87.648	-88.229	-87.246
-74.352	-78.231	-71.292	-87.648	-88.229	-87.246
-74.352	-78.231	-71.292	-87.648	-88.229	-87.246
-74.352	-78.231	-71.292	-87.648	-88.229	-87.246
-74.352	-78.231	-71.292	-87.648	-88.229	-87.246
-74.352	-78.231	-71.292	-87.648	-88.229	-87.246
-74.352	-78.231	-71.292	-87.648	-88.229	-87.246
-74.352	-78.231	-71.292	-87.648	-88.229	-87.246
-74.352	-78.231	-71.292	-87.648	-88.229	-87.246
-74.352	-78.231	-71.292	-87.648	-88.229	-87.246
-74.352	-78.231	-71.292	-87.648	-88.229	-87.246
-74.352	-78.231	-71.292	-87.648	-88.229	-87.246
-74.351	-78.231	-71.292	-87.648	-88.229	-87.246
-74.351	-78.231	-71.292	-87.648	-88.229	-87.246
-74.351	-78.231	-71.292	-87.648	-88.229	-87.246
-74.351	-78.231	-71.292	-87.648	-88.229	-87.246
-74.351	-78.231	-71.292	-87.648	-88.229	-87.246
-74.351	-78.231	-71.292	-87.648	-88.229	-87.246
-74.351	-78.231	-71.292	-87.648	-88.229	-87.246
-74.351	-78.231	-71.292	-87.648	-88.229	-87.246
-74.351	-78.231	-71.292	-87.648	-88.229	-87.246
-74.351	-78.231	-71.292	-87.648	-88.229	-87.246
-74.351	-78.231	-71.292	-87.648	-88.229	-87.246
-74.351	-78.231	-71.292	-87.648	-88.229	-87.246
-74.351	-78.231	-71.292	-87.648	-88.229	-87.246
-74.351	-78.231	-71.292	-87.648	-88.229	-87.246
-74.35	-78.231	-71.292	-87.648	-88.229	-87.246
-74.35	-78.231	-71.292	-87.648	-88.229	-87.246
-74.35	-78.231	-71.292	-87.648	-88.229	-87.246
-74.35	-78.231	-71.292	-87.648	-88.229	-87.246
-74.35	-78.231	-71.292	-87.648	-88.229	-87.246
-74.35	-78.231	-71.292	-87.648	-88.229	-87.246
-74.35	-78.231	-71.292	-87.648	-88.229	-87.246
-74.35	-78.231	-71.292	-87.648	-88.229	-87.246
-74.35	-78.231	-71.292	-87.648	-88.229	-87.246
-74.35	-78.231	-71.292	-87.648	-88.229	-87.246
-74.35	-78.231	-71.292	-87.648	-88.229	-87.246
-74.35	-78.231	-71.292	-87.648	-88.229	-87.246
-74.35	-78.231	-71.292	-87.648	-88.229	-87.246
-74.35	-78.231	-71.292	-87.648	-88.229	-87.246
-74.35	-78.231	-71.292	-87.648	-88.229	-87.246
-74.35	-78.231	-71.292	-87.648	-88.229	-87.246
-74.35	-78.231	-71.292	-87.648	-88.229	-87.246
-74.35	-78.231	-71.292	-87.648	-88.229	-87.246
-74.35	-78.231	-71.292	-87.648	-88.229	-87.246
-74.35	-78.231	-71.292	-87.648	-88.229	-87.246
-74.35	-78.231	-71.292	-87.648	-88.229	-87.246
-74.35	-78.231	-71.292	-87.648	-88.229	-87.246
-74.35	-78.231	-71.292	-87.648	-88.229	-87.246
-74.35	-78.231	-71.292	-87.648	-88.229	-87.246
-74.35	-78.231	-71.292	-87.648	-88.229	-87.246
-74.35	-78.231	-71.292	-87.648	-88.229	-87.246
-74.35	-78.231	-71.292	-87.648	-88.229	-87.246
-74.35	-78.231	-71.292	-87.648	-88.229	-87.245
-74.35	-78.231	-71.292	-87.648	-88.229	-87.245
-74.35	-78.231	-71.292	-87.648	-88.229	-87.245
-74.35	-78.231	-71.292	-87.648	-88.229	-87.245
-74.35	-78.231	-71.292	-87.648	-88.229	-87.245
-74.35	-78.231	-71.292	-87.648	-88.229	-87.245
-74.35	-78.231	-71.292	-87.648	-88.229	-87.245
-74.35	-78.231	-71.292	-87.648	-88.229	-87.245
-74.35	-78.231	-71.292	-87.648	-88.229	-87.245
-74.35	-78.231	-71.292	-87.648	-88.229	-87.245
-74.35	-78.231	-71.292	-87.648	-88.229	-87.245
-74.35	-78.231	-71.292	-87.648	-88.229	-87.245
-74.35	-78.231	-71.292	-87.648	-88.229	-87.245
-74.35	-78.231	-71.292	-87.648	-88.229	-87.245
-74.35	-78.231	-71.292	-87.648	-88.229	-87.245
-74.35	-78.231	-71.292	-87.648	-88.229	-87.245
-74.35	-78.231	-71.292	-87.648	-88.229	-87.245
-74.35	-78.231	-71.292	-87.648	-88.229	-87.245
-74.35	-78.231	-71.292	-87.648	-88.229	-87.245
-74.35	-78.231	-71.292	-87.648	-88.229	-87.245
-74.35	-78.231	-71.292	-87.648	-88.229	-87.245
-74.35	-78.231	-71.292	-87.648	-88.229	-87.245
-74.35	-78.231	-71.292	-87.648	-88.229	-87.245
-74.35	-78.231	-71.292	-87.648	-88.229	-87.245
-74.35	-78.231	-71.292	-87.648	-88.229	-87.245
-74.35	-78.231	-71.292	-87.648	-88.229	-87.245
-74.35	-78.231	-71.292	-87.648	-88.229	-87.245
-74.35	-78.231	-71.292	-87.648	-88.229	-87.245
-74.35	-78.231	-71.292	-87.648	-88.229	-87.245
-74.35	-78.231	-71.292	-87.648	-88.229	-87.245
-74.35	-78.231	-71.292	-87.648	-88.229	-87.245
-74.35	-78.231	-71.292	-87.648	-88.229	-87.245
-74.35	-78.231	-71.292	-87.648	-88.229	-87.245
-74.35	-78.231	-71.292	-87.648	-88.229	-87.245
-74.35	-78.231	-71.292	-87.648	-88.229	-87.245
-74.35	-78.231	-71.292	-87.648	-88.229	-87.245
-74.35	-78.231	-71.292	-87.648	-88.229	-87.245
-74.35	-78.231	-71.292	-87.648	-88.229	-87.245
-74.35	-78.231	-71.292	-87.648	-88.229	-87.245
-74.35	-78.231	-71.292	-87.648	-88.229	-87.245
-74.35	-78.231	-71.292	-87.648	-88.229	-87.245
-74.35	-78.231	-71.292	-87.648	-88.229	-87.245
-74.35	-78.231	-71.292	-87.648	-88.229	-87.244
-74.35	-78.231	-71.292	-87.648	-88.229	-87.244
-74.35	-78.231	-71.292	-87.648	-88.229	-87.244
-74.35	-78.231	-71.292	-87.648	-88.229	-87.244
-74.35	-78.231	-71.292	-87.648	-88.229	-87.244
-74.35	-78.231	-71.292	-87.648	-88.229	-87.244
-74.35	-76.951	-71.292	-87.648	-88.229	-87.244
-74.35	-76.951	-71.292	-87.648	-88.229	-87.244
-74.35	-76.951	-71.292	-87.648	-88.229	-87.244
-74.35	-76.951	-71.292	-87.648	-88.229	-87.244
-74.35	-76.951	-71.292	-87.648	-88.229	-87.244
-74.35	-76.951	-71.292	-87.648	-88.229	-87.244
-74.35	-76.951	-71.292	-87.648	-88.229	-87.244
-74.35	-76.951	-71.292	-87.648	-88.229	-87.244
-74.35	-76.951	-71.292	-87.648	-88.229	-87.244
-74.35	-76.878	-71.292	-87.648	-88.229	-87.244
-74.35	-76.878	-71.292	-87.648	-88.229	-87.244
-74.35	-76.836	-71.292	-87.648	-88.229	-87.244
-74.35	-76.836	-71.292	-87.648	-88.229	-87.244
-74.35	-76.836	-71.292	-87.648	-88.174	-87.244
-74.35	-76.836	-71.292	-87.648	-88.174	-87.244
-74.35	-76.836	-71.292	-87.648	-88.174	-87.244
-74.35	-76.836	-71.292	-87.648	-88.174	-87.244
-74.35	-76.836	-71.292	-87.648	-88.174	-87.244
-74.35	-76.836	-71.292	-87.648	-88.174	-87.244
-74.35	-76.836	-71.292	-87.648	-88.174	-87.244
-74.35	-76.836	-71.292	-87.648	-88.174	-87.244
-74.35	-76.836	-71.292	-87.648	-88.174	-87.244
-74.31	-76.822	-71.292	-87.648	-88.146	-87.244
-74.31	-76.822	-71.292	-87.648	-88.146	-87.244
-74.31	-76.822	-71.292	-87.648	-88.146	-87.244
-74.31	-76.822	-71.292	-87.648	-88.146	-87.244
-74.31	-76.822	-71.292	-87.648	-88.146	-87.244
-74.31	-76.822	-71.292	-87.648	-88.145	-87.244
-74.31	-76.822	-71.292	-87.648	-88.145	-87.244
-74.31	-76.822	-71.292	-87.648	-88.145	-87.244
-74.31	-76.822	-71.292	-87.648	-88.145	-87.244
-74.31	-76.822	-71.292	-87.648	-88.134	-87.244
-74.31	-76.822	-71.292	-87.648	-88.134	-87.244
-74.31	-76.822	-71.292	-87.648	-88.134	-87.244
-74.31	-76.822	-71.292	-87.648	-88.114	-87.244
-74.31	-76.822	-71.292	-87.648	-88.111	-87.244
-74.31	-76.822	-71.292	-87.648	-88.111	-87.244
-74.31	-76.822	-71.292	-87.648	-88.111	-87.244
-74.31	-76.822	-71.292	-87.648	-88.111	-87.244
-74.31	-76.822	-71.292	-87.648	-88.111	-87.244
-74.31	-76.822	-71.292	-87.648	-88.111	-87.244
-74.31	-76.822	-71.292	-87.648	-88.111	-87.244
-74.31	-76.822	-71.292	-87.648	-88.111	-87.244
-74.31	-76.822	-71.292	-87.648	-88.111	-87.244
-74.31	-76.822	-71.292	-87.648	-88.111	-87.244
-74.31	-76.822	-71.292	-87.648	-88.111	-87.244
-74.31	-76.822	-71.292	-87.644	-88.089	-87.244
-74.31	-76.822	-71.292	-87.644	-88.089	-87.244
-74.31	-76.822	-71.292	-87.644	-88.089	-87.244
-74.31	-76.822	-71.292	-87.644	-88.089	-87.244
-74.31	-76.822	-71.292	-87.644	-88.089	-87.244
-74.31	-76.822	-71.292	-87.64	-88.089	-87.244
-74.31	-76.822	-71.292	-87.64	-88.089	-87.244
-74.31	-76.822	-71.292	-87.64	-88.089	-87.244
-74.31	-76.822	-71.292	-87.639	-88.089	-87.244
-74.31	-76.822	-71.292	-87.63	-88.089	-87.244
-74.31	-76.822	-71.244	-87.63	-88.089	-87.244
-74.304	-76.822	-71.244	-87.63	-88.089	-87.244
-74.298	-76.822	-71.244	-87.63	-88.089	-87.244
-74.298	-76.822	-71.244	-87.63	-88.089	-87.244
-74.298	-76.822	-71.244	-87.627	-88.089	-87.244
-74.298	-76.822	-71.244	-87.627	-88.089	-87.244
-74.298	-76.822	-71.244	-87.627	-88.089	-87.244
-74.298	-76.822	-71.244	-87.627	-88.089	-87.244
-74.298	-76.822	-71.244	-87.627	-88.089	-87.244
-74.298	-76.822	-71.244	-87.627	-88.083	-87.244
-74.298	-76.822	-71.244	-87.627	-88.083	-87.244
-74.298	-76.822	-71.244	-87.627	-88.083	-87.244
-74.298	-76.822	-71.244	-87.627	-88.083	-87.244
-74.298	-76.822	-71.244	-87.627	-88.083	-87.244
-74.298	-76.822	-71.244	-87.622	-88.083	-87.244
-74.298	-76.822	-71.244	-87.622	-88.083	-87.244
-74.298	-76.822	-71.244	-87.622	-88.083	-87.244
-74.298	-76.822	-71.244	-87.622	-88.083	-87.244
-74.298	-76.822	-71.244	-87.622	-88.083	-87.244
-74.298	-76.822	-71.244	-87.622	-88.083	-87.244
-74.298	-76.822	-71.244	-87.622	-88.083	-87.244
-74.298	-76.822	-71.244	-87.622	-88.083	-87.244
-74.298	-76.822	-71.244	-87.622	-88.083	-87.244
-74.298	-76.822	-71.244	-87.622	-88.083	-87.244
-74.298	-76.822	-71.244	-87.622	-88.083	-87.244
-74.298	-76.822	-71.243	-87.622	-88.083	-87.244
-74.298	-76.822	-71.243	-87.622	-88.083	-87.244
-74.298	-76.822	-71.243	-87.622	-88.083	-87.244
-74.298	-76.822	-71.243	-87.622	-88.083	-87.244
-74.298	-76.822	-71.243	-87.622	-88.083	-87.244
-74.298	-76.822	-71.243	-87.622	-88.083	-87.244
-74.298	-76.822	-71.243	-87.622	-88.083	-87.244
-74.298	-76.822	-71.243	-87.622	-88.083	-87.244
-74.298	-76.822	-71.243	-87.622	-88.083	-87.244
-74.298	-76.822	-71.243	-87.622	-88.083	-87.244
-74.298	-76.822	-71.243	-87.622	-88.083	-87.244
-74.298	-76.822	-71.243	-87.622	-88.083	-87.244
-74.298	-76.822	-71.243	-87.622	-88.083	-87.244
-74.298	-76.822	-71.243	-87.622	-88.083	-87.244
-74.298	-76.822	-71.243	-87.622	-88.083	-87.244
-74.298	-76.822	-71.205	-87.622	-88.083	-87.244
-74.298	-76.822	-71.205	-87.622	-88.083	-87.244
-74.298	-76.822	-71.205	-87.622	-88.083	-87.244
-74.298	-76.822	-71.205	-87.622	-88.083	-87.244
-74.298	-76.822	-71.205	-87.622	-88.083	-87.244
-74.298	-76.822	-71.205	-87.622	-88.083	-87.244
-74.298	-76.822	-71.205	-87.622	-88.083	-87.244
-74.298	-76.822	-71.205	-87.622	-88.083	-87.244
-74.298	-76.822	-71.204	-87.622	-88.083	-87.244
-74.298	-76.822	-71.204	-87.622	-88.083	-87.244
-74.298	-76.822	-71.203	-87.622	-88.083	-87.244
-74.298	-76.822	-71.203	-87.622	-88.083	-87.244
-74.298	-76.822	-71.203	-87.619	-88.083	-87.244
-74.298	-76.822	-71.203	-87.614	-88.083	-87.244
-74.298	-76.822	-71.203	-87.614	-88.083	-87.244
-74.298	-76.822	-71.203	-87.614	-88.083	-87.244
-74.298	-76.822	-71.203	-87.61	-88.083	-87.244
-74.298	-76.822	-71.203	-87.61	-88.083	-87.244
-74.298	-76.822	-71.203	-87.61	-88.083	-87.244
-74.203	-76.822	-71.203	-87.61	-88.083	-87.244
-74.203	-76.822	-71.203	-87.61	-88.083	-87.244
-74.203	-76.822	-66.513	-87.61	-88.083	-87.244
-74.203	-76.822	-66.451	-87.61	-88.083	-87.244
-74.203	-76.822	-66.451	-87.61	-88.083	-87.244
-74.203	-76.822	-66.451	-87.61	-88.083	-87.244
-74.142	-76.822	-66.366	-87.61	-88.083	-87.244
-74.142	-76.822	-66.366	-87.61	-88.083	-87.244
-74.142	-76.822	-66.366	-87.61	-88.083	-87.244
-74.142	-76.822	-65.763	-87.61	-88.083	-87.244
-74.142	-76.822	-65.763	-87.61	-88.083	-87.244
-74.142	-76.822	-65.741	-87.61	-88.083	-87.244
-74.142	-76.822	-65.741	-87.61	-88.083	-87.244
-74.142	-76.822	-65.741	-87.61	-88.083	-87.244
-74.142	-76.822	-65.671	-87.61	-88.083	-87.244
-74.142	-76.822	-65.671	-87.61	-88.083	-87.244
-74.142	-76.822	-65.614	-87.61	-88.083	-87.244
-74.142	-76.822	-65.614	-87.61	-88.083	-87.244
-74.142	-76.822	-65.614	-87.61	-88.083	-87.244
-74.142	-76.822	-65.614	-87.61	-88.083	-87.244
-74.142	-76.822	-65.614	-87.61	-88.083	-87.244
-74.142	-76.822	-65.614	-87.61	-88.083	-87.244
-74.142	-76.822	-65.614	-87.574	-88.07	-87.244
-74.142	-76.822	-65.341	-87.574	-88.07	-87.244
-74.142	-76.822	-65.341	-87.574	-88.07	-87.244
-74.142	-76.822	-65.341	-87.55	-88.07	-87.244
-74.142	-76.822	-65.341	-87.55	-88.07	-87.244
-74.142	-76.822	-65.341	-87.55	-88.07	-87.244
-74.142	-76.822	-65.341	-87.55	-88.07	-87.244
-74.142	-76.822	-65.341	-87.55	-88.07	-87.244
-74.142	-76.822	-65.341	-87.55	-88.07	-87.244
-74.142	-76.822	-65.341	-87.55	-88.07	-87.244
-74.142	-76.822	-65.297	-87.55	-88.07	-87.244
-74.142	-76.822	-65.297	-87.55	-88.07	-87.244
-74.142	-76.822	-65.278	-87.55	-88.07	-87.244
-74.142	-76.822	-65.278	-87.55	-88.07	-87.244
-74.142	-76.822	-65.274	-87.55	-88.07	-87.244
-74.142	-76.822	-65.086	-87.55	-88.07	-87.244
-74.142	-76.822	-65.072	-87.55	-88.07	-87.244
-74.142	-76.822	-65.072	-87.545	-88.07	-87.244
-74.139	-76.822	-63.154	-87.545	-88.07	-87.244
-74.139	-76.822	-63.154	-87.545	-88.07	-87.244
-74.139	-76.822	-63.154	-87.545	-88.07	-87.244
-74.139	-76.822	-63.154	-87.538	-88.07	-87.244
-74.139	-76.822	-63.154	-87.538	-88.07	-87.244
-74.139	-76.822	-63.1	-87.538	-88.07	-87.244
-74.139	-76.822	-63.1	-87.538	-88.07	-87.244
-74.139	-76.822	-63.1	-87.538	-88.07	-87.244
-74.139	-76.822	-63.1	-87.538	-88.07	-87.244
-74.139	-76.822	-63.1	-87.538	-88.07	-87.244
-74.139	-76.822	-63.1	-87.538	-88.07	-87.244
-74.139	-76.822	-63.1	-87.538	-88.07	-87.244
-74.139	-76.822	-63.1	-87.538	-88.068	-87.244
-74.139	-76.822	-63.1	-87.536	-88.068	-87.244
-74.139	-76.822	-63.084	-87.535	-88.068	-87.244
-74.139	-76.822	-62.947	-87.535	-88.068	-87.244
-74.139	-76.822	-62.947	-87.535	-88.067	-87.244
-74.132	-76.822	-62.947	-87.535	-88.067	-87.244
-74.132	-76.822	-62.947	-87.535	-88.067	-87.244
-74.132	-76.822	-62.573	-87.535	-88.067	-87.244
-74.132	-76.822	-62.573	-87.524	-88.067	-87.244
-74.132	-76.822	-62.573	-87.524	-88.067	-87.244
-74.132	-76.822	-62.573	-87.524	-88.067	-87.244
-74.132	-76.822	-62.534	-87.524	-88.06	-87.244
-74.132	-76.822	-62.534	-87.524	-88.06	-87.244
-74.132	-76.822	-62.505	-87.519	-88.06	-87.244
-74.132	-76.822	-62.505	-87.519	-88.06	-87.244
-74.132	-76.822	-62.505	-87.519	-88.06	-87.244
-74.132	-76.822	-62.486	-87.519	-88.06	-87.244
-74.132	-76.822	-62.486	-87.519	-88.06	-87.244
-74.132	-76.822	-62.028	-87.519	-88.06	-87.244
-74.132	-76.822	-62.028	-87.517	-88.06	-87.244
-74.132	-76.822	-62.028	-87.517	-88.06	-87.244
-74.132	-76.822	-62.028	-87.517	-88.06	-87.244
-74.132	-76.822	-62.028	-87.517	-88.06	-87.244
-74.132	-76.822	-62.028	-87.517	-88.06	-87.244
-74.132	-76.822	-62.028	-87.514	-88.06	-87.244
-74.132	-76.822	-62.028	-87.514	-88.058	-87.244
-74.132	-76.822	-62.028	-87.514	-88.058	-87.244
-74.132	-76.822	-61.953	-87.495	-88.058	-87.244
-74.132	-76.822	-61.953	-87.495	-88.058	-87.244
-74.132	-76.822	-61.953	-87.495	-88.058	-87.244
-74.132	-76.822	-61.953	-87.495	-88.058	-87.244
-74.096	-76.822	-61.953	-87.495	-88.058	-87.244
-74.096	-76.822	-61.953	-87.495	-88.058	-87.244
-74.096	-76.822	-61.953	-87.495	-88.058	-87.244
-74.096	-76.822	-61.953	-87.486	-88.058	-87.244
-74.096	-76.822	-61.953	-87.486	-88.058	-87.244
-74.096	-76.822	-61.953	-87.486	-88.058	-87.244
-74.096	-76.822	-61.953	-87.486	-88.058	-87.244
-74.096	-76.822	-61.953	-87.486	-88.058	-87.244
-74.096	-76.822	-61.953	-87.486	-88.058	-87.244
-74.096	-76.822	-61.953	-87.486	-88.058	-87.244
